officer_id,name,rank,badge_number,station,district_id,is_active,roles,created_at,updated_at,created_by,updated_by
OFF-0001,Omaja Wagle,CIRCLE_INSPECTOR,KSP-01-0001,Bagalkot Police Station 3,42963000000035012,true,INVESTIGATOR,2026-07-15 14:36:44,2026-07-15 14:36:44,SYSTEM_SEED,SYSTEM_SEED
OFF-0002,Lipika Kibe,CIRCLE_INSPECTOR,KSP-02-0002,Ballari Police Station 3,42963000000035013,true,INVESTIGATOR,2026-07-15 14:36:44,2026-07-15 14:36:44,SYSTEM_SEED,SYSTEM_SEED
OFF-0003,Samar Narayanan,CIRCLE_INSPECTOR,KSP-HQ-0003,State Police HQ,,true,SUPERVISOR,2026-07-15 14:36:44,2026-07-15 14:36:44,SYSTEM_SEED,SYSTEM_SEED
OFF-0004,Bhagyalakshmi Rai,DEPUTY_SUPERINTENDENT,KSP-HQ-0004,State Police HQ,,true,ANALYST,2026-07-15 14:36:44,2026-07-15 14:36:44,SYSTEM_SEED,SYSTEM_SEED
OFF-0005,Shivani Prabhakar,SUB_INSPECTOR,KSP-05-0005,Bengaluru Urban Police Station 2,42963000000035016,true,INVESTIGATOR,2026-07-15 14:36:44,2026-07-15 14:36:44,SYSTEM_SEED,SYSTEM_SEED
OFF-0006,Bhagyalakshmi Nayak,DEPUTY_SUPERINTENDENT,KSP-06-0006,Bidar Police Station 4,42963000000035017,true,INVESTIGATOR,2026-07-15 14:36:44,2026-07-15 14:36:44,SYSTEM_SEED,SYSTEM_SEED
OFF-0007,Rayaan Behl,INSPECTOR,KSP-HQ-0007,State Police HQ,,true,ANALYST,2026-07-15 14:36:44,2026-07-15 14:36:44,SYSTEM_SEED,SYSTEM_SEED
OFF-0008,Parvatamma Kulkarni,CIRCLE_INSPECTOR,KSP-08-0008,Chikballapur Police Station 4,42963000000035019,true,INVESTIGATOR,2026-07-15 14:36:44,2026-07-15 14:36:44,SYSTEM_SEED,SYSTEM_SEED
OFF-0009,Krishna Baral,DEPUTY_SUPERINTENDENT,KSP-HQ-0009,State Police HQ,,true,SUPERVISOR,2026-07-15 14:36:44,2026-07-15 14:36:44,SYSTEM_SEED,SYSTEM_SEED
OFF-0010,Raghav Kalla,CIRCLE_INSPECTOR,KSP-10-0010,Chitradurga Police Station 5,42963000000035021,true,INVESTIGATOR,2026-07-15 14:36:44,2026-07-15 14:36:44,SYSTEM_SEED,SYSTEM_SEED
OFF-0011,Sathvik Natarajan,CIRCLE_INSPECTOR,KSP-11-0011,Dakshina Kannada Police Station 5,42963000000035022,true,INVESTIGATOR,2026-07-15 14:36:44,2026-07-15 14:36:44,SYSTEM_SEED,SYSTEM_SEED
OFF-0012,Alexander Kakar,INSPECTOR,KSP-12-0012,Davanagere Police Station 5,42963000000035023,true,INVESTIGATOR,2026-07-15 14:36:44,2026-07-15 14:36:44,SYSTEM_SEED,SYSTEM_SEED
OFF-0013,Jacob Srinivas,CIRCLE_INSPECTOR,KSP-13-0013,Dharwad Police Station 1,42963000000035024,true,INVESTIGATOR,2026-07-15 14:36:44,2026-07-15 14:36:44,SYSTEM_SEED,SYSTEM_SEED
OFF-0014,Samarth Ranganathan,CIRCLE_INSPECTOR,KSP-HQ-0014,State Police HQ,,true,POLICYMAKER,2026-07-15 14:36:44,2026-07-15 14:36:44,SYSTEM_SEED,SYSTEM_SEED
OFF-0015,Jayamma Nayak,INSPECTOR,KSP-15-0015,Hassan Police Station 5,42963000000035026,true,INVESTIGATOR,2026-07-15 14:36:44,2026-07-15 14:36:44,SYSTEM_SEED,SYSTEM_SEED
OFF-0016,Ekanta Mandal,INSPECTOR,KSP-16-0016,Haveri Police Station 5,42963000000035027,true,INVESTIGATOR,2026-07-15 14:36:44,2026-07-15 14:36:44,SYSTEM_SEED,SYSTEM_SEED
OFF-0017,Channabasappa Urs,CIRCLE_INSPECTOR,KSP-17-0017,Kalaburagi Police Station 1,42963000000035028,true,INVESTIGATOR,2026-07-15 14:36:44,2026-07-15 14:36:44,SYSTEM_SEED,SYSTEM_SEED
OFF-0018,Kariyappa Devadiga,INSPECTOR,KSP-18-0018,Kodagu Police Station 3,42963000000035029,true,INVESTIGATOR,2026-07-15 14:36:44,2026-07-15 14:36:44,SYSTEM_SEED,SYSTEM_SEED
OFF-0019,Unnati Walla,CIRCLE_INSPECTOR,KSP-HQ-0019,State Police HQ,,true,ANALYST,2026-07-15 14:36:44,2026-07-15 14:36:44,SYSTEM_SEED,SYSTEM_SEED
OFF-0020,Darika Lal,INSPECTOR,KSP-20-0020,Koppal Police Station 1,42963000000035031,true,INVESTIGATOR,2026-07-15 14:36:44,2026-07-15 14:36:44,SYSTEM_SEED,SYSTEM_SEED
OFF-0021,Gopalakrishna Setty,INSPECTOR,KSP-HQ-0021,State Police HQ,,true,POLICYMAKER,2026-07-15 14:36:44,2026-07-15 14:36:44,SYSTEM_SEED,SYSTEM_SEED
OFF-0022,Yochana Tank,SUB_INSPECTOR,KSP-22-0022,Mysuru Police Station 4,42963000000035033,true,INVESTIGATOR,2026-07-15 14:36:44,2026-07-15 14:36:44,SYSTEM_SEED,SYSTEM_SEED
OFF-0023,Guneet Singh,INSPECTOR,KSP-23-0023,Raichur Police Station 2,42963000000035034,true,INVESTIGATOR,2026-07-15 14:36:44,2026-07-15 14:36:44,SYSTEM_SEED,SYSTEM_SEED
OFF-0024,Pushpalatha Urs,CIRCLE_INSPECTOR,KSP-24-0024,Ramanagara Police Station 3,42963000000035035,true,INVESTIGATOR,2026-07-15 14:36:44,2026-07-15 14:36:44,SYSTEM_SEED,SYSTEM_SEED
OFF-0025,Lokesh Kulkarni,INSPECTOR,KSP-25-0025,Shivamogga Police Station 2,42963000000035036,true,SUPERVISOR,2026-07-15 14:36:44,2026-07-15 14:36:44,SYSTEM_SEED,SYSTEM_SEED
OFF-0026,Samar Prabhakar,DEPUTY_SUPERINTENDENT,KSP-26-0026,Tumakuru Police Station 4,42963000000035037,true,INVESTIGATOR,2026-07-15 14:36:44,2026-07-15 14:36:44,SYSTEM_SEED,SYSTEM_SEED
OFF-0027,Odika Bath,SUB_INSPECTOR,KSP-27-0027,Udupi Police Station 1,42963000000035038,true,INVESTIGATOR,2026-07-15 14:36:44,2026-07-15 14:36:44,SYSTEM_SEED,SYSTEM_SEED
OFF-0028,Gopalakrishna Nayak,SUB_INSPECTOR,KSP-28-0028,Uttara Kannada Police Station 3,42963000000035039,true,INVESTIGATOR,2026-07-15 14:36:44,2026-07-15 14:36:44,SYSTEM_SEED,SYSTEM_SEED
OFF-0029,Madhav Babu,SUB_INSPECTOR,KSP-HQ-0029,State Police HQ,,true,ANALYST,2026-07-15 14:36:44,2026-07-15 14:36:44,SYSTEM_SEED,SYSTEM_SEED
OFF-0030,Omisha Merchant,CIRCLE_INSPECTOR,KSP-30-0030,Yadgir Police Station 1,42963000000035041,true,INVESTIGATOR,2026-07-15 14:36:44,2026-07-15 14:36:44,SYSTEM_SEED,SYSTEM_SEED
OFF-0031,Rohan Narayan,CIRCLE_INSPECTOR,KSP-31-0031,Vijayanagara Police Station 2,42963000000035042,true,INVESTIGATOR,2026-07-15 14:36:44,2026-07-15 14:36:44,SYSTEM_SEED,SYSTEM_SEED
OFF-0032,Ravindranath Shetty,CIRCLE_INSPECTOR,KSP-01-0032,Bagalkot Police Station 5,42963000000035012,true,INVESTIGATOR,2026-07-15 14:36:44,2026-07-15 14:36:44,SYSTEM_SEED,SYSTEM_SEED
OFF-0033,Nagaveni Nayak,SUB_INSPECTOR,KSP-02-0033,Ballari Police Station 3,42963000000035013,true,INVESTIGATOR,2026-07-15 14:36:44,2026-07-15 14:36:44,SYSTEM_SEED,SYSTEM_SEED
OFF-0034,Veeranna Hegde,SUB_INSPECTOR,KSP-03-0034,Belagavi Police Station 5,42963000000035014,true,INVESTIGATOR,2026-07-15 14:36:44,2026-07-15 14:36:44,SYSTEM_SEED,SYSTEM_SEED
OFF-0035,Ladli Korpal,SUB_INSPECTOR,KSP-HQ-0035,State Police HQ,,true,SUPERVISOR,2026-07-15 14:36:44,2026-07-15 14:36:44,SYSTEM_SEED,SYSTEM_SEED
OFF-0036,Geetika Kurian,CIRCLE_INSPECTOR,KSP-05-0036,Bengaluru Urban Police Station 3,42963000000035016,true,INVESTIGATOR,2026-07-15 14:36:44,2026-07-15 14:36:44,SYSTEM_SEED,SYSTEM_SEED
OFF-0037,Yallappa Achar,INSPECTOR,KSP-HQ-0037,State Police HQ,,true,ANALYST,2026-07-15 14:36:44,2026-07-15 14:36:44,SYSTEM_SEED,SYSTEM_SEED
OFF-0038,Girijamma Rai,DEPUTY_SUPERINTENDENT,KSP-07-0038,Chamarajanagar Police Station 1,42963000000035018,true,INVESTIGATOR,2026-07-15 14:36:44,2026-07-15 14:36:44,SYSTEM_SEED,SYSTEM_SEED
OFF-0039,Pushpalatha Nayak,SUB_INSPECTOR,KSP-08-0039,Chikballapur Police Station 1,42963000000035019,true,INVESTIGATOR,2026-07-15 14:36:44,2026-07-15 14:36:44,SYSTEM_SEED,SYSTEM_SEED
OFF-0040,Kariyappa Reddy,DEPUTY_SUPERINTENDENT,KSP-09-0040,Chikkamagaluru Police Station 2,42963000000035020,true,INVESTIGATOR,2026-07-15 14:36:44,2026-07-15 14:36:44,SYSTEM_SEED,SYSTEM_SEED
OFF-0041,Vritti Sharma,DEPUTY_SUPERINTENDENT,KSP-10-0041,Chitradurga Police Station 5,42963000000035021,true,INVESTIGATOR,2026-07-15 14:36:44,2026-07-15 14:36:44,SYSTEM_SEED,SYSTEM_SEED
OFF-0042,Bhagyalakshmi Kulkarni,INSPECTOR,KSP-11-0042,Dakshina Kannada Police Station 5,42963000000035022,true,INVESTIGATOR,2026-07-15 14:36:44,2026-07-15 14:36:44,SYSTEM_SEED,SYSTEM_SEED
OFF-0043,Parvatamma Achar,INSPECTOR,KSP-HQ-0043,State Police HQ,,true,ANALYST,2026-07-15 14:36:44,2026-07-15 14:36:44,SYSTEM_SEED,SYSTEM_SEED
OFF-0044,Indira Gara,DEPUTY_SUPERINTENDENT,KSP-13-0044,Dharwad Police Station 1,42963000000035024,true,INVESTIGATOR,2026-07-15 14:36:44,2026-07-15 14:36:44,SYSTEM_SEED,SYSTEM_SEED
OFF-0045,Vrinda Gour,DEPUTY_SUPERINTENDENT,KSP-14-0045,Gadag Police Station 4,42963000000035025,true,INVESTIGATOR,2026-07-15 14:36:44,2026-07-15 14:36:44,SYSTEM_SEED,SYSTEM_SEED
OFF-0046,Siddalingaiah Naik,CIRCLE_INSPECTOR,KSP-15-0046,Hassan Police Station 3,42963000000035026,true,INVESTIGATOR,2026-07-15 14:36:44,2026-07-15 14:36:44,SYSTEM_SEED,SYSTEM_SEED
OFF-0047,Bhagyalakshmi Setty,CIRCLE_INSPECTOR,KSP-16-0047,Haveri Police Station 4,42963000000035027,true,INVESTIGATOR,2026-07-15 14:36:44,2026-07-15 14:36:44,SYSTEM_SEED,SYSTEM_SEED
OFF-0048,Bahadurjit Borde,SUB_INSPECTOR,KSP-17-0048,Kalaburagi Police Station 4,42963000000035028,true,INVESTIGATOR,2026-07-15 14:36:44,2026-07-15 14:36:44,SYSTEM_SEED,SYSTEM_SEED
OFF-0049,Pushpalatha Devadiga,INSPECTOR,KSP-18-0049,Kodagu Police Station 3,42963000000035029,true,INVESTIGATOR,2026-07-15 14:36:44,2026-07-15 14:36:44,SYSTEM_SEED,SYSTEM_SEED
OFF-0050,Abeer Sachar,INSPECTOR,KSP-19-0050,Kolar Police Station 5,42963000000035030,true,INVESTIGATOR,2026-07-15 14:36:44,2026-07-15 14:36:44,SYSTEM_SEED,SYSTEM_SEED
OFF-0051,Lokesh Rai,SUB_INSPECTOR,KSP-20-0051,Koppal Police Station 3,42963000000035031,true,INVESTIGATOR,2026-07-15 14:36:44,2026-07-15 14:36:44,SYSTEM_SEED,SYSTEM_SEED
OFF-0052,Vihaan Bir,DEPUTY_SUPERINTENDENT,KSP-HQ-0052,State Police HQ,,true,POLICYMAKER,2026-07-15 14:36:44,2026-07-15 14:36:44,SYSTEM_SEED,SYSTEM_SEED
OFF-0053,Aditya Kamdar,INSPECTOR,KSP-HQ-0053,State Police HQ,,true,POLICYMAKER,2026-07-15 14:36:44,2026-07-15 14:36:44,SYSTEM_SEED,SYSTEM_SEED
OFF-0054,Pushpalatha Reddy,SUB_INSPECTOR,KSP-23-0054,Raichur Police Station 3,42963000000035034,true,INVESTIGATOR,2026-07-15 14:36:44,2026-07-15 14:36:44,SYSTEM_SEED,SYSTEM_SEED
OFF-0055,Vasanthamma Reddy,DEPUTY_SUPERINTENDENT,KSP-24-0055,Ramanagara Police Station 5,42963000000035035,true,INVESTIGATOR,2026-07-15 14:36:44,2026-07-15 14:36:44,SYSTEM_SEED,SYSTEM_SEED
OFF-0056,Kashvi Bhasin,INSPECTOR,KSP-25-0056,Shivamogga Police Station 2,42963000000035036,true,INVESTIGATOR,2026-07-15 14:36:44,2026-07-15 14:36:44,SYSTEM_SEED,SYSTEM_SEED
OFF-0057,Vinaya Babu,SUB_INSPECTOR,KSP-26-0057,Tumakuru Police Station 5,42963000000035037,true,INVESTIGATOR,2026-07-15 14:36:44,2026-07-15 14:36:44,SYSTEM_SEED,SYSTEM_SEED
OFF-0058,Nisha Arora,SUB_INSPECTOR,KSP-27-0058,Udupi Police Station 5,42963000000035038,true,SUPERVISOR,2026-07-15 14:36:44,2026-07-15 14:36:44,SYSTEM_SEED,SYSTEM_SEED
OFF-0059,Anvi Wason,CIRCLE_INSPECTOR,KSP-28-0059,Uttara Kannada Police Station 5,42963000000035039,true,SUPERVISOR,2026-07-15 14:36:44,2026-07-15 14:36:44,SYSTEM_SEED,SYSTEM_SEED
OFF-0060,Nagaveni Naik,CIRCLE_INSPECTOR,KSP-29-0060,Vijayapura Police Station 4,42963000000035040,true,INVESTIGATOR,2026-07-15 14:36:44,2026-07-15 14:36:44,SYSTEM_SEED,SYSTEM_SEED
OFF-0061,Lokesh Nayak,DEPUTY_SUPERINTENDENT,KSP-HQ-0061,State Police HQ,,true,ANALYST,2026-07-15 14:36:44,2026-07-15 14:36:44,SYSTEM_SEED,SYSTEM_SEED
OFF-0062,Anay Thakkar,SUB_INSPECTOR,KSP-31-0062,Vijayanagara Police Station 1,42963000000035042,true,INVESTIGATOR,2026-07-15 14:36:44,2026-07-15 14:36:44,SYSTEM_SEED,SYSTEM_SEED
OFF-0063,Nagaraj Achar,SUB_INSPECTOR,KSP-01-0063,Bagalkot Police Station 2,42963000000035012,true,INVESTIGATOR,2026-07-15 14:36:44,2026-07-15 14:36:44,SYSTEM_SEED,SYSTEM_SEED
OFF-0064,Praneel Chhabra,DEPUTY_SUPERINTENDENT,KSP-02-0064,Ballari Police Station 5,42963000000035013,true,INVESTIGATOR,2026-07-15 14:36:44,2026-07-15 14:36:44,SYSTEM_SEED,SYSTEM_SEED
OFF-0065,Girijamma Achar,DEPUTY_SUPERINTENDENT,KSP-03-0065,Belagavi Police Station 2,42963000000035014,true,INVESTIGATOR,2026-07-15 14:36:44,2026-07-15 14:36:44,SYSTEM_SEED,SYSTEM_SEED
OFF-0066,Akkamahadevi Shetty,CIRCLE_INSPECTOR,KSP-04-0066,Bengaluru Rural Police Station 4,42963000000035015,true,INVESTIGATOR,2026-07-15 14:36:44,2026-07-15 14:36:44,SYSTEM_SEED,SYSTEM_SEED
OFF-0067,Manthan Khosla,CIRCLE_INSPECTOR,KSP-05-0067,Bengaluru Urban Police Station 1,42963000000035016,true,INVESTIGATOR,2026-07-15 14:36:44,2026-07-15 14:36:44,SYSTEM_SEED,SYSTEM_SEED
OFF-0068,Zayyan Pandya,DEPUTY_SUPERINTENDENT,KSP-06-0068,Bidar Police Station 2,42963000000035017,true,INVESTIGATOR,2026-07-15 14:36:44,2026-07-15 14:36:44,SYSTEM_SEED,SYSTEM_SEED
OFF-0069,Mekhala Brar,SUB_INSPECTOR,KSP-HQ-0069,State Police HQ,,true,ANALYST,2026-07-15 14:36:44,2026-07-15 14:36:44,SYSTEM_SEED,SYSTEM_SEED
OFF-0070,Nidra Sharaf,SUB_INSPECTOR,KSP-08-0070,Chikballapur Police Station 1,42963000000035019,true,INVESTIGATOR,2026-07-15 14:36:44,2026-07-15 14:36:44,SYSTEM_SEED,SYSTEM_SEED
OFF-0071,Upkaar Mital,CIRCLE_INSPECTOR,KSP-HQ-0071,State Police HQ,,true,ANALYST,2026-07-15 14:36:44,2026-07-15 14:36:44,SYSTEM_SEED,SYSTEM_SEED
OFF-0072,Azad Chander,SUB_INSPECTOR,KSP-10-0072,Chitradurga Police Station 2,42963000000035021,true,INVESTIGATOR,2026-07-15 14:36:44,2026-07-15 14:36:44,SYSTEM_SEED,SYSTEM_SEED
OFF-0073,Ladli Purohit,DEPUTY_SUPERINTENDENT,KSP-HQ-0073,State Police HQ,,true,ANALYST,2026-07-15 14:36:44,2026-07-15 14:36:44,SYSTEM_SEED,SYSTEM_SEED
OFF-0074,Daksh Andra,DEPUTY_SUPERINTENDENT,KSP-HQ-0074,State Police HQ,,true,ANALYST,2026-07-15 14:36:44,2026-07-15 14:36:44,SYSTEM_SEED,SYSTEM_SEED
OFF-0075,Fitan Tata,INSPECTOR,KSP-13-0075,Dharwad Police Station 2,42963000000035024,true,INVESTIGATOR,2026-07-15 14:36:44,2026-07-15 14:36:44,SYSTEM_SEED,SYSTEM_SEED
OFF-0076,Garima Chandran,INSPECTOR,KSP-14-0076,Gadag Police Station 5,42963000000035025,true,INVESTIGATOR,2026-07-15 14:36:44,2026-07-15 14:36:44,SYSTEM_SEED,SYSTEM_SEED
OFF-0077,Gangamma Kulkarni,DEPUTY_SUPERINTENDENT,KSP-15-0077,Hassan Police Station 2,42963000000035026,true,INVESTIGATOR,2026-07-15 14:36:44,2026-07-15 14:36:44,SYSTEM_SEED,SYSTEM_SEED
OFF-0078,Nagaraj Naik,SUB_INSPECTOR,KSP-16-0078,Haveri Police Station 1,42963000000035027,true,INVESTIGATOR,2026-07-15 14:36:44,2026-07-15 14:36:44,SYSTEM_SEED,SYSTEM_SEED
OFF-0079,Victor Kakar,INSPECTOR,KSP-HQ-0079,State Police HQ,,true,POLICYMAKER,2026-07-15 14:36:44,2026-07-15 14:36:44,SYSTEM_SEED,SYSTEM_SEED
OFF-0080,Anika Batra,INSPECTOR,KSP-18-0080,Kodagu Police Station 1,42963000000035029,true,INVESTIGATOR,2026-07-15 14:36:44,2026-07-15 14:36:44,SYSTEM_SEED,SYSTEM_SEED
OFF-0081,Lakshmamma Kulkarni,DEPUTY_SUPERINTENDENT,KSP-HQ-0081,State Police HQ,,true,POLICYMAKER,2026-07-15 14:36:44,2026-07-15 14:36:44,SYSTEM_SEED,SYSTEM_SEED
OFF-0082,Avni Bali,INSPECTOR,KSP-20-0082,Koppal Police Station 4,42963000000035031,true,INVESTIGATOR,2026-07-15 14:36:44,2026-07-15 14:36:44,SYSTEM_SEED,SYSTEM_SEED
OFF-0083,Divya Babu,DEPUTY_SUPERINTENDENT,KSP-21-0083,Mandya Police Station 4,42963000000035032,true,INVESTIGATOR,2026-07-15 14:36:44,2026-07-15 14:36:44,SYSTEM_SEED,SYSTEM_SEED
OFF-0084,Raghavendra Reddy,SUB_INSPECTOR,KSP-22-0084,Mysuru Police Station 5,42963000000035033,true,INVESTIGATOR,2026-07-15 14:36:44,2026-07-15 14:36:44,SYSTEM_SEED,SYSTEM_SEED
OFF-0085,Maanas Rao,INSPECTOR,KSP-23-0085,Raichur Police Station 5,42963000000035034,true,INVESTIGATOR,2026-07-15 14:36:44,2026-07-15 14:36:44,SYSTEM_SEED,SYSTEM_SEED
OFF-0086,Sujathamma Achar,CIRCLE_INSPECTOR,KSP-HQ-0086,State Police HQ,,true,ANALYST,2026-07-15 14:36:44,2026-07-15 14:36:44,SYSTEM_SEED,SYSTEM_SEED
OFF-0087,Chandani Gaba,DEPUTY_SUPERINTENDENT,KSP-25-0087,Shivamogga Police Station 3,42963000000035036,true,INVESTIGATOR,2026-07-15 14:36:44,2026-07-15 14:36:44,SYSTEM_SEED,SYSTEM_SEED
OFF-0088,Pushpalatha Urs,SUB_INSPECTOR,KSP-HQ-0088,State Police HQ,,true,ANALYST,2026-07-15 14:36:44,2026-07-15 14:36:44,SYSTEM_SEED,SYSTEM_SEED
OFF-0089,Lopa Zachariah,CIRCLE_INSPECTOR,KSP-HQ-0089,State Police HQ,,true,ANALYST,2026-07-15 14:36:44,2026-07-15 14:36:44,SYSTEM_SEED,SYSTEM_SEED
OFF-0090,Leena Dey,SUB_INSPECTOR,KSP-28-0090,Uttara Kannada Police Station 2,42963000000035039,true,INVESTIGATOR,2026-07-15 14:36:44,2026-07-15 14:36:44,SYSTEM_SEED,SYSTEM_SEED
OFF-0091,Xiti Pal,SUB_INSPECTOR,KSP-HQ-0091,State Police HQ,,true,ANALYST,2026-07-15 14:36:44,2026-07-15 14:36:44,SYSTEM_SEED,SYSTEM_SEED
OFF-0092,Guneet Sarkar,CIRCLE_INSPECTOR,KSP-30-0092,Yadgir Police Station 5,42963000000035041,true,INVESTIGATOR,2026-07-15 14:36:44,2026-07-15 14:36:44,SYSTEM_SEED,SYSTEM_SEED
OFF-0093,Bhagyalakshmi Bhat,SUB_INSPECTOR,KSP-31-0093,Vijayanagara Police Station 4,42963000000035042,true,SUPERVISOR,2026-07-15 14:36:44,2026-07-15 14:36:44,SYSTEM_SEED,SYSTEM_SEED
OFF-0094,Faqid Oak,DEPUTY_SUPERINTENDENT,KSP-HQ-0094,State Police HQ,,true,SUPERVISOR,2026-07-15 14:36:44,2026-07-15 14:36:44,SYSTEM_SEED,SYSTEM_SEED
OFF-0095,Eta Balan,DEPUTY_SUPERINTENDENT,KSP-HQ-0095,State Police HQ,,true,POLICYMAKER,2026-07-15 14:36:44,2026-07-15 14:36:44,SYSTEM_SEED,SYSTEM_SEED
OFF-0096,Shravya Swaminathan,CIRCLE_INSPECTOR,KSP-03-0096,Belagavi Police Station 3,42963000000035014,true,INVESTIGATOR,2026-07-15 14:36:44,2026-07-15 14:36:44,SYSTEM_SEED,SYSTEM_SEED
OFF-0097,Yashodamma Urs,CIRCLE_INSPECTOR,KSP-04-0097,Bengaluru Rural Police Station 5,42963000000035015,true,INVESTIGATOR,2026-07-15 14:36:44,2026-07-15 14:36:44,SYSTEM_SEED,SYSTEM_SEED
OFF-0098,Pushpalatha Achar,INSPECTOR,KSP-05-0098,Bengaluru Urban Police Station 5,42963000000035016,true,INVESTIGATOR,2026-07-15 14:36:44,2026-07-15 14:36:44,SYSTEM_SEED,SYSTEM_SEED
OFF-0099,Yallappa Setty,SUB_INSPECTOR,KSP-HQ-0099,State Police HQ,,true,SUPERVISOR,2026-07-15 14:36:44,2026-07-15 14:36:44,SYSTEM_SEED,SYSTEM_SEED
OFF-0100,Ishani Prashad,INSPECTOR,KSP-07-0100,Chamarajanagar Police Station 5,42963000000035018,true,INVESTIGATOR,2026-07-15 14:36:44,2026-07-15 14:36:44,SYSTEM_SEED,SYSTEM_SEED
OFF-0101,Veeranna Shetty,INSPECTOR,KSP-HQ-0101,State Police HQ,,true,SUPERVISOR,2026-07-15 14:36:44,2026-07-15 14:36:44,SYSTEM_SEED,SYSTEM_SEED
OFF-0102,Thimmaiah Gowda,SUB_INSPECTOR,KSP-09-0102,Chikkamagaluru Police Station 5,42963000000035020,true,INVESTIGATOR,2026-07-15 14:36:44,2026-07-15 14:36:44,SYSTEM_SEED,SYSTEM_SEED
OFF-0103,Vasanthamma Urs,INSPECTOR,KSP-10-0103,Chitradurga Police Station 4,42963000000035021,true,INVESTIGATOR,2026-07-15 14:36:44,2026-07-15 14:36:44,SYSTEM_SEED,SYSTEM_SEED
OFF-0104,Raghavendra Shetty,INSPECTOR,KSP-HQ-0104,State Police HQ,,true,ANALYST,2026-07-15 14:36:44,2026-07-15 14:36:44,SYSTEM_SEED,SYSTEM_SEED
OFF-0105,Shanthakumari Kulkarni,SUB_INSPECTOR,KSP-12-0105,Davanagere Police Station 3,42963000000035023,true,INVESTIGATOR,2026-07-15 14:36:44,2026-07-15 14:36:44,SYSTEM_SEED,SYSTEM_SEED
OFF-0106,Quincy Rai,INSPECTOR,KSP-13-0106,Dharwad Police Station 5,42963000000035024,true,INVESTIGATOR,2026-07-15 14:36:44,2026-07-15 14:36:44,SYSTEM_SEED,SYSTEM_SEED
OFF-0107,Chakrika Koshy,INSPECTOR,KSP-14-0107,Gadag Police Station 4,42963000000035025,true,INVESTIGATOR,2026-07-15 14:36:44,2026-07-15 14:36:44,SYSTEM_SEED,SYSTEM_SEED
OFF-0108,Fitan Loyal,DEPUTY_SUPERINTENDENT,KSP-HQ-0108,State Police HQ,,true,POLICYMAKER,2026-07-15 14:36:44,2026-07-15 14:36:44,SYSTEM_SEED,SYSTEM_SEED
OFF-0109,Nagaveni Urs,INSPECTOR,KSP-16-0109,Haveri Police Station 2,42963000000035027,true,INVESTIGATOR,2026-07-15 14:36:44,2026-07-15 14:36:44,SYSTEM_SEED,SYSTEM_SEED
OFF-0110,Lajita Dube,CIRCLE_INSPECTOR,KSP-17-0110,Kalaburagi Police Station 1,42963000000035028,true,SUPERVISOR,2026-07-15 14:36:44,2026-07-15 14:36:44,SYSTEM_SEED,SYSTEM_SEED
OFF-0111,Edhitha Patel,SUB_INSPECTOR,KSP-18-0111,Kodagu Police Station 1,42963000000035029,true,INVESTIGATOR,2026-07-15 14:36:44,2026-07-15 14:36:44,SYSTEM_SEED,SYSTEM_SEED
OFF-0112,Kaveri Devadiga,CIRCLE_INSPECTOR,KSP-19-0112,Kolar Police Station 4,42963000000035030,true,INVESTIGATOR,2026-07-15 14:36:44,2026-07-15 14:36:44,SYSTEM_SEED,SYSTEM_SEED
OFF-0113,Gavin Ahluwalia,INSPECTOR,KSP-20-0113,Koppal Police Station 4,42963000000035031,true,INVESTIGATOR,2026-07-15 14:36:44,2026-07-15 14:36:44,SYSTEM_SEED,SYSTEM_SEED
OFF-0114,Sai Parsa,DEPUTY_SUPERINTENDENT,KSP-21-0114,Mandya Police Station 4,42963000000035032,true,INVESTIGATOR,2026-07-15 14:36:44,2026-07-15 14:36:44,SYSTEM_SEED,SYSTEM_SEED
OFF-0115,Shanthakumari Kulkarni,DEPUTY_SUPERINTENDENT,KSP-HQ-0115,State Police HQ,,true,ANALYST,2026-07-15 14:36:44,2026-07-15 14:36:44,SYSTEM_SEED,SYSTEM_SEED
OFF-0116,Nagaveni Reddy,CIRCLE_INSPECTOR,KSP-23-0116,Raichur Police Station 5,42963000000035034,true,INVESTIGATOR,2026-07-15 14:36:44,2026-07-15 14:36:44,SYSTEM_SEED,SYSTEM_SEED
OFF-0117,Harsh Deo,SUB_INSPECTOR,KSP-24-0117,Ramanagara Police Station 1,42963000000035035,true,INVESTIGATOR,2026-07-15 14:36:44,2026-07-15 14:36:44,SYSTEM_SEED,SYSTEM_SEED
OFF-0118,Rachit Sankar,CIRCLE_INSPECTOR,KSP-25-0118,Shivamogga Police Station 4,42963000000035036,true,INVESTIGATOR,2026-07-15 14:36:44,2026-07-15 14:36:44,SYSTEM_SEED,SYSTEM_SEED
OFF-0119,Yauvani Reddy,CIRCLE_INSPECTOR,KSP-26-0119,Tumakuru Police Station 3,42963000000035037,true,INVESTIGATOR,2026-07-15 14:36:44,2026-07-15 14:36:44,SYSTEM_SEED,SYSTEM_SEED
OFF-0120,Lokesh Shetty,DEPUTY_SUPERINTENDENT,KSP-HQ-0120,State Police HQ,,true,ANALYST,2026-07-15 14:36:44,2026-07-15 14:36:44,SYSTEM_SEED,SYSTEM_SEED
OFF-0121,Atharv Chakraborty,INSPECTOR,KSP-28-0121,Uttara Kannada Police Station 5,42963000000035039,true,INVESTIGATOR,2026-07-15 14:36:44,2026-07-15 14:36:44,SYSTEM_SEED,SYSTEM_SEED
OFF-0122,Girik Nair,CIRCLE_INSPECTOR,KSP-29-0122,Vijayapura Police Station 2,42963000000035040,true,INVESTIGATOR,2026-07-15 14:36:44,2026-07-15 14:36:44,SYSTEM_SEED,SYSTEM_SEED
OFF-0123,Basavaraj Nayak,SUB_INSPECTOR,KSP-30-0123,Yadgir Police Station 1,42963000000035041,true,INVESTIGATOR,2026-07-15 14:36:44,2026-07-15 14:36:44,SYSTEM_SEED,SYSTEM_SEED
OFF-0124,Lokesh Bhat,SUB_INSPECTOR,KSP-HQ-0124,State Police HQ,,true,SUPERVISOR,2026-07-15 14:36:44,2026-07-15 14:36:44,SYSTEM_SEED,SYSTEM_SEED
OFF-0125,Yallappa Shetty,INSPECTOR,KSP-01-0125,Bagalkot Police Station 1,42963000000035012,true,INVESTIGATOR,2026-07-15 14:36:44,2026-07-15 14:36:44,SYSTEM_SEED,SYSTEM_SEED
OFF-0126,Kariyappa Gowda,INSPECTOR,KSP-HQ-0126,State Police HQ,,true,POLICYMAKER,2026-07-15 14:36:44,2026-07-15 14:36:44,SYSTEM_SEED,SYSTEM_SEED
OFF-0127,Advik Manne,SUB_INSPECTOR,KSP-03-0127,Belagavi Police Station 1,42963000000035014,true,SUPERVISOR,2026-07-15 14:36:44,2026-07-15 14:36:44,SYSTEM_SEED,SYSTEM_SEED
OFF-0128,Lipika Chad,INSPECTOR,KSP-04-0128,Bengaluru Rural Police Station 4,42963000000035015,true,INVESTIGATOR,2026-07-15 14:36:44,2026-07-15 14:36:44,SYSTEM_SEED,SYSTEM_SEED
OFF-0129,Omkaar Rai,INSPECTOR,KSP-05-0129,Bengaluru Urban Police Station 1,42963000000035016,true,SUPERVISOR,2026-07-15 14:36:44,2026-07-15 14:36:44,SYSTEM_SEED,SYSTEM_SEED
OFF-0130,Liam Luthra,CIRCLE_INSPECTOR,KSP-HQ-0130,State Police HQ,,true,ANALYST,2026-07-15 14:36:44,2026-07-15 14:36:44,SYSTEM_SEED,SYSTEM_SEED
OFF-0131,Amrita Tailor,SUB_INSPECTOR,KSP-HQ-0131,State Police HQ,,true,ANALYST,2026-07-15 14:36:44,2026-07-15 14:36:44,SYSTEM_SEED,SYSTEM_SEED
OFF-0132,Dev Ganesh,CIRCLE_INSPECTOR,KSP-08-0132,Chikballapur Police Station 4,42963000000035019,true,INVESTIGATOR,2026-07-15 14:36:44,2026-07-15 14:36:44,SYSTEM_SEED,SYSTEM_SEED
OFF-0133,Anya Sama,CIRCLE_INSPECTOR,KSP-09-0133,Chikkamagaluru Police Station 3,42963000000035020,true,INVESTIGATOR,2026-07-15 14:36:44,2026-07-15 14:36:44,SYSTEM_SEED,SYSTEM_SEED
OFF-0134,Jagadish Shetty,SUB_INSPECTOR,KSP-10-0134,Chitradurga Police Station 4,42963000000035021,true,INVESTIGATOR,2026-07-15 14:36:44,2026-07-15 14:36:44,SYSTEM_SEED,SYSTEM_SEED
OFF-0135,Harish Shetty,CIRCLE_INSPECTOR,KSP-11-0135,Dakshina Kannada Police Station 2,42963000000035022,true,INVESTIGATOR,2026-07-15 14:36:44,2026-07-15 14:36:44,SYSTEM_SEED,SYSTEM_SEED
OFF-0136,Veda Bose,DEPUTY_SUPERINTENDENT,KSP-12-0136,Davanagere Police Station 2,42963000000035023,true,INVESTIGATOR,2026-07-15 14:36:44,2026-07-15 14:36:44,SYSTEM_SEED,SYSTEM_SEED
OFF-0137,Zayan Koshy,INSPECTOR,KSP-HQ-0137,State Police HQ,,true,POLICYMAKER,2026-07-15 14:36:44,2026-07-15 14:36:44,SYSTEM_SEED,SYSTEM_SEED
OFF-0138,Sujathamma Setty,DEPUTY_SUPERINTENDENT,KSP-14-0138,Gadag Police Station 2,42963000000035025,true,INVESTIGATOR,2026-07-15 14:36:44,2026-07-15 14:36:44,SYSTEM_SEED,SYSTEM_SEED
OFF-0139,Rohan Shankar,SUB_INSPECTOR,KSP-15-0139,Hassan Police Station 4,42963000000035026,true,INVESTIGATOR,2026-07-15 14:36:44,2026-07-15 14:36:44,SYSTEM_SEED,SYSTEM_SEED
OFF-0140,Krishna Modi,SUB_INSPECTOR,KSP-16-0140,Haveri Police Station 1,42963000000035027,true,INVESTIGATOR,2026-07-15 14:36:44,2026-07-15 14:36:44,SYSTEM_SEED,SYSTEM_SEED
OFF-0141,Thimmakka Urs,CIRCLE_INSPECTOR,KSP-HQ-0141,State Police HQ,,true,SUPERVISOR,2026-07-15 14:36:44,2026-07-15 14:36:44,SYSTEM_SEED,SYSTEM_SEED
OFF-0142,Rathnamma Naik,SUB_INSPECTOR,KSP-18-0142,Kodagu Police Station 1,42963000000035029,true,INVESTIGATOR,2026-07-15 14:36:44,2026-07-15 14:36:44,SYSTEM_SEED,SYSTEM_SEED
OFF-0143,Meghana Natarajan,CIRCLE_INSPECTOR,KSP-HQ-0143,State Police HQ,,true,POLICYMAKER,2026-07-15 14:36:44,2026-07-15 14:36:44,SYSTEM_SEED,SYSTEM_SEED
OFF-0144,Forum Sarraf,DEPUTY_SUPERINTENDENT,KSP-20-0144,Koppal Police Station 5,42963000000035031,true,INVESTIGATOR,2026-07-15 14:36:44,2026-07-15 14:36:44,SYSTEM_SEED,SYSTEM_SEED
OFF-0145,Rathnamma Devadiga,DEPUTY_SUPERINTENDENT,KSP-21-0145,Mandya Police Station 4,42963000000035032,true,SUPERVISOR,2026-07-15 14:36:44,2026-07-15 14:36:44,SYSTEM_SEED,SYSTEM_SEED
OFF-0146,Qushi Deshpande,SUB_INSPECTOR,KSP-22-0146,Mysuru Police Station 5,42963000000035033,true,INVESTIGATOR,2026-07-15 14:36:44,2026-07-15 14:36:44,SYSTEM_SEED,SYSTEM_SEED
OFF-0147,Jayamma Urs,DEPUTY_SUPERINTENDENT,KSP-HQ-0147,State Police HQ,,true,SUPERVISOR,2026-07-15 14:36:44,2026-07-15 14:36:44,SYSTEM_SEED,SYSTEM_SEED
OFF-0148,Ekani Iyer,CIRCLE_INSPECTOR,KSP-24-0148,Ramanagara Police Station 3,42963000000035035,true,INVESTIGATOR,2026-07-15 14:36:44,2026-07-15 14:36:44,SYSTEM_SEED,SYSTEM_SEED
OFF-0149,Dipta Goel,DEPUTY_SUPERINTENDENT,KSP-25-0149,Shivamogga Police Station 1,42963000000035036,true,INVESTIGATOR,2026-07-15 14:36:44,2026-07-15 14:36:44,SYSTEM_SEED,SYSTEM_SEED
OFF-0150,Eiravati Manne,SUB_INSPECTOR,KSP-26-0150,Tumakuru Police Station 3,42963000000035037,true,INVESTIGATOR,2026-07-15 14:36:44,2026-07-15 14:36:44,SYSTEM_SEED,SYSTEM_SEED
OFF-0151,Xavier Nanda,CIRCLE_INSPECTOR,KSP-27-0151,Udupi Police Station 1,42963000000035038,true,INVESTIGATOR,2026-07-15 14:36:44,2026-07-15 14:36:44,SYSTEM_SEED,SYSTEM_SEED
OFF-0152,Avni Ramaswamy,CIRCLE_INSPECTOR,KSP-HQ-0152,State Police HQ,,true,POLICYMAKER,2026-07-15 14:36:44,2026-07-15 14:36:44,SYSTEM_SEED,SYSTEM_SEED
OFF-0153,Gopalakrishna Reddy,INSPECTOR,KSP-29-0153,Vijayapura Police Station 3,42963000000035040,true,SUPERVISOR,2026-07-15 14:36:44,2026-07-15 14:36:44,SYSTEM_SEED,SYSTEM_SEED
OFF-0154,Ishaan Iyengar,SUB_INSPECTOR,KSP-30-0154,Yadgir Police Station 3,42963000000035041,true,INVESTIGATOR,2026-07-15 14:36:44,2026-07-15 14:36:44,SYSTEM_SEED,SYSTEM_SEED
OFF-0155,Avi Shenoy,DEPUTY_SUPERINTENDENT,KSP-31-0155,Vijayanagara Police Station 2,42963000000035042,true,INVESTIGATOR,2026-07-15 14:36:44,2026-07-15 14:36:44,SYSTEM_SEED,SYSTEM_SEED
OFF-0156,Ravindranath Gowda,INSPECTOR,KSP-HQ-0156,State Police HQ,,true,POLICYMAKER,2026-07-15 14:36:44,2026-07-15 14:36:44,SYSTEM_SEED,SYSTEM_SEED
OFF-0157,Sujathamma Nayak,CIRCLE_INSPECTOR,KSP-02-0157,Ballari Police Station 4,42963000000035013,true,INVESTIGATOR,2026-07-15 14:36:44,2026-07-15 14:36:44,SYSTEM_SEED,SYSTEM_SEED
OFF-0158,Raksha Manne,DEPUTY_SUPERINTENDENT,KSP-03-0158,Belagavi Police Station 1,42963000000035014,true,INVESTIGATOR,2026-07-15 14:36:44,2026-07-15 14:36:44,SYSTEM_SEED,SYSTEM_SEED
OFF-0159,Harish Rai,SUB_INSPECTOR,KSP-04-0159,Bengaluru Rural Police Station 4,42963000000035015,true,SUPERVISOR,2026-07-15 14:36:44,2026-07-15 14:36:44,SYSTEM_SEED,SYSTEM_SEED
OFF-0160,Shanthakumari Devadiga,INSPECTOR,KSP-HQ-0160,State Police HQ,,true,ANALYST,2026-07-15 14:36:44,2026-07-15 14:36:44,SYSTEM_SEED,SYSTEM_SEED
OFF-0161,Jagadish Gowda,INSPECTOR,KSP-06-0161,Bidar Police Station 4,42963000000035017,true,INVESTIGATOR,2026-07-15 14:36:44,2026-07-15 14:36:44,SYSTEM_SEED,SYSTEM_SEED
OFF-0162,Nilima Tata,DEPUTY_SUPERINTENDENT,KSP-07-0162,Chamarajanagar Police Station 5,42963000000035018,true,INVESTIGATOR,2026-07-15 14:36:44,2026-07-15 14:36:44,SYSTEM_SEED,SYSTEM_SEED
OFF-0163,Nagaraj Gowda,INSPECTOR,KSP-HQ-0163,State Police HQ,,true,ANALYST,2026-07-15 14:36:44,2026-07-15 14:36:44,SYSTEM_SEED,SYSTEM_SEED
OFF-0164,Chavvi Khurana,SUB_INSPECTOR,KSP-HQ-0164,State Police HQ,,true,ANALYST,2026-07-15 14:36:44,2026-07-15 14:36:44,SYSTEM_SEED,SYSTEM_SEED
OFF-0165,Mitesh Sampath,SUB_INSPECTOR,KSP-10-0165,Chitradurga Police Station 1,42963000000035021,true,INVESTIGATOR,2026-07-15 14:36:44,2026-07-15 14:36:44,SYSTEM_SEED,SYSTEM_SEED
OFF-0166,Yashodamma Setty,INSPECTOR,KSP-11-0166,Dakshina Kannada Police Station 1,42963000000035022,true,INVESTIGATOR,2026-07-15 14:36:44,2026-07-15 14:36:44,SYSTEM_SEED,SYSTEM_SEED
OFF-0167,Ethan Sen,DEPUTY_SUPERINTENDENT,KSP-12-0167,Davanagere Police Station 3,42963000000035023,true,INVESTIGATOR,2026-07-15 14:36:44,2026-07-15 14:36:44,SYSTEM_SEED,SYSTEM_SEED
OFF-0168,Nandini Warrior,DEPUTY_SUPERINTENDENT,KSP-HQ-0168,State Police HQ,,true,ANALYST,2026-07-15 14:36:44,2026-07-15 14:36:44,SYSTEM_SEED,SYSTEM_SEED
OFF-0169,Thimmakka Bhat,INSPECTOR,KSP-HQ-0169,State Police HQ,,true,POLICYMAKER,2026-07-15 14:36:44,2026-07-15 14:36:44,SYSTEM_SEED,SYSTEM_SEED
OFF-0170,Balhaar Parsa,INSPECTOR,KSP-HQ-0170,State Police HQ,,true,SUPERVISOR,2026-07-15 14:36:44,2026-07-15 14:36:44,SYSTEM_SEED,SYSTEM_SEED
OFF-0171,Ikbal Kothari,CIRCLE_INSPECTOR,KSP-HQ-0171,State Police HQ,,true,ANALYST,2026-07-15 14:36:44,2026-07-15 14:36:44,SYSTEM_SEED,SYSTEM_SEED
OFF-0172,Prakash Setty,DEPUTY_SUPERINTENDENT,KSP-HQ-0172,State Police HQ,,true,ANALYST,2026-07-15 14:36:44,2026-07-15 14:36:44,SYSTEM_SEED,SYSTEM_SEED
OFF-0173,Ojas Basu,INSPECTOR,KSP-18-0173,Kodagu Police Station 4,42963000000035029,true,INVESTIGATOR,2026-07-15 14:36:44,2026-07-15 14:36:44,SYSTEM_SEED,SYSTEM_SEED
OFF-0174,Vasanthamma Gowda,INSPECTOR,KSP-HQ-0174,State Police HQ,,true,ANALYST,2026-07-15 14:36:44,2026-07-15 14:36:44,SYSTEM_SEED,SYSTEM_SEED
OFF-0175,Garima Sani,DEPUTY_SUPERINTENDENT,KSP-20-0175,Koppal Police Station 2,42963000000035031,true,INVESTIGATOR,2026-07-15 14:36:44,2026-07-15 14:36:44,SYSTEM_SEED,SYSTEM_SEED
OFF-0176,Rathnamma Hegde,SUB_INSPECTOR,KSP-21-0176,Mandya Police Station 1,42963000000035032,true,INVESTIGATOR,2026-07-15 14:36:44,2026-07-15 14:36:44,SYSTEM_SEED,SYSTEM_SEED
OFF-0177,Kariyappa Urs,CIRCLE_INSPECTOR,KSP-22-0177,Mysuru Police Station 4,42963000000035033,true,INVESTIGATOR,2026-07-15 14:36:44,2026-07-15 14:36:44,SYSTEM_SEED,SYSTEM_SEED
OFF-0178,Advaith Chaudhari,DEPUTY_SUPERINTENDENT,KSP-HQ-0178,State Police HQ,,true,SUPERVISOR,2026-07-15 14:36:44,2026-07-15 14:36:44,SYSTEM_SEED,SYSTEM_SEED
OFF-0179,Veeranna Bhat,DEPUTY_SUPERINTENDENT,KSP-24-0179,Ramanagara Police Station 4,42963000000035035,true,SUPERVISOR,2026-07-15 14:36:44,2026-07-15 14:36:44,SYSTEM_SEED,SYSTEM_SEED
OFF-0180,Raghavendra Achar,SUB_INSPECTOR,KSP-25-0180,Shivamogga Police Station 5,42963000000035036,true,INVESTIGATOR,2026-07-15 14:36:44,2026-07-15 14:36:44,SYSTEM_SEED,SYSTEM_SEED
