accused_id_1,accused_id_2,shared_fir_count,first_shared_fir_id,relationship_type
ACC-02627,ACC-03703,1,FIR-000004,co-accused
ACC-01526,ACC-02657,1,FIR-000006,co-accused
ACC-00700,ACC-00713,1,FIR-000007,co-accused
ACC-00628,ACC-04172,1,FIR-000011,co-accused
ACC-01058,ACC-01517,1,FIR-000016,co-accused
ACC-01282,ACC-02722,1,FIR-000017,co-accused
ACC-00417,ACC-01007,1,FIR-000020,co-accused
ACC-00790,ACC-01053,1,FIR-000022,co-accused
ACC-01442,ACC-01447,1,FIR-000024,co-accused
ACC-00196,ACC-02367,1,FIR-000027,co-accused
ACC-03157,ACC-03464,1,FIR-000032,co-accused
ACC-03157,ACC-03978,1,FIR-000032,co-accused
ACC-03464,ACC-03978,1,FIR-000032,co-accused
ACC-00006,ACC-02193,1,FIR-000033,co-accused
ACC-00006,ACC-03565,1,FIR-000033,co-accused
ACC-02193,ACC-03565,1,FIR-000033,co-accused
ACC-01007,ACC-01746,1,FIR-000034,co-accused
ACC-01007,ACC-04069,1,FIR-000034,co-accused
ACC-01746,ACC-04069,1,FIR-000034,co-accused
ACC-01345,ACC-04159,1,FIR-000037,co-accused
ACC-01437,ACC-03257,1,FIR-000042,co-accused
ACC-01799,ACC-02855,1,FIR-000046,co-accused
ACC-00253,ACC-00515,1,FIR-000052,co-accused
ACC-00253,ACC-00814,1,FIR-000052,co-accused
ACC-00515,ACC-00814,1,FIR-000052,co-accused
ACC-00858,ACC-03692,1,FIR-000053,co-accused
ACC-00198,ACC-02590,1,FIR-000055,co-accused
ACC-02997,ACC-03837,1,FIR-000059,co-accused
ACC-00699,ACC-03310,1,FIR-000061,co-accused
ACC-01662,ACC-02004,1,FIR-000062,co-accused
ACC-01936,ACC-02344,1,FIR-000066,co-accused
ACC-00628,ACC-03257,1,FIR-000069,co-accused
ACC-00628,ACC-03716,1,FIR-000069,co-accused
ACC-03257,ACC-03716,1,FIR-000069,co-accused
ACC-00515,ACC-01167,1,FIR-000080,co-accused
ACC-00858,ACC-01769,1,FIR-000082,co-accused
ACC-03717,ACC-04360,1,FIR-000083,co-accused
ACC-00372,ACC-03557,1,FIR-000085,co-accused
ACC-01788,ACC-03310,1,FIR-000090,co-accused
ACC-03376,ACC-04444,1,FIR-000092,co-accused
ACC-00226,ACC-01058,1,FIR-000098,co-accused
ACC-00226,ACC-03032,1,FIR-000098,co-accused
ACC-01058,ACC-03032,1,FIR-000098,co-accused
ACC-01662,ACC-03560,1,FIR-000100,co-accused
ACC-02015,ACC-04069,1,FIR-000102,co-accused
ACC-00072,ACC-02074,1,FIR-000103,co-accused
ACC-00072,ACC-03978,1,FIR-000103,co-accused
ACC-02074,ACC-03978,1,FIR-000103,co-accused
ACC-01616,ACC-03097,1,FIR-000110,co-accused
ACC-00072,ACC-00578,1,FIR-000112,co-accused
ACC-01432,ACC-04305,1,FIR-000115,co-accused
ACC-03941,ACC-04360,1,FIR-000116,co-accused
ACC-01404,ACC-02510,1,FIR-000119,co-accused
ACC-01405,ACC-03354,1,FIR-000122,co-accused
ACC-00170,ACC-01718,1,FIR-000129,co-accused
ACC-02909,ACC-03013,1,FIR-000131,co-accused
ACC-00203,ACC-00592,1,FIR-000139,co-accused
ACC-03850,ACC-04225,1,FIR-000146,co-accused
ACC-02536,ACC-03302,1,FIR-000152,co-accused
ACC-00951,ACC-01718,1,FIR-000159,co-accused
ACC-00951,ACC-04421,1,FIR-000159,co-accused
ACC-01718,ACC-04421,1,FIR-000159,co-accused
ACC-00295,ACC-02944,1,FIR-000161,co-accused
ACC-00203,ACC-01874,1,FIR-000166,co-accused
ACC-00203,ACC-03357,1,FIR-000166,co-accused
ACC-01874,ACC-03357,1,FIR-000166,co-accused
ACC-00028,ACC-01162,1,FIR-000168,co-accused
ACC-00405,ACC-00822,1,FIR-000169,co-accused
ACC-02615,ACC-03440,1,FIR-000171,co-accused
ACC-02867,ACC-03500,1,FIR-000172,co-accused
ACC-01418,ACC-03992,1,FIR-000175,co-accused
ACC-02516,ACC-03260,1,FIR-000179,co-accused
ACC-00930,ACC-04214,1,FIR-000181,co-accused
ACC-00957,ACC-03850,1,FIR-000187,co-accused
ACC-02855,ACC-03606,1,FIR-000193,co-accused
ACC-03455,ACC-03500,1,FIR-000194,co-accused
ACC-01634,ACC-03807,1,FIR-000196,co-accused
ACC-00555,ACC-02747,1,FIR-000198,co-accused
ACC-01555,ACC-03304,1,FIR-000200,co-accused
ACC-00555,ACC-02630,1,FIR-000203,co-accused
ACC-01460,ACC-03260,1,FIR-000205,co-accused
ACC-01460,ACC-03469,1,FIR-000205,co-accused
ACC-03260,ACC-03469,1,FIR-000205,co-accused
ACC-00295,ACC-00816,1,FIR-000206,co-accused
ACC-00789,ACC-02483,1,FIR-000209,co-accused
ACC-00233,ACC-00762,1,FIR-000214,co-accused
ACC-00233,ACC-02056,1,FIR-000214,co-accused
ACC-00762,ACC-02056,1,FIR-000214,co-accused
ACC-04122,ACC-04242,1,FIR-000216,co-accused
ACC-01092,ACC-03383,1,FIR-000218,co-accused
ACC-01175,ACC-02958,1,FIR-000219,co-accused
ACC-00951,ACC-03541,1,FIR-000226,co-accused
ACC-01342,ACC-01602,1,FIR-000228,co-accused
ACC-00048,ACC-00372,1,FIR-000239,co-accused
ACC-00048,ACC-02996,1,FIR-000239,co-accused
ACC-00372,ACC-02996,1,FIR-000239,co-accused
ACC-02375,ACC-04336,1,FIR-000240,co-accused
ACC-00168,ACC-00727,1,FIR-000242,co-accused
ACC-00202,ACC-03641,1,FIR-000245,co-accused
ACC-01487,ACC-03612,1,FIR-000255,co-accused
ACC-00920,ACC-02414,1,FIR-000266,co-accused
ACC-03093,ACC-03185,1,FIR-000275,co-accused
ACC-01486,ACC-04373,1,FIR-000277,co-accused
ACC-02396,ACC-04460,1,FIR-000279,co-accused
ACC-02149,ACC-03232,1,FIR-000280,co-accused
ACC-00669,ACC-02414,1,FIR-000287,co-accused
ACC-00353,ACC-01834,1,FIR-000294,co-accused
ACC-00389,ACC-00718,1,FIR-000300,co-accused
ACC-00389,ACC-00754,1,FIR-000300,co-accused
ACC-00718,ACC-00754,1,FIR-000300,co-accused
ACC-03673,ACC-03814,1,FIR-000306,co-accused
ACC-01180,ACC-02016,1,FIR-000314,co-accused
ACC-00842,ACC-04217,1,FIR-000316,co-accused
ACC-01820,ACC-03221,1,FIR-000329,co-accused
ACC-01853,ACC-03991,1,FIR-000337,co-accused
ACC-02140,ACC-02505,1,FIR-000342,co-accused
ACC-00512,ACC-01487,1,FIR-000345,co-accused
ACC-02265,ACC-03428,1,FIR-000348,co-accused
ACC-00371,ACC-03232,1,FIR-000352,co-accused
ACC-03221,ACC-03325,1,FIR-000357,co-accused
ACC-00842,ACC-02366,1,FIR-000360,co-accused
ACC-00472,ACC-00508,1,FIR-000362,co-accused
ACC-00472,ACC-02244,1,FIR-000362,co-accused
ACC-00508,ACC-02244,1,FIR-000362,co-accused
ACC-00485,ACC-03261,1,FIR-000365,co-accused
ACC-00562,ACC-01616,1,FIR-000366,co-accused
ACC-00335,ACC-02659,1,FIR-000367,co-accused
ACC-00894,ACC-02299,1,FIR-000368,co-accused
ACC-02032,ACC-03992,1,FIR-000378,co-accused
ACC-02399,ACC-03879,1,FIR-000379,co-accused
ACC-01605,ACC-02161,1,FIR-000380,co-accused
ACC-01883,ACC-03044,1,FIR-000382,co-accused
ACC-01883,ACC-03251,1,FIR-000382,co-accused
ACC-03044,ACC-03251,1,FIR-000382,co-accused
ACC-02428,ACC-03630,1,FIR-000390,co-accused
ACC-01712,ACC-02645,1,FIR-000393,co-accused
ACC-01712,ACC-04086,1,FIR-000393,co-accused
ACC-02645,ACC-04086,1,FIR-000393,co-accused
ACC-02234,ACC-03033,1,FIR-000399,co-accused
ACC-00916,ACC-01238,1,FIR-000401,co-accused
ACC-01455,ACC-03251,1,FIR-000404,co-accused
ACC-01455,ACC-03530,1,FIR-000404,co-accused
ACC-03251,ACC-03530,1,FIR-000404,co-accused
ACC-01926,ACC-02942,1,FIR-000410,co-accused
ACC-00720,ACC-02399,1,FIR-000411,co-accused
ACC-02942,ACC-04097,1,FIR-000418,co-accused
ACC-01404,ACC-02181,1,FIR-000419,co-accused
ACC-01823,ACC-02486,1,FIR-000421,co-accused
ACC-02645,ACC-03570,1,FIR-000423,co-accused
ACC-01218,ACC-02026,1,FIR-000426,co-accused
ACC-02926,ACC-03516,1,FIR-000432,co-accused
ACC-02926,ACC-03939,1,FIR-000432,co-accused
ACC-03516,ACC-03939,1,FIR-000432,co-accused
ACC-03008,ACC-03011,1,FIR-000434,co-accused
ACC-03008,ACC-04155,1,FIR-000434,co-accused
ACC-03011,ACC-04155,1,FIR-000434,co-accused
ACC-01894,ACC-02561,1,FIR-000435,co-accused
ACC-02332,ACC-03530,1,FIR-000436,co-accused
ACC-01782,ACC-02920,1,FIR-000440,co-accused
ACC-01317,ACC-03416,1,FIR-000447,co-accused
ACC-03416,ACC-04099,1,FIR-000449,co-accused
ACC-01217,ACC-04263,1,FIR-000452,co-accused
ACC-03015,ACC-03777,1,FIR-000453,co-accused
ACC-00267,ACC-01352,1,FIR-000454,co-accused
ACC-01445,ACC-02659,1,FIR-000455,co-accused
ACC-01445,ACC-04155,1,FIR-000455,co-accused
ACC-02659,ACC-04155,1,FIR-000455,co-accused
ACC-01894,ACC-01957,1,FIR-000465,co-accused
ACC-01894,ACC-02331,1,FIR-000465,co-accused
ACC-01957,ACC-02331,1,FIR-000465,co-accused
ACC-02105,ACC-04453,1,FIR-000467,co-accused
ACC-00344,ACC-02428,1,FIR-000468,co-accused
ACC-00661,ACC-03054,1,FIR-000472,co-accused
ACC-01313,ACC-01585,1,FIR-000474,co-accused
ACC-00300,ACC-01151,1,FIR-000476,co-accused
ACC-01712,ACC-01822,1,FIR-000477,co-accused
ACC-01524,ACC-02409,1,FIR-000478,co-accused
ACC-00435,ACC-02675,1,FIR-000479,co-accused
ACC-00427,ACC-03243,1,FIR-000483,co-accused
ACC-00576,ACC-00686,1,FIR-000486,co-accused
ACC-03653,ACC-04259,1,FIR-000487,co-accused
ACC-01490,ACC-03986,1,FIR-000489,co-accused
ACC-01666,ACC-02064,1,FIR-000494,co-accused
ACC-00673,ACC-02210,1,FIR-000495,co-accused
ACC-02917,ACC-04372,1,FIR-000502,co-accused
ACC-03146,ACC-03637,1,FIR-000504,co-accused
ACC-01199,ACC-02721,1,FIR-000507,co-accused
ACC-01839,ACC-03484,1,FIR-000510,co-accused
ACC-00754,ACC-02948,1,FIR-000511,co-accused
ACC-02314,ACC-02514,1,FIR-000513,co-accused
ACC-00740,ACC-01651,1,FIR-000521,co-accused
ACC-00740,ACC-04199,1,FIR-000521,co-accused
ACC-01651,ACC-04199,1,FIR-000521,co-accused
ACC-00500,ACC-00810,1,FIR-000525,co-accused
ACC-01547,ACC-01611,1,FIR-000530,co-accused
ACC-01547,ACC-04204,1,FIR-000530,co-accused
ACC-01611,ACC-04204,1,FIR-000530,co-accused
ACC-01987,ACC-04288,1,FIR-000535,co-accused
ACC-01906,ACC-03129,1,FIR-000537,co-accused
ACC-00551,ACC-04295,1,FIR-000541,co-accused
ACC-00800,ACC-02445,1,FIR-000542,co-accused
ACC-02653,ACC-04456,1,FIR-000544,co-accused
ACC-01439,ACC-01989,1,FIR-000546,co-accused
ACC-01623,ACC-04213,1,FIR-000553,co-accused
ACC-00810,ACC-02443,1,FIR-000554,co-accused
ACC-00253,ACC-03498,1,FIR-000558,co-accused
ACC-03263,ACC-04224,1,FIR-000566,co-accused
ACC-01333,ACC-02302,1,FIR-000568,co-accused
ACC-00624,ACC-04288,1,FIR-000570,co-accused
ACC-01144,ACC-03919,1,FIR-000572,co-accused
ACC-03586,ACC-04306,1,FIR-000583,co-accused
ACC-01623,ACC-03103,1,FIR-000597,co-accused
ACC-03497,ACC-03981,1,FIR-000601,co-accused
ACC-01999,ACC-03567,1,FIR-000602,co-accused
ACC-02941,ACC-03091,1,FIR-000617,co-accused
ACC-02993,ACC-04061,1,FIR-000620,co-accused
ACC-02502,ACC-03217,1,FIR-000621,co-accused
ACC-01831,ACC-02638,1,FIR-000623,co-accused
ACC-01350,ACC-02451,1,FIR-000625,co-accused
ACC-01350,ACC-02714,1,FIR-000625,co-accused
ACC-02451,ACC-02714,1,FIR-000625,co-accused
ACC-02496,ACC-02773,1,FIR-000631,co-accused
ACC-00093,ACC-03096,1,FIR-000632,co-accused
ACC-00264,ACC-04252,1,FIR-000643,co-accused
ACC-01184,ACC-03071,1,FIR-000644,co-accused
ACC-01184,ACC-03124,1,FIR-000644,co-accused
ACC-03071,ACC-03124,1,FIR-000644,co-accused
ACC-00730,ACC-03564,1,FIR-000646,co-accused
ACC-01566,ACC-03703,1,FIR-000656,co-accused
ACC-01117,ACC-01831,1,FIR-000659,co-accused
ACC-02705,ACC-04046,1,FIR-000661,co-accused
ACC-00254,ACC-02171,1,FIR-000665,co-accused
ACC-03459,ACC-04164,1,FIR-000668,co-accused
ACC-00716,ACC-03510,1,FIR-000670,co-accused
ACC-00716,ACC-04263,1,FIR-000670,co-accused
ACC-03510,ACC-04263,1,FIR-000670,co-accused
ACC-00273,ACC-01350,1,FIR-000671,co-accused
ACC-03568,ACC-03902,1,FIR-000674,co-accused
ACC-01023,ACC-04083,1,FIR-000681,co-accused
ACC-00298,ACC-02733,1,FIR-000691,co-accused
ACC-01651,ACC-02588,1,FIR-000698,co-accused
ACC-00716,ACC-02025,1,FIR-000699,co-accused
ACC-00630,ACC-02413,1,FIR-000701,co-accused
ACC-01488,ACC-03185,1,FIR-000702,co-accused
ACC-02252,ACC-03512,1,FIR-000704,co-accused
ACC-01630,ACC-02815,1,FIR-000710,co-accused
ACC-00338,ACC-01946,1,FIR-000711,co-accused
ACC-01184,ACC-02202,1,FIR-000717,co-accused
ACC-03228,ACC-03993,1,FIR-000724,co-accused
ACC-01490,ACC-02482,1,FIR-000726,co-accused
ACC-02171,ACC-02456,1,FIR-000734,co-accused
ACC-00427,ACC-01257,1,FIR-000740,co-accused
ACC-00427,ACC-02356,1,FIR-000740,co-accused
ACC-01257,ACC-02356,1,FIR-000740,co-accused
ACC-02249,ACC-03463,1,FIR-000741,co-accused
ACC-01556,ACC-02314,1,FIR-000742,co-accused
ACC-01556,ACC-02340,1,FIR-000742,co-accused
ACC-02314,ACC-02340,1,FIR-000742,co-accused
ACC-00189,ACC-01112,1,FIR-000745,co-accused
ACC-00458,ACC-01201,1,FIR-000747,co-accused
ACC-00458,ACC-03175,1,FIR-000747,co-accused
ACC-01201,ACC-03175,1,FIR-000747,co-accused
ACC-01182,ACC-03209,1,FIR-000748,co-accused
ACC-00456,ACC-02177,1,FIR-000751,co-accused
ACC-01248,ACC-03417,1,FIR-000753,co-accused
ACC-00646,ACC-02474,1,FIR-000757,co-accused
ACC-00504,ACC-04052,1,FIR-000758,co-accused
ACC-02883,ACC-02886,1,FIR-000763,co-accused
ACC-00840,ACC-03107,1,FIR-000765,co-accused
ACC-00183,ACC-03709,1,FIR-000774,co-accused
ACC-01201,ACC-01210,1,FIR-000775,co-accused
ACC-01201,ACC-04052,1,FIR-000775,co-accused
ACC-01210,ACC-04052,1,FIR-000775,co-accused
ACC-01020,ACC-03378,1,FIR-000781,co-accused
ACC-00726,ACC-02331,1,FIR-000782,co-accused
ACC-00726,ACC-02396,1,FIR-000782,co-accused
ACC-02331,ACC-02396,1,FIR-000782,co-accused
ACC-00357,ACC-01676,1,FIR-000791,co-accused
ACC-00357,ACC-02167,1,FIR-000791,co-accused
ACC-01676,ACC-02167,1,FIR-000791,co-accused
ACC-00670,ACC-03248,1,FIR-000793,co-accused
ACC-00085,ACC-01857,1,FIR-000796,co-accused
ACC-00601,ACC-02010,1,FIR-000797,co-accused
ACC-00272,ACC-00895,1,FIR-000800,co-accused
ACC-01339,ACC-01751,1,FIR-000802,co-accused
ACC-01048,ACC-04148,1,FIR-000803,co-accused
ACC-00930,ACC-02480,1,FIR-000804,co-accused
ACC-00829,ACC-01836,1,FIR-000805,co-accused
ACC-00829,ACC-04164,1,FIR-000805,co-accused
ACC-01836,ACC-04164,1,FIR-000805,co-accused
ACC-00895,ACC-00905,1,FIR-000812,co-accused
ACC-00442,ACC-01054,1,FIR-000813,co-accused
ACC-00353,ACC-01664,1,FIR-000814,co-accused
ACC-01182,ACC-04440,1,FIR-000815,co-accused
ACC-01798,ACC-03415,1,FIR-000819,co-accused
ACC-00260,ACC-01597,1,FIR-000820,co-accused
ACC-00861,ACC-02010,1,FIR-000827,co-accused
ACC-00861,ACC-02340,1,FIR-000827,co-accused
ACC-02010,ACC-02340,1,FIR-000827,co-accused
ACC-00913,ACC-04197,1,FIR-000828,co-accused
ACC-00167,ACC-00477,1,FIR-000830,co-accused
ACC-00579,ACC-00854,1,FIR-000833,co-accused
ACC-01254,ACC-02701,1,FIR-000835,co-accused
ACC-00771,ACC-01248,1,FIR-000838,co-accused
ACC-01867,ACC-02666,1,FIR-000839,co-accused
ACC-02107,ACC-03839,1,FIR-000841,co-accused
ACC-00183,ACC-03070,1,FIR-000842,co-accused
ACC-00183,ACC-03474,1,FIR-000842,co-accused
ACC-03070,ACC-03474,1,FIR-000842,co-accused
ACC-00440,ACC-02807,1,FIR-000849,co-accused
ACC-01638,ACC-03432,1,FIR-000853,co-accused
ACC-01048,ACC-03296,1,FIR-000857,co-accused
ACC-00043,ACC-02267,1,FIR-000858,co-accused
ACC-00654,ACC-01640,1,FIR-000862,co-accused
ACC-01690,ACC-02177,1,FIR-000865,co-accused
ACC-01690,ACC-04112,1,FIR-000865,co-accused
ACC-02177,ACC-04112,1,FIR-000865,co-accused
ACC-02295,ACC-02394,1,FIR-000869,co-accused
ACC-01239,ACC-01690,1,FIR-000874,co-accused
ACC-01307,ACC-03673,1,FIR-000876,co-accused
ACC-01436,ACC-03036,1,FIR-000880,co-accused
ACC-01436,ACC-04075,1,FIR-000880,co-accused
ACC-03036,ACC-04075,1,FIR-000880,co-accused
ACC-00640,ACC-03397,1,FIR-000883,co-accused
ACC-00926,ACC-01434,1,FIR-000884,co-accused
ACC-00926,ACC-01775,1,FIR-000884,co-accused
ACC-01434,ACC-01775,1,FIR-000884,co-accused
ACC-00526,ACC-01900,1,FIR-000885,co-accused
ACC-00267,ACC-03577,1,FIR-000892,co-accused
ACC-01052,ACC-03494,1,FIR-000894,co-accused
ACC-00998,ACC-04292,1,FIR-000896,co-accused
ACC-03236,ACC-03494,1,FIR-000897,co-accused
ACC-00812,ACC-01818,1,FIR-000899,co-accused
ACC-01047,ACC-03425,1,FIR-000904,co-accused
ACC-00215,ACC-01638,1,FIR-000910,co-accused
ACC-02393,ACC-03918,1,FIR-000913,co-accused
ACC-00005,ACC-04292,1,FIR-000917,co-accused
ACC-02937,ACC-03186,1,FIR-000918,co-accused
ACC-01780,ACC-04209,1,FIR-000919,co-accused
ACC-00812,ACC-00959,1,FIR-000921,co-accused
ACC-03425,ACC-04183,1,FIR-000924,co-accused
ACC-01436,ACC-02622,1,FIR-000925,co-accused
ACC-00574,ACC-02631,1,FIR-000928,co-accused
ACC-02825,ACC-02926,1,FIR-000929,co-accused
ACC-00262,ACC-04044,1,FIR-000932,co-accused
ACC-00574,ACC-00634,1,FIR-000935,co-accused
ACC-00574,ACC-01276,1,FIR-000935,co-accused
ACC-00634,ACC-01276,1,FIR-000935,co-accused
ACC-01753,ACC-02444,1,FIR-000936,co-accused
ACC-00636,ACC-03578,1,FIR-000937,co-accused
ACC-01243,ACC-03352,1,FIR-000941,co-accused
ACC-01112,ACC-03921,1,FIR-000942,co-accused
ACC-00857,ACC-01775,1,FIR-000946,co-accused
ACC-01393,ACC-02584,1,FIR-000950,co-accused
ACC-00262,ACC-01078,1,FIR-000951,co-accused
ACC-00262,ACC-02742,1,FIR-000951,co-accused
ACC-01078,ACC-02742,1,FIR-000951,co-accused
ACC-01900,ACC-02424,1,FIR-000952,co-accused
ACC-00758,ACC-01385,1,FIR-000954,co-accused
ACC-00719,ACC-03893,1,FIR-000958,co-accused
ACC-01243,ACC-04365,1,FIR-000959,co-accused
ACC-00764,ACC-02841,1,FIR-000962,co-accused
ACC-00764,ACC-04366,1,FIR-000962,co-accused
ACC-02841,ACC-04366,1,FIR-000962,co-accused
ACC-00653,ACC-04351,1,FIR-000965,co-accused
ACC-01208,ACC-03948,1,FIR-000966,co-accused
ACC-00926,ACC-01608,1,FIR-000967,co-accused
ACC-01126,ACC-03918,1,FIR-000969,co-accused
ACC-02295,ACC-02878,1,FIR-000970,co-accused
ACC-00040,ACC-00439,1,FIR-000971,co-accused
ACC-03635,ACC-03801,1,FIR-000973,co-accused
ACC-00758,ACC-00869,1,FIR-000974,co-accused
ACC-01753,ACC-02409,1,FIR-000976,co-accused
ACC-01753,ACC-03150,1,FIR-000976,co-accused
ACC-02409,ACC-03150,1,FIR-000976,co-accused
ACC-00054,ACC-03601,1,FIR-000978,co-accused
ACC-00984,ACC-01612,1,FIR-000984,co-accused
ACC-00984,ACC-03119,1,FIR-000984,co-accused
ACC-01612,ACC-03119,1,FIR-000984,co-accused
ACC-00237,ACC-02077,1,FIR-000986,co-accused
ACC-01092,ACC-03412,1,FIR-000987,co-accused
ACC-00237,ACC-02101,1,FIR-000995,co-accused
ACC-00237,ACC-02548,1,FIR-000995,co-accused
ACC-02101,ACC-02548,1,FIR-000995,co-accused
ACC-03876,ACC-03953,1,FIR-001000,co-accused
ACC-03876,ACC-04206,1,FIR-001000,co-accused
ACC-03953,ACC-04206,1,FIR-001000,co-accused
ACC-01417,ACC-02815,1,FIR-001001,co-accused
ACC-01443,ACC-03953,1,FIR-001005,co-accused
ACC-01443,ACC-04274,1,FIR-001005,co-accused
ACC-03953,ACC-04274,1,FIR-001005,co-accused
ACC-00232,ACC-02461,1,FIR-001006,co-accused
ACC-01312,ACC-03776,1,FIR-001009,co-accused
ACC-03587,ACC-04393,1,FIR-001010,co-accused
ACC-03212,ACC-03603,1,FIR-001011,co-accused
ACC-00903,ACC-03212,1,FIR-001012,co-accused
ACC-00197,ACC-01858,1,FIR-001028,co-accused
ACC-01031,ACC-02101,1,FIR-001033,co-accused
ACC-01031,ACC-02291,1,FIR-001033,co-accused
ACC-02101,ACC-02291,1,FIR-001033,co-accused
ACC-01997,ACC-03619,1,FIR-001035,co-accused
ACC-02386,ACC-04314,1,FIR-001036,co-accused
ACC-00197,ACC-00336,1,FIR-001042,co-accused
ACC-01525,ACC-02100,1,FIR-001044,co-accused
ACC-00021,ACC-00079,1,FIR-001047,co-accused
ACC-00021,ACC-00888,1,FIR-001047,co-accused
ACC-00079,ACC-00888,1,FIR-001047,co-accused
ACC-02291,ACC-04271,1,FIR-001051,co-accused
ACC-02152,ACC-02841,1,FIR-001052,co-accused
ACC-01881,ACC-04452,1,FIR-001063,co-accused
ACC-00829,ACC-00916,1,FIR-001067,co-accused
ACC-00829,ACC-03055,1,FIR-001067,co-accused
ACC-00916,ACC-03055,1,FIR-001067,co-accused
ACC-00181,ACC-02600,1,FIR-001069,co-accused
ACC-03161,ACC-03876,1,FIR-001076,co-accused
ACC-00131,ACC-00586,1,FIR-001081,co-accused
ACC-00921,ACC-00984,1,FIR-001082,co-accused
ACC-00230,ACC-03843,1,FIR-001084,co-accused
ACC-00079,ACC-01443,1,FIR-001087,co-accused
ACC-00079,ACC-02607,1,FIR-001087,co-accused
ACC-01443,ACC-02607,1,FIR-001087,co-accused
ACC-00579,ACC-01547,1,FIR-001091,co-accused
ACC-00579,ACC-02351,1,FIR-001091,co-accused
ACC-01547,ACC-02351,1,FIR-001091,co-accused
ACC-01249,ACC-02621,1,FIR-001098,co-accused
ACC-00586,ACC-01808,1,FIR-001100,co-accused
ACC-00586,ACC-04354,1,FIR-001100,co-accused
ACC-01808,ACC-04354,1,FIR-001100,co-accused
ACC-01428,ACC-03731,1,FIR-001104,co-accused
ACC-02952,ACC-03787,1,FIR-001108,co-accused
ACC-00394,ACC-01061,1,FIR-001109,co-accused
ACC-00394,ACC-03559,1,FIR-001109,co-accused
ACC-01061,ACC-03559,1,FIR-001109,co-accused
ACC-00479,ACC-04352,1,FIR-001120,co-accused
ACC-01129,ACC-04272,1,FIR-001121,co-accused
ACC-00431,ACC-01829,1,FIR-001122,co-accused
ACC-00099,ACC-02506,1,FIR-001123,co-accused
ACC-00252,ACC-03192,1,FIR-001124,co-accused
ACC-02538,ACC-03743,1,FIR-001131,co-accused
ACC-00602,ACC-01792,1,FIR-001132,co-accused
ACC-02727,ACC-03929,1,FIR-001137,co-accused
ACC-02096,ACC-02594,1,FIR-001146,co-accused
ACC-02096,ACC-02862,1,FIR-001146,co-accused
ACC-02594,ACC-02862,1,FIR-001146,co-accused
ACC-00252,ACC-00714,1,FIR-001148,co-accused
ACC-04387,ACC-04429,1,FIR-001150,co-accused
ACC-01571,ACC-01642,1,FIR-001159,co-accused
ACC-03059,ACC-04351,1,FIR-001162,co-accused
ACC-00126,ACC-01061,1,FIR-001164,co-accused
ACC-00126,ACC-03082,1,FIR-001164,co-accused
ACC-01061,ACC-03082,1,FIR-001164,co-accused
ACC-02660,ACC-03897,1,FIR-001166,co-accused
ACC-03367,ACC-04387,1,FIR-001171,co-accused
ACC-00314,ACC-03559,1,FIR-001173,co-accused
ACC-00467,ACC-04098,1,FIR-001175,co-accused
ACC-03082,ACC-04280,1,FIR-001176,co-accused
ACC-00971,ACC-01059,1,FIR-001179,co-accused
ACC-00620,ACC-04143,1,FIR-001180,co-accused
ACC-00747,ACC-03779,1,FIR-001181,co-accused
ACC-01330,ACC-02416,1,FIR-001188,co-accused
ACC-00684,ACC-02864,1,FIR-001189,co-accused
ACC-01330,ACC-04303,1,FIR-001190,co-accused
ACC-01003,ACC-01967,1,FIR-001191,co-accused
ACC-00576,ACC-02470,1,FIR-001192,co-accused
ACC-00576,ACC-02690,1,FIR-001192,co-accused
ACC-02470,ACC-02690,1,FIR-001192,co-accused
ACC-01548,ACC-02277,1,FIR-001195,co-accused
ACC-00419,ACC-02493,1,FIR-001197,co-accused
ACC-02067,ACC-02470,1,FIR-001198,co-accused
ACC-00297,ACC-02493,1,FIR-001202,co-accused
ACC-03929,ACC-04279,1,FIR-001206,co-accused
ACC-01800,ACC-04424,1,FIR-001207,co-accused
ACC-02476,ACC-03766,1,FIR-001208,co-accused
ACC-01149,ACC-02001,1,FIR-001211,co-accused
ACC-02983,ACC-03323,1,FIR-001215,co-accused
ACC-00040,ACC-02583,1,FIR-001219,co-accused
ACC-02839,ACC-04265,1,FIR-001226,co-accused
ACC-00053,ACC-01389,1,FIR-001229,co-accused
ACC-01519,ACC-01989,1,FIR-001231,co-accused
ACC-00705,ACC-02307,1,FIR-001232,co-accused
ACC-00705,ACC-02371,1,FIR-001232,co-accused
ACC-02307,ACC-02371,1,FIR-001232,co-accused
ACC-01292,ACC-02783,1,FIR-001233,co-accused
ACC-02963,ACC-03641,1,FIR-001236,co-accused
ACC-02963,ACC-04190,1,FIR-001236,co-accused
ACC-03641,ACC-04190,1,FIR-001236,co-accused
ACC-01626,ACC-04249,1,FIR-001237,co-accused
ACC-00801,ACC-00974,1,FIR-001241,co-accused
ACC-00801,ACC-02297,1,FIR-001241,co-accused
ACC-00974,ACC-02297,1,FIR-001241,co-accused
ACC-00213,ACC-01494,1,FIR-001242,co-accused
ACC-00228,ACC-00788,1,FIR-001243,co-accused
ACC-00228,ACC-04300,1,FIR-001243,co-accused
ACC-00788,ACC-04300,1,FIR-001243,co-accused
ACC-00228,ACC-03341,1,FIR-001244,co-accused
ACC-00053,ACC-02640,1,FIR-001245,co-accused
ACC-01626,ACC-04220,1,FIR-001247,co-accused
ACC-00684,ACC-04051,1,FIR-001251,co-accused
ACC-01215,ACC-02017,1,FIR-001258,co-accused
ACC-00734,ACC-04304,1,FIR-001260,co-accused
ACC-00734,ACC-01535,1,FIR-001265,co-accused
ACC-03291,ACC-04299,1,FIR-001268,co-accused
ACC-02781,ACC-04379,1,FIR-001269,co-accused
ACC-00037,ACC-00288,1,FIR-001274,co-accused
ACC-02294,ACC-02564,1,FIR-001275,co-accused
ACC-00213,ACC-00318,1,FIR-001279,co-accused
ACC-02854,ACC-04141,1,FIR-001284,co-accused
ACC-00790,ACC-03160,1,FIR-001285,co-accused
ACC-00790,ACC-04103,1,FIR-001285,co-accused
ACC-03160,ACC-04103,1,FIR-001285,co-accused
ACC-00265,ACC-02148,1,FIR-001286,co-accused
ACC-00265,ACC-02460,1,FIR-001286,co-accused
ACC-02148,ACC-02460,1,FIR-001286,co-accused
ACC-02610,ACC-03693,1,FIR-001287,co-accused
ACC-01215,ACC-03529,1,FIR-001288,co-accused
ACC-03507,ACC-03816,1,FIR-001294,co-accused
ACC-01862,ACC-02783,1,FIR-001300,co-accused
ACC-01028,ACC-01984,1,FIR-001302,co-accused
ACC-01028,ACC-04389,1,FIR-001302,co-accused
ACC-01984,ACC-04389,1,FIR-001302,co-accused
ACC-02422,ACC-02854,1,FIR-001305,co-accused
ACC-00037,ACC-01575,1,FIR-001308,co-accused
ACC-00442,ACC-03299,1,FIR-001310,co-accused
ACC-00442,ACC-04389,1,FIR-001310,co-accused
ACC-03299,ACC-04389,1,FIR-001310,co-accused
ACC-00349,ACC-03547,1,FIR-001313,co-accused
ACC-00106,ACC-00199,1,FIR-001319,co-accused
ACC-00801,ACC-03267,1,FIR-001324,co-accused
ACC-00221,ACC-01629,1,FIR-001325,co-accused
ACC-00073,ACC-01028,1,FIR-001327,co-accused
ACC-00199,ACC-04266,1,FIR-001329,co-accused
ACC-02294,ACC-04071,1,FIR-001330,co-accused
ACC-01056,ACC-01459,1,FIR-001331,co-accused
ACC-02696,ACC-04343,1,FIR-001334,co-accused
ACC-00691,ACC-00969,1,FIR-001336,co-accused
ACC-01345,ACC-01637,1,FIR-001347,co-accused
ACC-00356,ACC-03407,1,FIR-001351,co-accused
ACC-02094,ACC-03117,1,FIR-001355,co-accused
ACC-03128,ACC-04060,1,FIR-001371,co-accused
ACC-03117,ACC-04315,1,FIR-001372,co-accused
ACC-01730,ACC-02602,1,FIR-001373,co-accused
ACC-02807,ACC-03200,1,FIR-001385,co-accused
ACC-00021,ACC-01499,1,FIR-001387,co-accused
ACC-01692,ACC-03843,1,FIR-001389,co-accused
ACC-01420,ACC-03834,1,FIR-001393,co-accused
ACC-02940,ACC-04201,1,FIR-001394,co-accused
ACC-00231,ACC-03700,1,FIR-001396,co-accused
ACC-00446,ACC-02400,1,FIR-001398,co-accused
ACC-02168,ACC-03160,1,FIR-001399,co-accused
ACC-02168,ACC-04364,1,FIR-001399,co-accused
ACC-03160,ACC-04364,1,FIR-001399,co-accused
ACC-02240,ACC-04301,1,FIR-001400,co-accused
ACC-00244,ACC-00312,1,FIR-001405,co-accused
ACC-00244,ACC-03645,1,FIR-001405,co-accused
ACC-00312,ACC-03645,1,FIR-001405,co-accused
ACC-01379,ACC-04255,1,FIR-001419,co-accused
ACC-00573,ACC-01420,1,FIR-001424,co-accused
ACC-02705,ACC-04041,1,FIR-001439,co-accused
ACC-00185,ACC-03696,1,FIR-001442,co-accused
ACC-02420,ACC-03915,1,FIR-001443,co-accused
ACC-00585,ACC-03072,1,FIR-001454,co-accused
ACC-01845,ACC-04241,1,FIR-001461,co-accused
ACC-01234,ACC-01772,1,FIR-001471,co-accused
ACC-00519,ACC-02305,1,FIR-001478,co-accused
ACC-00519,ACC-03208,1,FIR-001478,co-accused
ACC-02305,ACC-03208,1,FIR-001478,co-accused
ACC-03405,ACC-03971,1,FIR-001480,co-accused
ACC-00332,ACC-00340,1,FIR-001485,co-accused
ACC-00155,ACC-00432,1,FIR-001492,co-accused
ACC-01326,ACC-03660,1,FIR-001495,co-accused
ACC-01326,ACC-01578,1,FIR-001502,co-accused
ACC-00357,ACC-03884,1,FIR-001506,co-accused
ACC-00650,ACC-04078,1,FIR-001513,co-accused
ACC-00723,ACC-02072,1,FIR-001515,co-accused
ACC-02648,ACC-03556,1,FIR-001517,co-accused
ACC-03533,ACC-04299,1,FIR-001522,co-accused
ACC-01729,ACC-03190,1,FIR-001526,co-accused
ACC-00347,ACC-03779,1,FIR-001528,co-accused
ACC-01841,ACC-02962,1,FIR-001533,co-accused
ACC-00218,ACC-00269,1,FIR-001534,co-accused
ACC-01908,ACC-03439,1,FIR-001540,co-accused
ACC-01908,ACC-04241,1,FIR-001540,co-accused
ACC-03439,ACC-04241,1,FIR-001540,co-accused
ACC-01581,ACC-02420,1,FIR-001547,co-accused
ACC-00149,ACC-03141,1,FIR-001557,co-accused
ACC-00149,ACC-04348,1,FIR-001557,co-accused
ACC-03141,ACC-04348,1,FIR-001557,co-accused
ACC-01011,ACC-01086,1,FIR-001564,co-accused
ACC-00630,ACC-04149,1,FIR-001565,co-accused
ACC-00244,ACC-01790,1,FIR-001566,co-accused
ACC-00205,ACC-00827,1,FIR-001567,co-accused
ACC-00205,ACC-02962,1,FIR-001567,co-accused
ACC-00827,ACC-02962,1,FIR-001567,co-accused
ACC-00311,ACC-01635,1,FIR-001572,co-accused
ACC-00195,ACC-03796,1,FIR-001573,co-accused
ACC-00432,ACC-03345,1,FIR-001583,co-accused
ACC-01253,ACC-04348,1,FIR-001584,co-accused
ACC-00446,ACC-03840,1,FIR-001586,co-accused
ACC-02644,ACC-04300,1,FIR-001589,co-accused
ACC-01666,ACC-03218,1,FIR-001592,co-accused
ACC-01998,ACC-02240,1,FIR-001593,co-accused
ACC-00680,ACC-02483,1,FIR-001602,co-accused
ACC-01083,ACC-01826,1,FIR-001604,co-accused
ACC-01447,ACC-03878,1,FIR-001606,co-accused
ACC-00465,ACC-03197,1,FIR-001608,co-accused
ACC-00554,ACC-01709,1,FIR-001612,co-accused
ACC-00554,ACC-01826,1,FIR-001612,co-accused
ACC-01709,ACC-01826,1,FIR-001612,co-accused
ACC-01364,ACC-04392,1,FIR-001615,co-accused
ACC-02991,ACC-03805,1,FIR-001616,co-accused
ACC-00032,ACC-00794,1,FIR-001617,co-accused
ACC-00064,ACC-01497,1,FIR-001618,co-accused
ACC-00064,ACC-02244,1,FIR-001618,co-accused
ACC-01497,ACC-02244,1,FIR-001618,co-accused
ACC-00301,ACC-03863,1,FIR-001619,co-accused
ACC-00301,ACC-04093,1,FIR-001619,co-accused
ACC-03863,ACC-04093,1,FIR-001619,co-accused
ACC-00689,ACC-01851,1,FIR-001621,co-accused
ACC-00376,ACC-03888,1,FIR-001634,co-accused
ACC-01496,ACC-03189,1,FIR-001640,co-accused
ACC-03428,ACC-03770,1,FIR-001641,co-accused
ACC-00437,ACC-00554,1,FIR-001642,co-accused
ACC-00460,ACC-01069,1,FIR-001643,co-accused
ACC-03196,ACC-03434,1,FIR-001646,co-accused
ACC-03196,ACC-03495,1,FIR-001646,co-accused
ACC-03434,ACC-03495,1,FIR-001646,co-accused
ACC-00301,ACC-01250,1,FIR-001648,co-accused
ACC-04081,ACC-04319,1,FIR-001650,co-accused
ACC-01045,ACC-03196,1,FIR-001653,co-accused
ACC-00046,ACC-01205,1,FIR-001654,co-accused
ACC-00046,ACC-03350,1,FIR-001654,co-accused
ACC-01205,ACC-03350,1,FIR-001654,co-accused
ACC-00046,ACC-02723,1,FIR-001657,co-accused
ACC-00046,ACC-02824,1,FIR-001657,co-accused
ACC-02723,ACC-02824,1,FIR-001657,co-accused
ACC-02684,ACC-04285,1,FIR-001658,co-accused
ACC-03274,ACC-03863,1,FIR-001660,co-accused
ACC-02552,ACC-02586,1,FIR-001661,co-accused
ACC-00083,ACC-04312,1,FIR-001665,co-accused
ACC-01135,ACC-01412,1,FIR-001666,co-accused
ACC-01135,ACC-01781,1,FIR-001666,co-accused
ACC-01412,ACC-01781,1,FIR-001666,co-accused
ACC-02971,ACC-03939,1,FIR-001667,co-accused
ACC-00453,ACC-02003,1,FIR-001676,co-accused
ACC-01205,ACC-02334,1,FIR-001682,co-accused
ACC-03197,ACC-04406,1,FIR-001685,co-accused
ACC-02552,ACC-02751,1,FIR-001686,co-accused
ACC-01496,ACC-03277,1,FIR-001689,co-accused
ACC-02003,ACC-02642,1,FIR-001690,co-accused
ACC-00894,ACC-00995,1,FIR-001691,co-accused
ACC-01135,ACC-02040,1,FIR-001694,co-accused
ACC-01135,ACC-03278,1,FIR-001694,co-accused
ACC-02040,ACC-03278,1,FIR-001694,co-accused
ACC-02791,ACC-03348,1,FIR-001702,co-accused
ACC-01571,ACC-02489,1,FIR-001703,co-accused
ACC-01571,ACC-03254,1,FIR-001703,co-accused
ACC-02489,ACC-03254,1,FIR-001703,co-accused
ACC-00412,ACC-04398,1,FIR-001704,co-accused
ACC-00547,ACC-01497,1,FIR-001705,co-accused
ACC-01294,ACC-02065,1,FIR-001706,co-accused
ACC-01767,ACC-02785,1,FIR-001708,co-accused
ACC-02229,ACC-02652,1,FIR-001709,co-accused
ACC-01851,ACC-03006,1,FIR-001710,co-accused
ACC-03180,ACC-04374,1,FIR-001711,co-accused
ACC-00670,ACC-03761,1,FIR-001714,co-accused
ACC-01723,ACC-04398,1,FIR-001716,co-accused
ACC-03513,ACC-03730,1,FIR-001718,co-accused
ACC-00950,ACC-02036,1,FIR-001719,co-accused
ACC-00762,ACC-01567,1,FIR-001720,co-accused
ACC-00724,ACC-02667,1,FIR-001727,co-accused
ACC-02851,ACC-03249,1,FIR-001728,co-accused
ACC-02851,ACC-04336,1,FIR-001728,co-accused
ACC-03249,ACC-04336,1,FIR-001728,co-accused
ACC-01855,ACC-02523,1,FIR-001731,co-accused
ACC-00449,ACC-01853,1,FIR-001733,co-accused
ACC-02053,ACC-04328,1,FIR-001741,co-accused
ACC-00871,ACC-02125,1,FIR-001744,co-accused
ACC-00969,ACC-00994,1,FIR-001762,co-accused
ACC-02159,ACC-02920,1,FIR-001764,co-accused
ACC-01199,ACC-02776,1,FIR-001768,co-accused
ACC-00862,ACC-01764,1,FIR-001770,co-accused
ACC-00862,ACC-03179,1,FIR-001770,co-accused
ACC-01764,ACC-03179,1,FIR-001770,co-accused
ACC-02404,ACC-04397,1,FIR-001773,co-accused
ACC-00115,ACC-01364,1,FIR-001775,co-accused
ACC-02214,ACC-03025,1,FIR-001777,co-accused
ACC-03440,ACC-04289,1,FIR-001778,co-accused
ACC-01402,ACC-02385,1,FIR-001781,co-accused
ACC-00177,ACC-03002,1,FIR-001794,co-accused
ACC-00177,ACC-03457,1,FIR-001794,co-accused
ACC-03002,ACC-03457,1,FIR-001794,co-accused
ACC-00055,ACC-02797,1,FIR-001798,co-accused
ACC-01644,ACC-02748,1,FIR-001799,co-accused
ACC-01644,ACC-04258,1,FIR-001799,co-accused
ACC-02748,ACC-04258,1,FIR-001799,co-accused
ACC-00956,ACC-02404,1,FIR-001807,co-accused
ACC-00369,ACC-00485,1,FIR-001808,co-accused
ACC-01200,ACC-03600,1,FIR-001812,co-accused
ACC-03575,ACC-04090,1,FIR-001828,co-accused
ACC-00731,ACC-01372,1,FIR-001829,co-accused
ACC-00363,ACC-00711,1,FIR-001835,co-accused
ACC-00382,ACC-03816,1,FIR-001839,co-accused
ACC-02241,ACC-03088,1,FIR-001866,co-accused
ACC-02241,ACC-04144,1,FIR-001866,co-accused
ACC-03088,ACC-04144,1,FIR-001866,co-accused
ACC-00942,ACC-01657,1,FIR-001869,co-accused
ACC-02545,ACC-03893,1,FIR-001874,co-accused
ACC-00791,ACC-01101,1,FIR-001875,co-accused
ACC-00791,ACC-01177,1,FIR-001875,co-accused
ACC-01101,ACC-01177,1,FIR-001875,co-accused
ACC-02279,ACC-03794,1,FIR-001876,co-accused
ACC-00727,ACC-03018,1,FIR-001877,co-accused
ACC-03140,ACC-03322,1,FIR-001880,co-accused
ACC-02274,ACC-04325,1,FIR-001885,co-accused
ACC-03321,ACC-03326,1,FIR-001886,co-accused
ACC-02748,ACC-03697,1,FIR-001888,co-accused
ACC-00245,ACC-01917,1,FIR-001895,co-accused
ACC-01893,ACC-02107,1,FIR-001896,co-accused
ACC-03088,ACC-04394,1,FIR-001901,co-accused
ACC-01717,ACC-03320,1,FIR-001903,co-accused
ACC-02070,ACC-03343,1,FIR-001904,co-accused
ACC-00724,ACC-01859,1,FIR-001911,co-accused
ACC-02055,ACC-02773,1,FIR-001919,co-accused
ACC-03321,ACC-04011,1,FIR-001920,co-accused
ACC-00730,ACC-01979,1,FIR-001921,co-accused
ACC-01670,ACC-02723,1,FIR-001923,co-accused
ACC-01129,ACC-03024,1,FIR-001927,co-accused
ACC-00145,ACC-00902,1,FIR-001930,co-accused
ACC-00820,ACC-02794,1,FIR-001935,co-accused
ACC-00733,ACC-00889,1,FIR-001937,co-accused
ACC-03305,ACC-04242,1,FIR-001939,co-accused
ACC-00531,ACC-03179,1,FIR-001940,co-accused
ACC-00872,ACC-02401,1,FIR-001942,co-accused
ACC-03485,ACC-03764,1,FIR-001953,co-accused
ACC-00915,ACC-02241,1,FIR-001954,co-accused
ACC-00320,ACC-04451,1,FIR-001960,co-accused
ACC-01803,ACC-02805,1,FIR-001964,co-accused
ACC-01803,ACC-04415,1,FIR-001964,co-accused
ACC-02805,ACC-04415,1,FIR-001964,co-accused
ACC-01421,ACC-03861,1,FIR-001966,co-accused
ACC-01128,ACC-02381,1,FIR-001971,co-accused
ACC-00942,ACC-03451,1,FIR-001972,co-accused
ACC-02208,ACC-02700,1,FIR-001983,co-accused
ACC-02452,ACC-02911,1,FIR-001987,co-accused
ACC-02452,ACC-03264,1,FIR-001987,co-accused
ACC-02911,ACC-03264,1,FIR-001987,co-accused
ACC-00429,ACC-03983,1,FIR-001991,co-accused
ACC-01711,ACC-01861,1,FIR-001992,co-accused
ACC-01711,ACC-02542,1,FIR-001992,co-accused
ACC-01861,ACC-02542,1,FIR-001992,co-accused
ACC-01726,ACC-02982,1,FIR-001998,co-accused
ACC-00641,ACC-00909,1,FIR-001999,co-accused
ACC-01605,ACC-02578,1,FIR-002003,co-accused
ACC-03462,ACC-03620,1,FIR-002006,co-accused
ACC-01824,ACC-03573,1,FIR-002007,co-accused
ACC-01070,ACC-02075,1,FIR-002008,co-accused
ACC-03181,ACC-03628,1,FIR-002013,co-accused
ACC-03181,ACC-04311,1,FIR-002013,co-accused
ACC-03628,ACC-04311,1,FIR-002013,co-accused
ACC-00693,ACC-00855,1,FIR-002019,co-accused
ACC-00693,ACC-02837,1,FIR-002019,co-accused
ACC-00855,ACC-02837,1,FIR-002019,co-accused
ACC-02982,ACC-03101,1,FIR-002020,co-accused
ACC-02982,ACC-04409,1,FIR-002020,co-accused
ACC-03101,ACC-04409,1,FIR-002020,co-accused
ACC-02353,ACC-03901,1,FIR-002021,co-accused
ACC-03554,ACC-03573,1,FIR-002025,co-accused
ACC-01890,ACC-02120,1,FIR-002029,co-accused
ACC-03409,ACC-03628,1,FIR-002032,co-accused
ACC-02188,ACC-02546,1,FIR-002035,co-accused
ACC-02391,ACC-04135,1,FIR-002037,co-accused
ACC-01233,ACC-01465,1,FIR-002039,co-accused
ACC-03078,ACC-03087,1,FIR-002042,co-accused
ACC-02441,ACC-02743,1,FIR-002044,co-accused
ACC-02441,ACC-03462,1,FIR-002044,co-accused
ACC-02743,ACC-03462,1,FIR-002044,co-accused
ACC-00590,ACC-03763,1,FIR-002045,co-accused
ACC-02075,ACC-03803,1,FIR-002046,co-accused
ACC-00524,ACC-04459,1,FIR-002068,co-accused
ACC-00838,ACC-02441,1,FIR-002073,co-accused
ACC-00838,ACC-02912,1,FIR-002073,co-accused
ACC-02441,ACC-02912,1,FIR-002073,co-accused
ACC-01401,ACC-01667,1,FIR-002075,co-accused
ACC-03044,ACC-03199,1,FIR-002078,co-accused
ACC-01114,ACC-03805,1,FIR-002079,co-accused
ACC-00360,ACC-04156,1,FIR-002086,co-accused
ACC-01196,ACC-03901,1,FIR-002091,co-accused
ACC-01196,ACC-04311,1,FIR-002091,co-accused
ACC-03901,ACC-04311,1,FIR-002091,co-accused
ACC-01454,ACC-02934,1,FIR-002093,co-accused
ACC-03513,ACC-04177,1,FIR-002094,co-accused
ACC-01465,ACC-02934,1,FIR-002098,co-accused
ACC-01465,ACC-04359,1,FIR-002098,co-accused
ACC-02934,ACC-04359,1,FIR-002098,co-accused
ACC-01296,ACC-02026,1,FIR-002103,co-accused
ACC-01296,ACC-02401,1,FIR-002103,co-accused
ACC-02026,ACC-02401,1,FIR-002103,co-accused
ACC-01255,ACC-02973,1,FIR-002105,co-accused
ACC-01978,ACC-02758,1,FIR-002109,co-accused
ACC-02392,ACC-04034,1,FIR-002111,co-accused
ACC-00401,ACC-00755,1,FIR-002112,co-accused
ACC-02053,ACC-02395,1,FIR-002113,co-accused
ACC-00123,ACC-04376,1,FIR-002114,co-accused
ACC-02165,ACC-03075,1,FIR-002115,co-accused
ACC-00289,ACC-01304,1,FIR-002116,co-accused
ACC-00892,ACC-03458,1,FIR-002117,co-accused
ACC-00304,ACC-01011,1,FIR-002118,co-accused
ACC-01560,ACC-02397,1,FIR-002119,co-accused
ACC-00259,ACC-00322,1,FIR-002121,co-accused
ACC-02973,ACC-03363,1,FIR-002123,co-accused
ACC-03938,ACC-04095,1,FIR-002126,co-accused
ACC-03174,ACC-03914,1,FIR-002129,co-accused
ACC-00690,ACC-02287,1,FIR-002132,co-accused
ACC-00690,ACC-03663,1,FIR-002132,co-accused
ACC-02287,ACC-03663,1,FIR-002132,co-accused
ACC-00154,ACC-00867,1,FIR-002139,co-accused
ACC-00154,ACC-02140,1,FIR-002139,co-accused
ACC-00867,ACC-02140,1,FIR-002139,co-accused
ACC-03833,ACC-04295,1,FIR-002142,co-accused
ACC-00004,ACC-03080,1,FIR-002150,co-accused
ACC-00761,ACC-03234,1,FIR-002154,co-accused
ACC-01138,ACC-02019,1,FIR-002156,co-accused
ACC-00761,ACC-04168,1,FIR-002157,co-accused
ACC-00154,ACC-01878,1,FIR-002159,co-accused
ACC-02590,ACC-03528,1,FIR-002164,co-accused
ACC-03029,ACC-03073,1,FIR-002165,co-accused
ACC-00746,ACC-01503,1,FIR-002167,co-accused
ACC-00746,ACC-02165,1,FIR-002167,co-accused
ACC-01503,ACC-02165,1,FIR-002167,co-accused
ACC-00322,ACC-03871,1,FIR-002170,co-accused
ACC-00755,ACC-00802,1,FIR-002172,co-accused
ACC-00909,ACC-02311,1,FIR-002173,co-accused
ACC-01503,ACC-01889,1,FIR-002177,co-accused
ACC-00014,ACC-00185,1,FIR-002178,co-accused
ACC-00248,ACC-04118,1,FIR-002183,co-accused
ACC-02392,ACC-04077,1,FIR-002185,co-accused
ACC-00583,ACC-04355,1,FIR-002186,co-accused
ACC-01631,ACC-04075,1,FIR-002195,co-accused
ACC-01967,ACC-04070,1,FIR-002196,co-accused
ACC-02321,ACC-02823,1,FIR-002198,co-accused
ACC-02321,ACC-03971,1,FIR-002198,co-accused
ACC-02823,ACC-03971,1,FIR-002198,co-accused
ACC-01828,ACC-02365,1,FIR-002199,co-accused
ACC-02637,ACC-02813,1,FIR-002202,co-accused
ACC-02637,ACC-03645,1,FIR-002202,co-accused
ACC-02813,ACC-03645,1,FIR-002202,co-accused
ACC-01705,ACC-03354,1,FIR-002204,co-accused
ACC-00016,ACC-00725,1,FIR-002205,co-accused
ACC-00016,ACC-01022,1,FIR-002205,co-accused
ACC-00725,ACC-01022,1,FIR-002205,co-accused
ACC-02913,ACC-03067,1,FIR-002206,co-accused
ACC-00016,ACC-01368,1,FIR-002212,co-accused
ACC-02650,ACC-03615,1,FIR-002215,co-accused
ACC-01274,ACC-01540,1,FIR-002216,co-accused
ACC-02874,ACC-02959,1,FIR-002219,co-accused
ACC-03411,ACC-04358,1,FIR-002225,co-accused
ACC-00047,ACC-00685,1,FIR-002226,co-accused
ACC-01162,ACC-04382,1,FIR-002231,co-accused
ACC-02712,ACC-04358,1,FIR-002233,co-accused
ACC-02365,ACC-03247,1,FIR-002236,co-accused
ACC-03756,ACC-03995,1,FIR-002240,co-accused
ACC-01065,ACC-03315,1,FIR-002241,co-accused
ACC-01065,ACC-03995,1,FIR-002241,co-accused
ACC-03315,ACC-03995,1,FIR-002241,co-accused
ACC-01604,ACC-03772,1,FIR-002242,co-accused
ACC-00964,ACC-02292,1,FIR-002245,co-accused
ACC-00904,ACC-02874,1,FIR-002250,co-accused
ACC-00964,ACC-02769,1,FIR-002257,co-accused
ACC-00964,ACC-03067,1,FIR-002257,co-accused
ACC-02769,ACC-03067,1,FIR-002257,co-accused
ACC-01065,ACC-01449,1,FIR-002258,co-accused
ACC-02349,ACC-03693,1,FIR-002261,co-accused
ACC-00452,ACC-00685,1,FIR-002263,co-accused
ACC-01421,ACC-01590,1,FIR-002266,co-accused
ACC-01421,ACC-02650,1,FIR-002266,co-accused
ACC-01590,ACC-02650,1,FIR-002266,co-accused
ACC-00031,ACC-01266,1,FIR-002273,co-accused
ACC-00031,ACC-02104,1,FIR-002273,co-accused
ACC-01266,ACC-02104,1,FIR-002273,co-accused
ACC-01060,ACC-03744,1,FIR-002277,co-accused
ACC-01675,ACC-03079,1,FIR-002278,co-accused
ACC-01882,ACC-03255,1,FIR-002279,co-accused
ACC-01882,ACC-03384,1,FIR-002279,co-accused
ACC-03255,ACC-03384,1,FIR-002279,co-accused
ACC-01910,ACC-02687,1,FIR-002281,co-accused
ACC-02147,ACC-02983,1,FIR-002282,co-accused
ACC-01177,ACC-02513,1,FIR-002285,co-accused
ACC-00644,ACC-04167,1,FIR-002286,co-accused
ACC-00644,ACC-04205,1,FIR-002286,co-accused
ACC-04167,ACC-04205,1,FIR-002286,co-accused
ACC-00380,ACC-01168,1,FIR-002288,co-accused
ACC-01520,ACC-02606,1,FIR-002289,co-accused
ACC-02686,ACC-03427,1,FIR-002292,co-accused
ACC-02686,ACC-03680,1,FIR-002292,co-accused
ACC-03427,ACC-03680,1,FIR-002292,co-accused
ACC-00792,ACC-03113,1,FIR-002293,co-accused
ACC-00667,ACC-02549,1,FIR-002295,co-accused
ACC-01869,ACC-01988,1,FIR-002301,co-accused
ACC-01377,ACC-02937,1,FIR-002304,co-accused
ACC-01262,ACC-02623,1,FIR-002305,co-accused
ACC-01262,ACC-03303,1,FIR-002305,co-accused
ACC-02623,ACC-03303,1,FIR-002305,co-accused
ACC-00912,ACC-02606,1,FIR-002306,co-accused
ACC-01265,ACC-03120,1,FIR-002308,co-accused
ACC-00936,ACC-03427,1,FIR-002314,co-accused
ACC-00764,ACC-02992,1,FIR-002316,co-accused
ACC-00667,ACC-02346,1,FIR-002321,co-accused
ACC-00667,ACC-03079,1,FIR-002321,co-accused
ACC-02346,ACC-03079,1,FIR-002321,co-accused
ACC-02536,ACC-03333,1,FIR-002322,co-accused
ACC-00508,ACC-03303,1,FIR-002324,co-accused
ACC-00508,ACC-03365,1,FIR-002324,co-accused
ACC-03303,ACC-03365,1,FIR-002324,co-accused
ACC-00242,ACC-00534,1,FIR-002326,co-accused
ACC-01552,ACC-01798,1,FIR-002328,co-accused
ACC-01552,ACC-02452,1,FIR-002328,co-accused
ACC-01798,ACC-02452,1,FIR-002328,co-accused
ACC-00875,ACC-04199,1,FIR-002329,co-accused
ACC-00742,ACC-02006,1,FIR-002334,co-accused
ACC-03721,ACC-04167,1,FIR-002337,co-accused
ACC-01707,ACC-04265,1,FIR-002342,co-accused
ACC-01882,ACC-04207,1,FIR-002343,co-accused
ACC-03153,ACC-04374,1,FIR-002344,co-accused
ACC-01869,ACC-02423,1,FIR-002349,co-accused
ACC-01869,ACC-03566,1,FIR-002349,co-accused
ACC-02423,ACC-03566,1,FIR-002349,co-accused
ACC-02675,ACC-02763,1,FIR-002350,co-accused
ACC-00031,ACC-04013,1,FIR-002351,co-accused
ACC-01807,ACC-02891,1,FIR-002358,co-accused
ACC-02891,ACC-03233,1,FIR-002360,co-accused
ACC-01072,ACC-02602,1,FIR-002361,co-accused
ACC-01072,ACC-03042,1,FIR-002361,co-accused
ACC-02602,ACC-03042,1,FIR-002361,co-accused
ACC-00181,ACC-04123,1,FIR-002364,co-accused
ACC-04333,ACC-04340,1,FIR-002370,co-accused
ACC-00365,ACC-02226,1,FIR-002371,co-accused
ACC-00044,ACC-02494,1,FIR-002372,co-accused
ACC-02922,ACC-04089,1,FIR-002378,co-accused
ACC-02581,ACC-02742,1,FIR-002384,co-accused
ACC-03882,ACC-03948,1,FIR-002386,co-accused
ACC-02255,ACC-02527,1,FIR-002393,co-accused
ACC-00365,ACC-02975,1,FIR-002394,co-accused
ACC-00365,ACC-04010,1,FIR-002394,co-accused
ACC-02975,ACC-04010,1,FIR-002394,co-accused
ACC-01444,ACC-02461,1,FIR-002398,co-accused
ACC-01276,ACC-01674,1,FIR-002399,co-accused
ACC-01276,ACC-02881,1,FIR-002399,co-accused
ACC-01674,ACC-02881,1,FIR-002399,co-accused
ACC-01343,ACC-03518,1,FIR-002401,co-accused
ACC-04340,ACC-04439,1,FIR-002403,co-accused
ACC-02343,ACC-02759,1,FIR-002408,co-accused
ACC-01754,ACC-01874,1,FIR-002415,co-accused
ACC-00044,ACC-02484,1,FIR-002416,co-accused
ACC-01166,ACC-04027,1,FIR-002418,co-accused
ACC-02106,ACC-02881,1,FIR-002425,co-accused
ACC-03743,ACC-04119,1,FIR-002427,co-accused
ACC-01282,ACC-02118,1,FIR-002429,co-accused
ACC-01282,ACC-02254,1,FIR-002429,co-accused
ACC-02118,ACC-02254,1,FIR-002429,co-accused
ACC-01343,ACC-03430,1,FIR-002430,co-accused
ACC-01354,ACC-02542,1,FIR-002431,co-accused
ACC-03454,ACC-03866,1,FIR-002432,co-accused
ACC-03583,ACC-03858,1,FIR-002435,co-accused
ACC-01474,ACC-01890,1,FIR-002436,co-accused
ACC-02382,ACC-04089,1,FIR-002438,co-accused
ACC-02975,ACC-03007,1,FIR-002440,co-accused
ACC-02214,ACC-04211,1,FIR-002441,co-accused
ACC-01157,ACC-02877,1,FIR-002443,co-accused
ACC-01157,ACC-03313,1,FIR-002443,co-accused
ACC-02877,ACC-03313,1,FIR-002443,co-accused
ACC-03135,ACC-03447,1,FIR-002446,co-accused
ACC-00423,ACC-01710,1,FIR-002448,co-accused
ACC-00423,ACC-04334,1,FIR-002448,co-accused
ACC-01710,ACC-04334,1,FIR-002448,co-accused
ACC-03121,ACC-03344,1,FIR-002453,co-accused
ACC-00171,ACC-00587,1,FIR-002457,co-accused
ACC-00171,ACC-03135,1,FIR-002457,co-accused
ACC-00587,ACC-03135,1,FIR-002457,co-accused
ACC-00443,ACC-00479,1,FIR-002460,co-accused
ACC-00062,ACC-01806,1,FIR-002467,co-accused
ACC-00062,ACC-02766,1,FIR-002467,co-accused
ACC-01806,ACC-02766,1,FIR-002467,co-accused
ACC-00418,ACC-03724,1,FIR-002468,co-accused
ACC-01157,ACC-04294,1,FIR-002474,co-accused
ACC-02994,ACC-04457,1,FIR-002476,co-accused
ACC-01109,ACC-03663,1,FIR-002477,co-accused
ACC-00171,ACC-01741,1,FIR-002480,co-accused
ACC-02271,ACC-03313,1,FIR-002481,co-accused
ACC-01594,ACC-02823,1,FIR-002482,co-accused
ACC-00109,ACC-00775,1,FIR-002484,co-accused
ACC-00109,ACC-01958,1,FIR-002484,co-accused
ACC-00775,ACC-01958,1,FIR-002484,co-accused
ACC-03293,ACC-04372,1,FIR-002485,co-accused
ACC-04252,ACC-04430,1,FIR-002488,co-accused
ACC-03031,ACC-03988,1,FIR-002498,co-accused
ACC-00494,ACC-01710,1,FIR-002501,co-accused
ACC-03344,ACC-04287,1,FIR-002503,co-accused
ACC-03344,ACC-04334,1,FIR-002503,co-accused
ACC-04287,ACC-04334,1,FIR-002503,co-accused
ACC-01300,ACC-03724,1,FIR-002504,co-accused
ACC-00120,ACC-01902,1,FIR-002508,co-accused
ACC-00120,ACC-02843,1,FIR-002511,co-accused
ACC-03151,ACC-03854,1,FIR-002513,co-accused
ACC-00091,ACC-01857,1,FIR-002515,co-accused
ACC-00296,ACC-02524,1,FIR-002517,co-accused
ACC-00109,ACC-01378,1,FIR-002524,co-accused
ACC-04191,ACC-04377,1,FIR-002530,co-accused
ACC-00690,ACC-02775,1,FIR-002531,co-accused
ACC-02001,ACC-03319,1,FIR-002532,co-accused
ACC-00695,ACC-04115,1,FIR-002533,co-accused
ACC-00924,ACC-04114,1,FIR-002534,co-accused
ACC-00265,ACC-01786,1,FIR-002536,co-accused
ACC-00265,ACC-02100,1,FIR-002536,co-accused
ACC-01786,ACC-02100,1,FIR-002536,co-accused
ACC-00791,ACC-04400,1,FIR-002539,co-accused
ACC-02818,ACC-03360,1,FIR-002540,co-accused
ACC-02655,ACC-04239,1,FIR-002541,co-accused
ACC-00222,ACC-01204,1,FIR-002546,co-accused
ACC-01287,ACC-02688,1,FIR-002547,co-accused
ACC-00760,ACC-00822,1,FIR-002548,co-accused
ACC-00760,ACC-04170,1,FIR-002548,co-accused
ACC-00822,ACC-04170,1,FIR-002548,co-accused
ACC-01010,ACC-02164,1,FIR-002556,co-accused
ACC-00743,ACC-01229,1,FIR-002558,co-accused
ACC-02066,ACC-02178,1,FIR-002559,co-accused
ACC-02035,ACC-03442,1,FIR-002564,co-accused
ACC-02035,ACC-04114,1,FIR-002564,co-accused
ACC-03442,ACC-04114,1,FIR-002564,co-accused
ACC-01932,ACC-02243,1,FIR-002565,co-accused
ACC-01911,ACC-04239,1,FIR-002566,co-accused
ACC-02467,ACC-04379,1,FIR-002569,co-accused
ACC-00967,ACC-01064,1,FIR-002572,co-accused
ACC-00967,ACC-03442,1,FIR-002572,co-accused
ACC-01064,ACC-03442,1,FIR-002572,co-accused
ACC-00013,ACC-02476,1,FIR-002576,co-accused
ACC-00715,ACC-02565,1,FIR-002577,co-accused
ACC-03054,ACC-03569,1,FIR-002581,co-accused
ACC-00248,ACC-02243,1,FIR-002582,co-accused
ACC-00248,ACC-03687,1,FIR-002582,co-accused
ACC-02243,ACC-03687,1,FIR-002582,co-accused
ACC-01453,ACC-02148,1,FIR-002583,co-accused
ACC-01453,ACC-02345,1,FIR-002583,co-accused
ACC-02148,ACC-02345,1,FIR-002583,co-accused
ACC-00249,ACC-01861,1,FIR-002584,co-accused
ACC-00249,ACC-03636,1,FIR-002584,co-accused
ACC-01861,ACC-03636,1,FIR-002584,co-accused
ACC-02565,ACC-02576,1,FIR-002588,co-accused
ACC-02565,ACC-03927,1,FIR-002588,co-accused
ACC-02576,ACC-03927,1,FIR-002588,co-accused
ACC-00503,ACC-00695,1,FIR-002591,co-accused
ACC-00503,ACC-03636,1,FIR-002591,co-accused
ACC-00695,ACC-03636,1,FIR-002591,co-accused
ACC-00128,ACC-00222,1,FIR-002594,co-accused
ACC-01214,ACC-01287,1,FIR-002595,co-accused
ACC-01228,ACC-04081,1,FIR-002597,co-accused
ACC-01064,ACC-02515,1,FIR-002600,co-accused
ACC-00891,ACC-01808,1,FIR-002602,co-accused
ACC-04135,ACC-04390,1,FIR-002607,co-accused
ACC-00723,ACC-01071,1,FIR-002608,co-accused
ACC-00723,ACC-03534,1,FIR-002608,co-accused
ACC-01071,ACC-03534,1,FIR-002608,co-accused
ACC-00433,ACC-03591,1,FIR-002609,co-accused
ACC-01875,ACC-04377,1,FIR-002610,co-accused
ACC-03286,ACC-04039,1,FIR-002615,co-accused
ACC-01242,ACC-03473,1,FIR-002620,co-accused
ACC-01242,ACC-03768,1,FIR-002620,co-accused
ACC-03473,ACC-03768,1,FIR-002620,co-accused
ACC-00878,ACC-01037,1,FIR-002626,co-accused
ACC-03484,ACC-04318,1,FIR-002628,co-accused
ACC-01165,ACC-03930,1,FIR-002631,co-accused
ACC-02198,ACC-03701,1,FIR-002634,co-accused
ACC-04039,ACC-04171,1,FIR-002636,co-accused
ACC-02336,ACC-03930,1,FIR-002643,co-accused
ACC-00302,ACC-01043,1,FIR-002647,co-accused
ACC-00302,ACC-02684,1,FIR-002647,co-accused
ACC-01043,ACC-02684,1,FIR-002647,co-accused
ACC-01489,ACC-03213,1,FIR-002650,co-accused
ACC-00095,ACC-00113,1,FIR-002652,co-accused
ACC-00095,ACC-01910,1,FIR-002652,co-accused
ACC-00113,ACC-01910,1,FIR-002652,co-accused
ACC-00082,ACC-03718,1,FIR-002653,co-accused
ACC-01309,ACC-01604,1,FIR-002659,co-accused
ACC-02386,ACC-04316,1,FIR-002662,co-accused
ACC-00052,ACC-00082,1,FIR-002663,co-accused
ACC-00052,ACC-04259,1,FIR-002663,co-accused
ACC-00082,ACC-04259,1,FIR-002663,co-accused
ACC-01043,ACC-01789,1,FIR-002664,co-accused
ACC-00460,ACC-02362,1,FIR-002665,co-accused
ACC-01037,ACC-03784,1,FIR-002671,co-accused
ACC-00113,ACC-03115,1,FIR-002673,co-accused
ACC-01242,ACC-01288,1,FIR-002676,co-accused
ACC-02205,ACC-03701,1,FIR-002677,co-accused
ACC-02390,ACC-03473,1,FIR-002679,co-accused
ACC-02390,ACC-03958,1,FIR-002679,co-accused
ACC-03473,ACC-03958,1,FIR-002679,co-accused
ACC-02503,ACC-03213,1,FIR-002686,co-accused
ACC-01453,ACC-01756,1,FIR-002688,co-accused
ACC-02297,ACC-02925,1,FIR-002689,co-accused
ACC-01428,ACC-02477,1,FIR-002695,co-accused
ACC-01731,ACC-02842,1,FIR-002701,co-accused
ACC-03686,ACC-03968,1,FIR-002705,co-accused
ACC-01968,ACC-02738,1,FIR-002709,co-accused
ACC-03866,ACC-04275,1,FIR-002726,co-accused
ACC-02813,ACC-04227,1,FIR-002733,co-accused
ACC-04050,ACC-04147,1,FIR-002742,co-accused
ACC-01731,ACC-02869,1,FIR-002745,co-accused
ACC-00127,ACC-02179,1,FIR-002750,co-accused
ACC-00488,ACC-02073,1,FIR-002755,co-accused
ACC-00488,ACC-03902,1,FIR-002755,co-accused
ACC-02073,ACC-03902,1,FIR-002755,co-accused
ACC-01123,ACC-02746,1,FIR-002757,co-accused
ACC-00949,ACC-04423,1,FIR-002758,co-accused
ACC-00310,ACC-01728,1,FIR-002763,co-accused
ACC-00883,ACC-02381,1,FIR-002770,co-accused
ACC-00331,ACC-00438,1,FIR-002771,co-accused
ACC-00331,ACC-01881,1,FIR-002771,co-accused
ACC-00438,ACC-01881,1,FIR-002771,co-accused
ACC-01313,ACC-02886,1,FIR-002773,co-accused
ACC-01313,ACC-03481,1,FIR-002773,co-accused
ACC-02886,ACC-03481,1,FIR-002773,co-accused
ACC-00541,ACC-02738,1,FIR-002787,co-accused
ACC-01929,ACC-03686,1,FIR-002788,co-accused
ACC-02780,ACC-03514,1,FIR-002789,co-accused
ACC-00233,ACC-04006,1,FIR-002790,co-accused
ACC-01359,ACC-03287,1,FIR-002791,co-accused
ACC-00647,ACC-00907,1,FIR-002792,co-accused
ACC-01394,ACC-03607,1,FIR-002798,co-accused
ACC-03575,ACC-03933,1,FIR-002801,co-accused
ACC-00768,ACC-01996,1,FIR-002803,co-accused
ACC-00768,ACC-04237,1,FIR-002803,co-accused
ACC-01996,ACC-04237,1,FIR-002803,co-accused
ACC-00247,ACC-01887,1,FIR-002811,co-accused
ACC-00380,ACC-01518,1,FIR-002813,co-accused
ACC-03949,ACC-04247,1,FIR-002816,co-accused
ACC-01099,ACC-04423,1,FIR-002817,co-accused
ACC-03208,ACC-04150,1,FIR-002821,co-accused
ACC-04043,ACC-04349,1,FIR-002822,co-accused
ACC-00020,ACC-04136,1,FIR-002823,co-accused
ACC-01959,ACC-04208,1,FIR-002824,co-accused
ACC-02099,ACC-03725,1,FIR-002833,co-accused
ACC-03955,ACC-04349,1,FIR-002838,co-accused
ACC-00731,ACC-01395,1,FIR-002839,co-accused
ACC-04209,ACC-04417,1,FIR-002845,co-accused
ACC-02819,ACC-03508,1,FIR-002847,co-accused
ACC-00226,ACC-00511,1,FIR-002848,co-accused
ACC-01695,ACC-03899,1,FIR-002849,co-accused
ACC-00260,ACC-01021,1,FIR-002852,co-accused
ACC-00461,ACC-00488,1,FIR-002853,co-accused
ACC-02521,ACC-03607,1,FIR-002856,co-accused
ACC-00055,ACC-00548,1,FIR-002858,co-accused
ACC-00055,ACC-02700,1,FIR-002858,co-accused
ACC-00548,ACC-02700,1,FIR-002858,co-accused
ACC-03324,ACC-04384,1,FIR-002881,co-accused
ACC-03096,ACC-03219,1,FIR-002882,co-accused
ACC-00015,ACC-04140,1,FIR-002890,co-accused
ACC-01138,ACC-02196,1,FIR-002892,co-accused
ACC-00781,ACC-02996,1,FIR-002894,co-accused
ACC-03026,ACC-04147,1,FIR-002899,co-accused
ACC-00803,ACC-03073,1,FIR-002901,co-accused
ACC-00536,ACC-03949,1,FIR-002903,co-accused
ACC-01166,ACC-02757,1,FIR-002905,co-accused
ACC-00776,ACC-00985,1,FIR-002907,co-accused
ACC-02212,ACC-03959,1,FIR-002912,co-accused
ACC-03109,ACC-03387,1,FIR-002914,co-accused
ACC-02486,ACC-04014,1,FIR-002917,co-accused
ACC-03187,ACC-03899,1,FIR-002918,co-accused
ACC-00438,ACC-00733,1,FIR-002922,co-accused
ACC-00438,ACC-03330,1,FIR-002922,co-accused
ACC-00733,ACC-03330,1,FIR-002922,co-accused
ACC-03865,ACC-03920,1,FIR-002928,co-accused
ACC-00274,ACC-04459,1,FIR-002931,co-accused
ACC-00409,ACC-03725,1,FIR-002935,co-accused
ACC-01614,ACC-03038,1,FIR-002936,co-accused
ACC-00385,ACC-01123,1,FIR-002939,co-accused
ACC-02252,ACC-04229,1,FIR-002940,co-accused
ACC-00534,ACC-02317,1,FIR-002944,co-accused
ACC-01553,ACC-02288,1,FIR-002945,co-accused
ACC-00291,ACC-03038,1,FIR-002947,co-accused
ACC-00568,ACC-03778,1,FIR-002949,co-accused
ACC-01362,ACC-04208,1,FIR-002950,co-accused
ACC-01033,ACC-01618,1,FIR-002959,co-accused
ACC-02052,ACC-02774,1,FIR-002962,co-accused
ACC-01136,ACC-01654,1,FIR-002965,co-accused
ACC-00294,ACC-01334,1,FIR-002968,co-accused
ACC-00294,ACC-01772,1,FIR-002968,co-accused
ACC-01334,ACC-01772,1,FIR-002968,co-accused
ACC-01329,ACC-02576,1,FIR-002969,co-accused
ACC-01329,ACC-02994,1,FIR-002969,co-accused
ACC-02576,ACC-02994,1,FIR-002969,co-accused
ACC-01462,ACC-01491,1,FIR-002970,co-accused
ACC-01462,ACC-01654,1,FIR-002970,co-accused
ACC-01491,ACC-01654,1,FIR-002970,co-accused
ACC-00411,ACC-01359,1,FIR-002971,co-accused
ACC-00901,ACC-02730,1,FIR-002973,co-accused
ACC-01363,ACC-03763,1,FIR-002976,co-accused
ACC-00647,ACC-01113,1,FIR-002977,co-accused
ACC-00828,ACC-02020,1,FIR-002978,co-accused
ACC-00193,ACC-01055,1,FIR-002987,co-accused
ACC-00193,ACC-01529,1,FIR-002987,co-accused
ACC-01055,ACC-01529,1,FIR-002987,co-accused
ACC-00150,ACC-02192,1,FIR-002992,co-accused
ACC-01618,ACC-04178,1,FIR-002994,co-accused
ACC-02527,ACC-03178,1,FIR-002995,co-accused
ACC-02071,ACC-04156,1,FIR-002998,co-accused
ACC-01334,ACC-02744,1,FIR-003002,co-accused
ACC-00023,ACC-00794,1,FIR-003003,co-accused
ACC-02033,ACC-03022,1,FIR-003005,co-accused
ACC-02791,ACC-03647,1,FIR-003009,co-accused
ACC-00743,ACC-00893,1,FIR-003016,co-accused
ACC-02047,ACC-03022,1,FIR-003018,co-accused
ACC-00496,ACC-01022,1,FIR-003019,co-accused
ACC-00496,ACC-03837,1,FIR-003019,co-accused
ACC-01022,ACC-03837,1,FIR-003019,co-accused
ACC-00629,ACC-02524,1,FIR-003020,co-accused
ACC-00195,ACC-03379,1,FIR-003022,co-accused
ACC-01456,ACC-03558,1,FIR-003023,co-accused
ACC-01456,ACC-04078,1,FIR-003023,co-accused
ACC-03558,ACC-04078,1,FIR-003023,co-accused
ACC-01456,ACC-01484,1,FIR-003024,co-accused
ACC-01462,ACC-01866,1,FIR-003026,co-accused
ACC-00651,ACC-02192,1,FIR-003027,co-accused
ACC-00901,ACC-02070,1,FIR-003028,co-accused
ACC-00901,ACC-02882,1,FIR-003028,co-accused
ACC-02070,ACC-02882,1,FIR-003028,co-accused
ACC-01928,ACC-03897,1,FIR-003029,co-accused
ACC-01040,ACC-02278,1,FIR-003030,co-accused
ACC-01040,ACC-04355,1,FIR-003030,co-accused
ACC-02278,ACC-04355,1,FIR-003030,co-accused
ACC-00338,ACC-02884,1,FIR-003031,co-accused
ACC-00775,ACC-01970,1,FIR-003032,co-accused
ACC-01055,ACC-01396,1,FIR-003038,co-accused
ACC-00570,ACC-01408,1,FIR-003040,co-accused
ACC-00570,ACC-03327,1,FIR-003040,co-accused
ACC-01408,ACC-03327,1,FIR-003040,co-accused
ACC-00049,ACC-03556,1,FIR-003043,co-accused
ACC-00049,ACC-04308,1,FIR-003043,co-accused
ACC-03556,ACC-04308,1,FIR-003043,co-accused
ACC-02224,ACC-03441,1,FIR-003046,co-accused
ACC-02584,ACC-02668,1,FIR-003048,co-accused
ACC-02224,ACC-03188,1,FIR-003051,co-accused
ACC-01087,ACC-03526,1,FIR-003052,co-accused
ACC-01955,ACC-04401,1,FIR-003053,co-accused
ACC-00434,ACC-03854,1,FIR-003055,co-accused
ACC-01534,ACC-01621,1,FIR-003056,co-accused
ACC-01192,ACC-03793,1,FIR-003059,co-accused
ACC-01887,ACC-02178,1,FIR-003060,co-accused
ACC-01887,ACC-03773,1,FIR-003060,co-accused
ACC-02178,ACC-03773,1,FIR-003060,co-accused
ACC-00426,ACC-02788,1,FIR-003063,co-accused
ACC-00950,ACC-03911,1,FIR-003064,co-accused
ACC-01077,ACC-02344,1,FIR-003065,co-accused
ACC-01134,ACC-01955,1,FIR-003068,co-accused
ACC-01621,ACC-03819,1,FIR-003069,co-accused
ACC-00542,ACC-01262,1,FIR-003072,co-accused
ACC-02236,ACC-03600,1,FIR-003085,co-accused
ACC-01554,ACC-03715,1,FIR-003086,co-accused
ACC-00830,ACC-02774,1,FIR-003090,co-accused
ACC-01544,ACC-02305,1,FIR-003091,co-accused
ACC-00609,ACC-02274,1,FIR-003092,co-accused
ACC-00609,ACC-03567,1,FIR-003092,co-accused
ACC-02274,ACC-03567,1,FIR-003092,co-accused
ACC-00806,ACC-03190,1,FIR-003094,co-accused
ACC-00806,ACC-03910,1,FIR-003094,co-accused
ACC-03190,ACC-03910,1,FIR-003094,co-accused
ACC-00806,ACC-01348,1,FIR-003095,co-accused
ACC-00806,ACC-03981,1,FIR-003095,co-accused
ACC-01348,ACC-03981,1,FIR-003095,co-accused
ACC-02580,ACC-04204,1,FIR-003106,co-accused
ACC-01848,ACC-03469,1,FIR-003110,co-accused
ACC-03514,ACC-04283,1,FIR-003111,co-accused
ACC-00041,ACC-03437,1,FIR-003113,co-accused
ACC-03452,ACC-03526,1,FIR-003115,co-accused
ACC-00362,ACC-04445,1,FIR-003118,co-accused
ACC-00049,ACC-00414,1,FIR-003123,co-accused
ACC-00289,ACC-03193,1,FIR-003124,co-accused
ACC-00298,ACC-02402,1,FIR-003126,co-accused
ACC-00298,ACC-03130,1,FIR-003126,co-accused
ACC-02402,ACC-03130,1,FIR-003126,co-accused
ACC-00571,ACC-01898,1,FIR-003127,co-accused
ACC-00776,ACC-01017,1,FIR-003131,co-accused
ACC-00776,ACC-01684,1,FIR-003131,co-accused
ACC-01017,ACC-01684,1,FIR-003131,co-accused
ACC-02752,ACC-03777,1,FIR-003133,co-accused
ACC-01602,ACC-02800,1,FIR-003135,co-accused
ACC-01602,ACC-02875,1,FIR-003135,co-accused
ACC-02800,ACC-02875,1,FIR-003135,co-accused
ACC-00844,ACC-04273,1,FIR-003137,co-accused
ACC-02329,ACC-03078,1,FIR-003138,co-accused
ACC-02625,ACC-02901,1,FIR-003139,co-accused
ACC-03004,ACC-03034,1,FIR-003140,co-accused
ACC-03004,ACC-03617,1,FIR-003140,co-accused
ACC-03034,ACC-03617,1,FIR-003140,co-accused
ACC-01328,ACC-02113,1,FIR-003141,co-accused
ACC-01219,ACC-01595,1,FIR-003148,co-accused
ACC-02104,ACC-03395,1,FIR-003149,co-accused
ACC-00688,ACC-03157,1,FIR-003150,co-accused
ACC-00594,ACC-02989,1,FIR-003151,co-accused
ACC-00594,ACC-03985,1,FIR-003151,co-accused
ACC-02989,ACC-03985,1,FIR-003151,co-accused
ACC-01842,ACC-02958,1,FIR-003152,co-accused
ACC-01549,ACC-02397,1,FIR-003153,co-accused
ACC-03376,ACC-03705,1,FIR-003155,co-accused
ACC-00038,ACC-01119,1,FIR-003156,co-accused
ACC-00835,ACC-03914,1,FIR-003157,co-accused
ACC-00996,ACC-04137,1,FIR-003159,co-accused
ACC-00594,ACC-04142,1,FIR-003161,co-accused
ACC-03071,ACC-04243,1,FIR-003163,co-accused
ACC-01273,ACC-03750,1,FIR-003164,co-accused
ACC-00257,ACC-02113,1,FIR-003166,co-accused
ACC-00558,ACC-00824,1,FIR-003168,co-accused
ACC-00030,ACC-01595,1,FIR-003169,co-accused
ACC-00030,ACC-03162,1,FIR-003169,co-accused
ACC-01595,ACC-03162,1,FIR-003169,co-accused
ACC-00844,ACC-02200,1,FIR-003174,co-accused
ACC-00600,ACC-03635,1,FIR-003177,co-accused
ACC-00145,ACC-00341,1,FIR-003178,co-accused
ACC-00145,ACC-01390,1,FIR-003178,co-accused
ACC-00341,ACC-01390,1,FIR-003178,co-accused
ACC-01684,ACC-02531,1,FIR-003181,co-accused
ACC-00179,ACC-02451,1,FIR-003182,co-accused
ACC-02276,ACC-02625,1,FIR-003184,co-accused
ACC-00132,ACC-01390,1,FIR-003188,co-accused
ACC-00132,ACC-02180,1,FIR-003188,co-accused
ACC-01390,ACC-02180,1,FIR-003188,co-accused
ACC-00620,ACC-02830,1,FIR-003189,co-accused
ACC-00620,ACC-02999,1,FIR-003189,co-accused
ACC-02830,ACC-02999,1,FIR-003189,co-accused
ACC-02830,ACC-03094,1,FIR-003192,co-accused
ACC-01644,ACC-01898,1,FIR-003193,co-accused
ACC-01644,ACC-02720,1,FIR-003193,co-accused
ACC-01898,ACC-02720,1,FIR-003193,co-accused
ACC-00777,ACC-01459,1,FIR-003198,co-accused
ACC-00777,ACC-03034,1,FIR-003198,co-accused
ACC-01459,ACC-03034,1,FIR-003198,co-accused
ACC-00129,ACC-02478,1,FIR-003200,co-accused
ACC-02478,ACC-03800,1,FIR-003201,co-accused
ACC-02478,ACC-04415,1,FIR-003201,co-accused
ACC-03800,ACC-04415,1,FIR-003201,co-accused
ACC-03162,ACC-03622,1,FIR-003206,co-accused
ACC-02009,ACC-02105,1,FIR-003210,co-accused
ACC-02009,ACC-02800,1,FIR-003210,co-accused
ACC-02105,ACC-02800,1,FIR-003210,co-accused
ACC-03965,ACC-04108,1,FIR-003213,co-accused
ACC-00224,ACC-03152,1,FIR-003214,co-accused
ACC-03504,ACC-04383,1,FIR-003217,co-accused
ACC-03668,ACC-04108,1,FIR-003218,co-accused
ACC-02703,ACC-03574,1,FIR-003220,co-accused
ACC-01740,ACC-03807,1,FIR-003226,co-accused
ACC-01740,ACC-04049,1,FIR-003226,co-accused
ACC-03807,ACC-04049,1,FIR-003226,co-accused
ACC-02499,ACC-04456,1,FIR-003228,co-accused
ACC-01009,ACC-03591,1,FIR-003230,co-accused
ACC-03434,ACC-03952,1,FIR-003232,co-accused
ACC-02844,ACC-02902,1,FIR-003236,co-accused
ACC-03198,ACC-03509,1,FIR-003239,co-accused
ACC-00923,ACC-04383,1,FIR-003241,co-accused
ACC-00607,ACC-00779,1,FIR-003245,co-accused
ACC-00673,ACC-03713,1,FIR-003246,co-accused
ACC-00673,ACC-04073,1,FIR-003246,co-accused
ACC-03713,ACC-04073,1,FIR-003246,co-accused
ACC-00311,ACC-02184,1,FIR-003247,co-accused
ACC-02647,ACC-03598,1,FIR-003249,co-accused
ACC-00377,ACC-02837,1,FIR-003251,co-accused
ACC-01387,ACC-03324,1,FIR-003255,co-accused
ACC-03268,ACC-04095,1,FIR-003261,co-accused
ACC-00133,ACC-01612,1,FIR-003262,co-accused
ACC-00133,ACC-02540,1,FIR-003262,co-accused
ACC-01612,ACC-02540,1,FIR-003262,co-accused
ACC-01280,ACC-03598,1,FIR-003266,co-accused
ACC-01280,ACC-03747,1,FIR-003266,co-accused
ACC-03598,ACC-03747,1,FIR-003266,co-accused
ACC-02038,ACC-02844,1,FIR-003270,co-accused
ACC-03159,ACC-03563,1,FIR-003271,co-accused
ACC-03159,ACC-04216,1,FIR-003271,co-accused
ACC-03563,ACC-04216,1,FIR-003271,co-accused
ACC-00175,ACC-01983,1,FIR-003272,co-accused
ACC-01628,ACC-03508,1,FIR-003273,co-accused
ACC-01312,ACC-02269,1,FIR-003274,co-accused
ACC-01469,ACC-01706,1,FIR-003276,co-accused
ACC-03217,ACC-03563,1,FIR-003278,co-accused
ACC-03217,ACC-04414,1,FIR-003278,co-accused
ACC-03563,ACC-04414,1,FIR-003278,co-accused
ACC-01433,ACC-03714,1,FIR-003280,co-accused
ACC-00471,ACC-01448,1,FIR-003282,co-accused
ACC-00471,ACC-01667,1,FIR-003282,co-accused
ACC-01448,ACC-01667,1,FIR-003282,co-accused
ACC-03152,ACC-03237,1,FIR-003285,co-accused
ACC-01740,ACC-02859,1,FIR-003288,co-accused
ACC-01131,ACC-01448,1,FIR-003289,co-accused
ACC-01131,ACC-03747,1,FIR-003289,co-accused
ACC-01448,ACC-03747,1,FIR-003289,co-accused
ACC-03118,ACC-03509,1,FIR-003290,co-accused
ACC-03355,ACC-03700,1,FIR-003292,co-accused
ACC-00074,ACC-02540,1,FIR-003293,co-accused
ACC-00074,ACC-03256,1,FIR-003293,co-accused
ACC-02540,ACC-03256,1,FIR-003293,co-accused
ACC-02760,ACC-03574,1,FIR-003294,co-accused
ACC-02760,ACC-03611,1,FIR-003294,co-accused
ACC-03574,ACC-03611,1,FIR-003294,co-accused
ACC-01706,ACC-02749,1,FIR-003295,co-accused
ACC-01706,ACC-04073,1,FIR-003295,co-accused
ACC-02749,ACC-04073,1,FIR-003295,co-accused
ACC-02307,ACC-04435,1,FIR-003296,co-accused
ACC-01347,ACC-03812,1,FIR-003297,co-accused
ACC-00083,ACC-02903,1,FIR-003300,co-accused
ACC-01669,ACC-02185,1,FIR-003303,co-accused
ACC-01669,ACC-03384,1,FIR-003303,co-accused
ACC-02185,ACC-03384,1,FIR-003303,co-accused
ACC-02729,ACC-03436,1,FIR-003304,co-accused
ACC-02729,ACC-03903,1,FIR-003304,co-accused
ACC-03436,ACC-03903,1,FIR-003304,co-accused
ACC-00506,ACC-03031,1,FIR-003309,co-accused
ACC-00383,ACC-01347,1,FIR-003314,co-accused
ACC-00383,ACC-04305,1,FIR-003314,co-accused
ACC-01347,ACC-04305,1,FIR-003314,co-accused
ACC-00229,ACC-00559,1,FIR-003315,co-accused
ACC-00229,ACC-01678,1,FIR-003316,co-accused
ACC-00229,ACC-02794,1,FIR-003316,co-accused
ACC-01678,ACC-02794,1,FIR-003316,co-accused
ACC-00545,ACC-00837,1,FIR-003324,co-accused
ACC-01543,ACC-03249,1,FIR-003325,co-accused
ACC-02164,ACC-02328,1,FIR-003329,co-accused
ACC-02096,ACC-04179,1,FIR-003330,co-accused
ACC-00935,ACC-01108,1,FIR-003331,co-accused
ACC-00607,ACC-03830,1,FIR-003332,co-accused
ACC-00960,ACC-03584,1,FIR-003334,co-accused
ACC-00960,ACC-03722,1,FIR-003334,co-accused
ACC-03584,ACC-03722,1,FIR-003334,co-accused
ACC-00190,ACC-03984,1,FIR-003335,co-accused
ACC-01816,ACC-02909,1,FIR-003339,co-accused
ACC-00785,ACC-03149,1,FIR-003340,co-accused
ACC-00507,ACC-02061,1,FIR-003341,co-accused
ACC-00507,ACC-02940,1,FIR-003341,co-accused
ACC-02061,ACC-02940,1,FIR-003341,co-accused
ACC-00980,ACC-03149,1,FIR-003342,co-accused
ACC-00121,ACC-01855,1,FIR-003343,co-accused
ACC-02061,ACC-04297,1,FIR-003344,co-accused
ACC-00220,ACC-03263,1,FIR-003350,co-accused
ACC-01071,ACC-01335,1,FIR-003352,co-accused
ACC-00034,ACC-00545,1,FIR-003353,co-accused
ACC-03002,ACC-03749,1,FIR-003354,co-accused
ACC-01051,ACC-03984,1,FIR-003355,co-accused
ACC-02327,ACC-02729,1,FIR-003359,co-accused
ACC-00305,ACC-03584,1,FIR-003360,co-accused
ACC-00038,ACC-00664,1,FIR-003370,co-accused
ACC-00038,ACC-00960,1,FIR-003370,co-accused
ACC-00664,ACC-00960,1,FIR-003370,co-accused
ACC-03499,ACC-04306,1,FIR-003371,co-accused
ACC-00132,ACC-02388,1,FIR-003372,co-accused
ACC-00201,ACC-03011,1,FIR-003374,co-accused
ACC-00201,ACC-03042,1,FIR-003374,co-accused
ACC-03011,ACC-03042,1,FIR-003374,co-accused
ACC-00167,ACC-01736,1,FIR-003377,co-accused
ACC-00167,ACC-03903,1,FIR-003377,co-accused
ACC-01736,ACC-03903,1,FIR-003377,co-accused
ACC-01555,ACC-04347,1,FIR-003378,co-accused
ACC-02057,ACC-04091,1,FIR-003386,co-accused
ACC-00340,ACC-04184,1,FIR-003387,co-accused
ACC-00568,ACC-02270,1,FIR-003389,co-accused
ACC-03928,ACC-04111,1,FIR-003391,co-accused
ACC-00660,ACC-02905,1,FIR-003392,co-accused
ACC-00660,ACC-03491,1,FIR-003392,co-accused
ACC-02905,ACC-03491,1,FIR-003392,co-accused
ACC-00597,ACC-03983,1,FIR-003394,co-accused
ACC-00236,ACC-00996,1,FIR-003398,co-accused
ACC-00236,ACC-03128,1,FIR-003398,co-accused
ACC-00996,ACC-03128,1,FIR-003398,co-accused
ACC-01257,ACC-03851,1,FIR-003402,co-accused
ACC-01408,ACC-01809,1,FIR-003403,co-accused
ACC-01781,ACC-03750,1,FIR-003409,co-accused
ACC-01781,ACC-04000,1,FIR-003409,co-accused
ACC-03750,ACC-04000,1,FIR-003409,co-accused
ACC-01121,ACC-03486,1,FIR-003414,co-accused
ACC-03282,ACC-03565,1,FIR-003416,co-accused
ACC-00640,ACC-02237,1,FIR-003417,co-accused
ACC-03311,ACC-04445,1,FIR-003418,co-accused
ACC-00793,ACC-02465,1,FIR-003419,co-accused
ACC-02028,ACC-03159,1,FIR-003420,co-accused
ACC-00565,ACC-04111,1,FIR-003421,co-accused
ACC-00839,ACC-01576,1,FIR-003423,co-accused
ACC-00839,ACC-02027,1,FIR-003423,co-accused
ACC-01576,ACC-02027,1,FIR-003423,co-accused
ACC-00784,ACC-01379,1,FIR-003429,co-accused
ACC-03281,ACC-03301,1,FIR-003435,co-accused
ACC-00660,ACC-00805,1,FIR-003438,co-accused
ACC-03618,ACC-04091,1,FIR-003443,co-accused
ACC-00149,ACC-02115,1,FIR-003446,co-accused
ACC-01997,ACC-03000,1,FIR-003447,co-accused
ACC-00809,ACC-00839,1,FIR-003448,co-accused
ACC-00809,ACC-03004,1,FIR-003448,co-accused
ACC-00839,ACC-03004,1,FIR-003448,co-accused
ACC-01382,ACC-02390,1,FIR-003450,co-accused
ACC-00193,ACC-02135,1,FIR-003451,co-accused
ACC-01885,ACC-02125,1,FIR-003453,co-accused
ACC-01885,ACC-03301,1,FIR-003453,co-accused
ACC-02125,ACC-03301,1,FIR-003453,co-accused
ACC-01121,ACC-03739,1,FIR-003461,co-accused
ACC-02785,ACC-03393,1,FIR-003464,co-accused
ACC-01192,ACC-02665,1,FIR-003465,co-accused
ACC-01942,ACC-03813,1,FIR-003466,co-accused
ACC-00157,ACC-00464,1,FIR-003471,co-accused
ACC-00157,ACC-04373,1,FIR-003471,co-accused
ACC-00464,ACC-04373,1,FIR-003471,co-accused
ACC-00099,ACC-00261,1,FIR-003476,co-accused
ACC-00099,ACC-03934,1,FIR-003476,co-accused
ACC-00261,ACC-03934,1,FIR-003476,co-accused
ACC-01224,ACC-04222,1,FIR-003477,co-accused
ACC-00464,ACC-01191,1,FIR-003483,co-accused
ACC-00464,ACC-01653,1,FIR-003483,co-accused
ACC-01191,ACC-01653,1,FIR-003483,co-accused
ACC-01308,ACC-01422,1,FIR-003484,co-accused
ACC-01308,ACC-04357,1,FIR-003484,co-accused
ACC-01422,ACC-04357,1,FIR-003484,co-accused
ACC-02176,ACC-02980,1,FIR-003487,co-accused
ACC-00458,ACC-02739,1,FIR-003490,co-accused
ACC-00327,ACC-03146,1,FIR-003491,co-accused
ACC-00514,ACC-04222,1,FIR-003496,co-accused
ACC-00320,ACC-02335,1,FIR-003499,co-accused
ACC-00102,ACC-01254,1,FIR-003502,co-accused
ACC-00436,ACC-01925,1,FIR-003503,co-accused
ACC-00636,ACC-03975,1,FIR-003508,co-accused
ACC-01191,ACC-04335,1,FIR-003511,co-accused
ACC-03470,ACC-04138,1,FIR-003512,co-accused
ACC-03470,ACC-04357,1,FIR-003512,co-accused
ACC-04138,ACC-04357,1,FIR-003512,co-accused
ACC-00004,ACC-01725,1,FIR-003513,co-accused
ACC-00004,ACC-02316,1,FIR-003513,co-accused
ACC-01725,ACC-02316,1,FIR-003513,co-accused
ACC-02204,ACC-04138,1,FIR-003518,co-accused
ACC-02367,ACC-04025,1,FIR-003519,co-accused
ACC-02316,ACC-02858,1,FIR-003526,co-accused
ACC-01606,ACC-02980,1,FIR-003528,co-accused
ACC-01950,ACC-02489,1,FIR-003529,co-accused
ACC-02905,ACC-03065,1,FIR-003530,co-accused
ACC-02239,ACC-02993,1,FIR-003531,co-accused
ACC-01733,ACC-03322,1,FIR-003532,co-accused
ACC-01942,ACC-02816,1,FIR-003534,co-accused
ACC-00589,ACC-04205,1,FIR-003536,co-accused
ACC-00436,ACC-01067,1,FIR-003539,co-accused
ACC-00577,ACC-01060,1,FIR-003550,co-accused
ACC-00577,ACC-02766,1,FIR-003550,co-accused
ACC-01060,ACC-02766,1,FIR-003550,co-accused
ACC-00308,ACC-00373,1,FIR-003554,co-accused
ACC-01139,ACC-01207,1,FIR-003557,co-accused
ACC-02288,ACC-03273,1,FIR-003559,co-accused
ACC-00416,ACC-03932,1,FIR-003569,co-accused
ACC-00935,ACC-02179,1,FIR-003571,co-accused
ACC-00935,ACC-02522,1,FIR-003571,co-accused
ACC-02179,ACC-02522,1,FIR-003571,co-accused
ACC-02266,ACC-04098,1,FIR-003572,co-accused
ACC-02990,ACC-04268,1,FIR-003578,co-accused
ACC-03547,ACC-03638,1,FIR-003579,co-accused
ACC-00251,ACC-00860,1,FIR-003585,co-accused
ACC-00251,ACC-03114,1,FIR-003585,co-accused
ACC-00860,ACC-03114,1,FIR-003585,co-accused
ACC-01996,ACC-03288,1,FIR-003589,co-accused
ACC-00363,ACC-01658,1,FIR-003590,co-accused
ACC-00159,ACC-00971,1,FIR-003592,co-accused
ACC-00159,ACC-03524,1,FIR-003592,co-accused
ACC-00971,ACC-03524,1,FIR-003592,co-accused
ACC-00892,ACC-01207,1,FIR-003596,co-accused
ACC-00892,ACC-04235,1,FIR-003596,co-accused
ACC-01207,ACC-04235,1,FIR-003596,co-accused
ACC-00701,ACC-02087,1,FIR-003597,co-accused
ACC-00701,ACC-00856,1,FIR-003601,co-accused
ACC-00058,ACC-00373,1,FIR-003602,co-accused
ACC-00074,ACC-01358,1,FIR-003603,co-accused
ACC-00860,ACC-02710,1,FIR-003604,co-accused
ACC-03131,ACC-04268,1,FIR-003605,co-accused
ACC-02862,ACC-03112,1,FIR-003609,co-accused
ACC-01411,ACC-01982,1,FIR-003611,co-accused
ACC-01411,ACC-02652,1,FIR-003611,co-accused
ACC-01982,ACC-02652,1,FIR-003611,co-accused
ACC-00416,ACC-01151,1,FIR-003614,co-accused
ACC-00416,ACC-03289,1,FIR-003614,co-accused
ACC-01151,ACC-03289,1,FIR-003614,co-accused
ACC-01982,ACC-03203,1,FIR-003615,co-accused
ACC-01819,ACC-03741,1,FIR-003619,co-accused
ACC-00739,ACC-00800,1,FIR-003622,co-accused
ACC-01310,ACC-03799,1,FIR-003623,co-accused
ACC-01803,ACC-03698,1,FIR-003627,co-accused
ACC-02857,ACC-03799,1,FIR-003631,co-accused
ACC-02857,ACC-03865,1,FIR-003631,co-accused
ACC-03799,ACC-03865,1,FIR-003631,co-accused
ACC-01270,ACC-03741,1,FIR-003632,co-accused
ACC-02621,ACC-03877,1,FIR-003633,co-accused
ACC-01265,ACC-01337,1,FIR-003635,co-accused
ACC-03583,ACC-03611,1,FIR-003636,co-accused
ACC-03583,ACC-04058,1,FIR-003636,co-accused
ACC-03611,ACC-04058,1,FIR-003636,co-accused
ACC-01186,ACC-02658,1,FIR-003639,co-accused
ACC-02695,ACC-03993,1,FIR-003640,co-accused
ACC-02016,ACC-02691,1,FIR-003641,co-accused
ACC-01294,ACC-03226,1,FIR-003645,co-accused
ACC-00043,ACC-03145,1,FIR-003647,co-accused
ACC-00043,ACC-03714,1,FIR-003647,co-accused
ACC-03145,ACC-03714,1,FIR-003647,co-accused
ACC-00159,ACC-03669,1,FIR-003648,co-accused
ACC-02044,ACC-04261,1,FIR-003649,co-accused
ACC-02457,ACC-02658,1,FIR-003653,co-accused
ACC-02457,ACC-04153,1,FIR-003653,co-accused
ACC-02658,ACC-04153,1,FIR-003653,co-accused
ACC-01020,ACC-01934,1,FIR-003657,co-accused
ACC-01020,ACC-02133,1,FIR-003657,co-accused
ACC-01934,ACC-02133,1,FIR-003657,co-accused
ACC-02044,ACC-02168,1,FIR-003659,co-accused
ACC-02044,ACC-03751,1,FIR-003659,co-accused
ACC-02168,ACC-03751,1,FIR-003659,co-accused
ACC-03990,ACC-04343,1,FIR-003663,co-accused
ACC-00750,ACC-04153,1,FIR-003666,co-accused
ACC-01013,ACC-01934,1,FIR-003672,co-accused
ACC-00217,ACC-01669,1,FIR-003675,co-accused
ACC-00420,ACC-02977,1,FIR-003676,co-accused
ACC-00516,ACC-00855,1,FIR-003679,co-accused
ACC-00516,ACC-02759,1,FIR-003679,co-accused
ACC-00855,ACC-02759,1,FIR-003679,co-accused
ACC-00098,ACC-03070,1,FIR-003682,co-accused
ACC-00006,ACC-03171,1,FIR-003686,co-accused
ACC-00415,ACC-03278,1,FIR-003688,co-accused
ACC-00415,ACC-03566,1,FIR-003688,co-accused
ACC-03278,ACC-03566,1,FIR-003688,co-accused
ACC-00420,ACC-00558,1,FIR-003694,co-accused
ACC-00420,ACC-01426,1,FIR-003694,co-accused
ACC-00558,ACC-01426,1,FIR-003694,co-accused
ACC-00997,ACC-04136,1,FIR-003698,co-accused
ACC-01281,ACC-01728,1,FIR-003702,co-accused
ACC-00389,ACC-00392,1,FIR-003715,co-accused
ACC-01983,ACC-04116,1,FIR-003716,co-accused
ACC-01899,ACC-02007,1,FIR-003720,co-accused
