phone_id_1,phone_id_2,contact_date,contact_count,link_fir_ids
PHN-00089,PHN-01525,2021-03-07,2,FIR-001703|FIR-003504
PHN-01619,PHN-01456,2021-10-20,3,FIR-000896|FIR-002770
PHN-01002,PHN-00404,2025-11-03,7,FIR-000105|FIR-001164|FIR-001176
PHN-00336,PHN-00433,2023-05-30,25,FIR-001200|FIR-002372|FIR-002416
PHN-00070,PHN-01724,2024-08-26,3,FIR-002972|FIR-003633
PHN-00754,PHN-01956,2022-03-19,20,FIR-003414|FIR-003513
PHN-00268,PHN-02138,2024-03-30,19,FIR-000020|FIR-000553
PHN-01208,PHN-01238,2025-05-26,6,FIR-001875|FIR-002097|FIR-002285
PHN-01141,PHN-02097,2022-03-03,5,FIR-000114|FIR-001305
PHN-02107,PHN-01517,2022-03-20,19,FIR-000741|FIR-003252
PHN-00715,PHN-01574,2024-10-26,17,FIR-000263|FIR-000920
PHN-01550,PHN-01001,2025-01-02,15,FIR-001013|FIR-002761
PHN-00374,PHN-00694,2025-08-29,23,FIR-001549|FIR-001585
PHN-00399,PHN-01294,2022-07-28,22,FIR-000896|FIR-000917|FIR-001098
PHN-01553,PHN-01374,2024-08-12,10,FIR-000077|FIR-003471|FIR-003483
PHN-01224,PHN-00538,2022-11-04,4,FIR-001432|FIR-003364
PHN-02150,PHN-00242,2025-10-26,6,FIR-001659|FIR-002823|FIR-003698
PHN-02178,PHN-00262,2021-10-27,15,FIR-001010|FIR-002547|FIR-002595
PHN-00386,PHN-02016,2023-05-12,21,FIR-000009|FIR-000057
PHN-00401,PHN-01330,2024-11-07,22,FIR-002038|FIR-003661
PHN-01704,PHN-00057,2021-01-06,15,FIR-002711|FIR-003519
PHN-01849,PHN-00657,2025-07-23,18,FIR-000794|FIR-003290
PHN-00793,PHN-00852,2023-05-09,14,FIR-001359|FIR-003040|FIR-003403
PHN-00983,PHN-01797,2021-01-16,15,FIR-000799|FIR-001976
PHN-00248,PHN-01276,2024-11-30,13,FIR-000489|FIR-000726|FIR-003149
PHN-00636,PHN-00405,2022-08-19,10,FIR-000074|FIR-000773
PHN-01948,PHN-01193,2024-08-21,22,FIR-002222|FIR-003477|FIR-003496
PHN-00764,PHN-02025,2021-09-18,25,FIR-000806|FIR-003567
PHN-00759,PHN-00185,2021-01-08,15,FIR-000055|FIR-002750
PHN-01138,PHN-01793,2021-03-18,16,FIR-000294|FIR-000814|FIR-002114
PHN-01094,PHN-01978,2023-09-29,4,FIR-000067|FIR-002342
PHN-00117,PHN-01425,2022-04-19,21,FIR-000951|FIR-002132|FIR-002477
PHN-00675,PHN-01390,2023-01-30,22,FIR-001361|FIR-003515
PHN-01814,PHN-00449,2024-03-18,20,FIR-000127|FIR-002901
PHN-00048,PHN-00836,2021-11-16,24,FIR-002573|FIR-003243
PHN-01520,PHN-01799,2022-04-26,8,FIR-001906|FIR-003660
PHN-00525,PHN-00017,2021-06-30,6,FIR-001567|FIR-003488
PHN-00173,PHN-00736,2024-01-26,20,FIR-001903|FIR-002109
PHN-00237,PHN-00243,2024-04-09,17,FIR-001313|FIR-002275
PHN-01565,PHN-01473,2022-10-10,4,FIR-000528|FIR-003663
PHN-02217,PHN-00255,2021-07-01,17,FIR-000367|FIR-003142
PHN-01523,PHN-00512,2025-02-23,14,FIR-001000|FIR-001076|FIR-003413
PHN-00875,PHN-00766,2025-02-14,22,FIR-000439|FIR-001439
PHN-01429,PHN-00767,2025-11-22,1,FIR-001727|FIR-002435
PHN-00281,PHN-01269,2022-12-13,9,FIR-001217|FIR-002121|FIR-002170
PHN-01932,PHN-01190,2021-09-18,7,FIR-000260|FIR-000464
PHN-02186,PHN-00457,2021-06-04,4,FIR-002242|FIR-003512|FIR-003518
PHN-00685,PHN-00144,2024-09-03,6,FIR-000729|FIR-003611|FIR-003615
PHN-01982,PHN-01016,2023-02-12,5,FIR-001279|FIR-001694|FIR-003688
PHN-02066,PHN-02041,2022-12-25,25,FIR-000561|FIR-002348
PHN-00046,PHN-00256,2023-07-11,9,FIR-000862|FIR-002241|FIR-002258
PHN-00458,PHN-01221,2023-11-17,20,FIR-000400|FIR-001409
PHN-00838,PHN-00631,2025-12-31,9,FIR-000231|FIR-002269
PHN-01514,PHN-00158,2023-03-21,13,FIR-000258|FIR-002350
PHN-01452,PHN-00686,2024-12-15,16,FIR-003573|FIR-003580
PHN-01994,PHN-02116,2022-09-18,13,FIR-001775|FIR-003410
PHN-00933,PHN-02118,2025-01-06,11,FIR-000226|FIR-002726
PHN-00098,PHN-02044,2022-12-02,1,FIR-001058|FIR-002991
PHN-02022,PHN-01594,2023-01-14,15,FIR-002657|FIR-003390
PHN-00617,PHN-01230,2022-10-04,22,FIR-001431|FIR-003518
PHN-01796,PHN-00246,2021-05-10,19,FIR-000239|FIR-001358|FIR-002894
PHN-00851,PHN-00999,2022-07-01,8,FIR-002508|FIR-002511|FIR-003526
PHN-00297,PHN-01180,2022-06-06,5,FIR-000164|FIR-002717
PHN-01871,PHN-01720,2022-11-20,9,FIR-000490|FIR-000742|FIR-000827
PHN-01240,PHN-01020,2023-10-24,5,FIR-000798|FIR-002109
PHN-01766,PHN-01376,2024-07-22,11,FIR-001113|FIR-002358|FIR-002360
PHN-00343,PHN-02003,2024-09-24,1,FIR-002405|FIR-002997
PHN-02193,PHN-01243,2024-01-03,12,FIR-000591|FIR-001694
PHN-02204,PHN-01053,2025-02-28,25,FIR-000642|FIR-002458
PHN-01129,PHN-01500,2021-05-09,3,FIR-000135|FIR-001951
PHN-00040,PHN-01658,2023-01-09,10,FIR-000038|FIR-001635
PHN-00044,PHN-00287,2025-06-13,19,FIR-000558|FIR-001719|FIR-003064
PHN-01098,PHN-00335,2022-06-28,15,FIR-002707|FIR-003276|FIR-003295
PHN-02092,PHN-00368,2024-11-16,12,FIR-003288|FIR-003635
PHN-01185,PHN-01609,2025-10-30,24,FIR-001082|FIR-001875
PHN-00776,PHN-01335,2021-01-18,22,FIR-000173|FIR-002839
PHN-00990,PHN-00090,2022-08-30,14,FIR-001368|FIR-003459
PHN-01351,PHN-02076,2025-10-20,12,FIR-000685|FIR-002998
PHN-00324,PHN-00037,2022-03-18,9,FIR-002075|FIR-002706|FIR-003282
PHN-00796,PHN-02180,2025-09-24,6,FIR-000085|FIR-003150
PHN-01855,PHN-01708,2022-11-30,10,FIR-002132|FIR-002315|FIR-002531
PHN-01385,PHN-00366,2024-09-01,5,FIR-002476|FIR-002969|FIR-003649|FIR-003659
PHN-01115,PHN-01333,2021-11-05,25,FIR-000785|FIR-002627
PHN-02070,PHN-00440,2023-10-24,18,FIR-001185|FIR-002229
PHN-00702,PHN-01026,2021-02-17,21,FIR-000428|FIR-002982
PHN-01740,PHN-00475,2022-04-13,23,FIR-002251|FIR-002394
PHN-00843,PHN-01197,2021-11-10,14,FIR-002822|FIR-003063
PHN-00156,PHN-01343,2021-01-06,6,FIR-002074|FIR-003186
PHN-00003,PHN-01893,2024-03-12,16,FIR-003333|FIR-003495
