accused_id,phone_id,ownership_type,link_fir_id
ACC-00461,PHN-00552,registered,FIR-002853
ACC-04455,PHN-00263,registered,FIR-002259
ACC-03587,PHN-02178,registered,FIR-001010
ACC-02577,PHN-01313,registered,FIR-000458
ACC-03827,PHN-01536,registered,FIR-000121
ACC-02053,PHN-02131,registered,FIR-001741
ACC-00330,PHN-00581,registered,FIR-000349
ACC-03706,PHN-00603,used,FIR-001370
ACC-03187,PHN-00630,registered,FIR-002918
ACC-00573,PHN-01928,registered,FIR-001424
ACC-00183,PHN-00860,registered,FIR-000774
ACC-02450,PHN-01120,registered,FIR-001249
ACC-00345,PHN-01771,registered,FIR-002471
ACC-04075,PHN-00058,used,FIR-000880
ACC-00496,PHN-01998,registered,FIR-003019
ACC-01476,PHN-00765,registered,FIR-001160
ACC-03451,PHN-00929,registered,FIR-001972
ACC-04451,PHN-00308,registered,FIR-001960
ACC-00875,PHN-01328,registered,FIR-002329
ACC-02684,PHN-00605,registered,FIR-001658
ACC-02168,PHN-00077,registered,FIR-001399
ACC-00237,PHN-00325,registered,FIR-000986
ACC-02695,PHN-02067,registered,FIR-003640
ACC-01448,PHN-00963,registered,FIR-003282
ACC-00135,PHN-02167,registered,FIR-001392
ACC-03345,PHN-01612,used,FIR-001583
ACC-00639,PHN-01396,used,FIR-003711
ACC-02705,PHN-00244,registered,FIR-000661
ACC-01570,PHN-00404,registered,FIR-000105
ACC-01109,PHN-00592,registered,FIR-002477
ACC-04394,PHN-01059,registered,FIR-001901
ACC-01113,PHN-02214,registered,FIR-002977
ACC-00302,PHN-02031,registered,FIR-002647
ACC-00676,PHN-00258,used,FIR-001183
ACC-03565,PHN-00701,registered,FIR-000033
ACC-03535,PHN-00567,registered,FIR-002409
ACC-01384,PHN-01123,registered,FIR-002447
ACC-04438,PHN-00625,registered,FIR-001263
ACC-01480,PHN-00104,registered,FIR-003058
ACC-02396,PHN-02188,registered,FIR-000279
ACC-02797,PHN-00182,registered,FIR-001798
ACC-03951,PHN-00006,registered,FIR-000831
ACC-01143,PHN-00164,used,FIR-000600
ACC-01554,PHN-01280,registered,FIR-003086
ACC-03429,PHN-01615,used,FIR-000762
ACC-02827,PHN-01659,registered,FIR-002346
ACC-00021,PHN-00438,registered,FIR-001047
ACC-02198,PHN-01748,registered,FIR-002634
ACC-03945,PHN-00606,registered,FIR-001597
ACC-03243,PHN-01316,registered,FIR-000483
ACC-00615,PHN-02093,used,FIR-002375
ACC-02371,PHN-01028,registered,FIR-001232
ACC-02098,PHN-00668,registered,FIR-000158
ACC-00668,PHN-00479,used,FIR-002519
ACC-01828,PHN-01234,registered,FIR-002199
ACC-04429,PHN-00487,used,FIR-001150
ACC-04314,PHN-01790,registered,FIR-001036
ACC-01585,PHN-00678,used,FIR-000474
ACC-01056,PHN-02119,registered,FIR-001331
ACC-00890,PHN-00786,registered,FIR-003693
ACC-01303,PHN-02108,registered,FIR-002857
ACC-03567,PHN-01963,registered,FIR-000602
ACC-00897,PHN-00356,registered,FIR-001114
ACC-04084,PHN-02229,registered,FIR-003546
ACC-02255,PHN-01588,registered,FIR-002393
ACC-03229,PHN-02182,registered,FIR-000448
ACC-02702,PHN-00962,registered,FIR-003093
ACC-02181,PHN-00130,registered,FIR-000419
ACC-04345,PHN-01831,registered,FIR-000273
ACC-00185,PHN-00382,used,FIR-001442
ACC-01508,PHN-01835,used,FIR-000845
ACC-03653,PHN-00103,registered,FIR-000487
ACC-04428,PHN-00092,registered,FIR-000450
ACC-01726,PHN-00545,registered,FIR-001998
ACC-02651,PHN-01530,registered,FIR-000808
ACC-03009,PHN-02040,registered,FIR-000868
ACC-02738,PHN-01388,registered,FIR-002709
ACC-04061,PHN-00573,registered,FIR-000620
ACC-03070,PHN-02052,used,FIR-000842
ACC-00247,PHN-01571,registered,FIR-002811
ACC-02303,PHN-01669,registered,FIR-001892
ACC-03540,PHN-01273,registered,FIR-000130
ACC-01732,PHN-00871,used,FIR-000339
ACC-03372,PHN-00776,registered,FIR-000173
ACC-00480,PHN-00437,registered,FIR-001929
ACC-01022,PHN-02072,registered,FIR-002205
ACC-04008,PHN-01394,registered,FIR-002893
ACC-03469,PHN-00687,registered,FIR-000205
ACC-03001,PHN-01454,registered,FIR-003037
ACC-04235,PHN-01474,used,FIR-003596
ACC-03940,PHN-01309,used,FIR-001154
ACC-04116,PHN-02218,registered,FIR-003716
ACC-01629,PHN-02053,registered,FIR-001325
ACC-02929,PHN-02141,registered,FIR-003651
ACC-00422,PHN-01766,registered,FIR-001113
ACC-03606,PHN-01169,registered,FIR-000193
ACC-00766,PHN-00001,registered,FIR-001865
ACC-00280,PHN-01715,registered,FIR-003401
ACC-00982,PHN-01762,registered,FIR-003075
ACC-02818,PHN-00569,used,FIR-002540
ACC-00002,PHN-00259,registered,FIR-003187
ACC-02768,PHN-01895,registered,FIR-002819
ACC-01991,PHN-00788,registered,FIR-001224
ACC-04004,PHN-02075,used,FIR-002043
ACC-03085,PHN-01631,registered,FIR-000236
ACC-03244,PHN-00466,registered,FIR-003120
ACC-00742,PHN-00683,used,FIR-002334
ACC-01874,PHN-00358,used,FIR-000166
ACC-03661,PHN-00867,registered,FIR-003225
ACC-03043,PHN-02022,registered,FIR-003390
ACC-01095,PHN-00340,registered,FIR-001514
ACC-00091,PHN-01348,registered,FIR-002515
ACC-02159,PHN-00848,registered,FIR-001764
ACC-04025,PHN-01704,used,FIR-003519
ACC-02045,PHN-00055,used,FIR-000817
ACC-01110,PHN-01400,registered,FIR-002948
ACC-01903,PHN-00547,registered,FIR-000684
ACC-03640,PHN-02221,used,FIR-003705
ACC-01849,PHN-01605,used,FIR-002708
ACC-02202,PHN-00924,registered,FIR-000717
ACC-03414,PHN-00463,used,FIR-000512
ACC-01736,PHN-00717,registered,FIR-003377
ACC-03509,PHN-00724,registered,FIR-003239
ACC-01809,PHN-01900,used,FIR-003403
ACC-02694,PHN-00775,registered,FIR-002818
ACC-03629,PHN-00744,registered,FIR-002680
ACC-03454,PHN-01015,used,FIR-002432
ACC-00627,PHN-01482,registered,FIR-002338
ACC-02637,PHN-01557,registered,FIR-002202
ACC-03012,PHN-00407,registered,FIR-001625
ACC-02494,PHN-00314,registered,FIR-002372
ACC-04138,PHN-00457,registered,FIR-003512
ACC-03598,PHN-01647,registered,FIR-003249
ACC-00886,PHN-01999,registered,FIR-002841
ACC-01007,PHN-01826,registered,FIR-000020
ACC-00727,PHN-01684,registered,FIR-000242
ACC-00814,PHN-01081,used,FIR-000052
ACC-04172,PHN-01069,registered,FIR-000011
ACC-01366,PHN-00971,registered,FIR-000286
ACC-03878,PHN-02197,used,FIR-001606
ACC-01774,PHN-00713,registered,FIR-001317
ACC-01075,PHN-00005,used,FIR-000707
ACC-01831,PHN-00548,registered,FIR-000623
ACC-03424,PHN-02168,registered,FIR-003591
ACC-03892,PHN-00634,used,FIR-001556
ACC-01978,PHN-00736,registered,FIR-002109
ACC-01421,PHN-00881,registered,FIR-001966
ACC-04070,PHN-00807,registered,FIR-002196
ACC-03210,PHN-01913,used,FIR-001153
ACC-00866,PHN-00803,registered,FIR-002124
ACC-02699,PHN-01403,registered,FIR-002741
ACC-03624,PHN-01426,registered,FIR-000545
ACC-04217,PHN-00722,registered,FIR-000316
ACC-03444,PHN-00101,used,FIR-000938
ACC-00308,PHN-00427,used,FIR-003554
ACC-04335,PHN-02121,registered,FIR-003511
ACC-03742,PHN-01865,registered,FIR-003713
ACC-02088,PHN-00764,used,FIR-000806
ACC-03607,PHN-01621,registered,FIR-002798
ACC-00432,PHN-01768,registered,FIR-001492
ACC-02412,PHN-01788,used,FIR-002011
ACC-03894,PHN-00734,registered,FIR-001912
ACC-04330,PHN-01211,used,FIR-002055
ACC-01184,PHN-02039,registered,FIR-000644
ACC-02782,PHN-01686,used,FIR-002682
ACC-00732,PHN-01852,registered,FIR-001472
ACC-01372,PHN-00869,registered,FIR-001829
ACC-02235,PHN-01055,registered,FIR-002535
ACC-01613,PHN-01919,registered,FIR-003158
ACC-01256,PHN-00315,registered,FIR-000635
ACC-04295,PHN-01468,registered,FIR-000541
ACC-02429,PHN-00045,registered,FIR-003322
ACC-02584,PHN-01603,used,FIR-000950
ACC-03774,PHN-02027,registered,FIR-001422
ACC-03630,PHN-02091,registered,FIR-000390
ACC-03155,PHN-01097,registered,FIR-003549
ACC-00590,PHN-01961,used,FIR-002045
ACC-01787,PHN-01484,registered,FIR-001048
ACC-04228,PHN-02016,registered,FIR-000057
ACC-03369,PHN-01589,used,FIR-002223
ACC-00127,PHN-00185,registered,FIR-002750
ACC-02482,PHN-01042,used,FIR-000726
ACC-03688,PHN-01747,used,FIR-002929
ACC-00038,PHN-02005,registered,FIR-003156
ACC-04135,PHN-01676,registered,FIR-002037
ACC-03907,PHN-00459,used,FIR-000547
ACC-01892,PHN-00386,registered,FIR-000009
ACC-00099,PHN-00518,registered,FIR-001123
ACC-02151,PHN-00411,used,FIR-003237
ACC-00847,PHN-00167,registered,FIR-003014
ACC-00098,PHN-01251,registered,FIR-003682
ACC-03958,PHN-01943,used,FIR-002679
ACC-01251,PHN-02004,used,FIR-001783
ACC-02514,PHN-00332,registered,FIR-000513
ACC-00995,PHN-01355,registered,FIR-001691
ACC-04169,PHN-02065,registered,FIR-002303
ACC-02153,PHN-01259,registered,FIR-001411
ACC-00823,PHN-00291,used,FIR-000879
ACC-00018,PHN-00375,registered,FIR-001469
ACC-04046,PHN-00283,registered,FIR-000661
ACC-00585,PHN-00064,registered,FIR-001454
ACC-02542,PHN-01444,used,FIR-001992
ACC-01276,PHN-01962,registered,FIR-000935
ACC-01134,PHN-01085,registered,FIR-003068
ACC-02608,PHN-01531,registered,FIR-001071
ACC-02115,PHN-01761,used,FIR-003446
ACC-03655,PHN-01369,registered,FIR-002740
ACC-01707,PHN-01094,registered,FIR-002342
ACC-02736,PHN-02137,registered,FIR-000877
ACC-02520,PHN-00660,registered,FIR-002906
ACC-04284,PHN-01020,used,FIR-000798
ACC-03911,PHN-01958,registered,FIR-003064
ACC-01905,PHN-00893,registered,FIR-002246
ACC-00702,PHN-01290,registered,FIR-003489
ACC-01299,PHN-00159,registered,FIR-002586
ACC-02039,PHN-02205,registered,FIR-002938
ACC-01818,PHN-00078,registered,FIR-000899
ACC-00157,PHN-01562,used,FIR-003471
ACC-01668,PHN-01050,registered,FIR-002585
ACC-03757,PHN-00020,registered,FIR-001544
ACC-02040,PHN-01243,registered,FIR-001694
ACC-01982,PHN-00685,registered,FIR-003611
ACC-04168,PHN-00279,registered,FIR-002157
ACC-03727,PHN-00050,registered,FIR-002855
ACC-01482,PHN-00329,used,FIR-002260
ACC-00810,PHN-02152,registered,FIR-000525
ACC-02456,PHN-01359,used,FIR-000734
ACC-01019,PHN-00431,registered,FIR-000605
ACC-00873,PHN-01043,registered,FIR-000117
ACC-02347,PHN-02201,registered,FIR-000398
ACC-01352,PHN-01604,registered,FIR-000454
ACC-01190,PHN-00331,registered,FIR-001578
ACC-02589,PHN-01968,registered,FIR-002518
ACC-02532,PHN-01938,registered,FIR-001490
ACC-03228,PHN-01462,used,FIR-000724
ACC-02070,PHN-01436,registered,FIR-001904
ACC-02756,PHN-01819,used,FIR-001871
ACC-01093,PHN-01019,registered,FIR-003291
ACC-02959,PHN-00425,registered,FIR-002219
ACC-02472,PHN-00089,registered,FIR-003504
ACC-02057,PHN-00820,used,FIR-003386
ACC-01250,PHN-00239,registered,FIR-001648
ACC-03897,PHN-01183,used,FIR-001166
ACC-00784,PHN-02063,registered,FIR-003429
ACC-00057,PHN-02038,registered,FIR-002227
ACC-03413,PHN-00296,registered,FIR-001339
ACC-04359,PHN-00720,registered,FIR-002098
ACC-00920,PHN-00417,registered,FIR-000266
ACC-02630,PHN-00448,used,FIR-000203
ACC-02983,PHN-00750,registered,FIR-001215
ACC-01377,PHN-00510,registered,FIR-002304
ACC-02458,PHN-01650,registered,FIR-000220
ACC-00845,PHN-00088,registered,FIR-000143
ACC-02776,PHN-01931,registered,FIR-001768
ACC-00299,PHN-00568,registered,FIR-001745
ACC-02596,PHN-01122,registered,FIR-001931
ACC-01842,PHN-01154,registered,FIR-003152
ACC-03358,PHN-02017,registered,FIR-000826
ACC-02376,PHN-02174,used,FIR-001679
ACC-03877,PHN-01724,registered,FIR-003633
ACC-03689,PHN-01217,registered,FIR-000089
ACC-01689,PHN-02204,registered,FIR-000642
ACC-02260,PHN-02110,used,FIR-001157
ACC-03946,PHN-01413,registered,FIR-002990
ACC-01194,PHN-01242,registered,FIR-000852
ACC-03939,PHN-01329,registered,FIR-000432
ACC-02413,PHN-00975,registered,FIR-000701
ACC-03138,PHN-00413,registered,FIR-001026
ACC-04369,PHN-00890,used,FIR-000043
ACC-01631,PHN-00471,registered,FIR-002195
ACC-01025,PHN-00833,registered,FIR-002413
ACC-01617,PHN-00126,registered,FIR-000718
ACC-02614,PHN-02135,registered,FIR-000441
ACC-00179,PHN-01886,registered,FIR-003182
ACC-04375,PHN-00538,used,FIR-003364
ACC-00773,PHN-02155,registered,FIR-003136
ACC-00688,PHN-00796,registered,FIR-003150
ACC-02170,PHN-00397,registered,FIR-002404
ACC-01233,PHN-01674,registered,FIR-002039
ACC-04319,PHN-00612,registered,FIR-001650
ACC-01751,PHN-01156,registered,FIR-000802
ACC-02495,PHN-00688,used,FIR-003264
ACC-03220,PHN-00595,registered,FIR-001152
ACC-02729,PHN-01537,registered,FIR-003304
ACC-03428,PHN-00069,registered,FIR-000348
ACC-03534,PHN-00201,used,FIR-002608
ACC-00811,PHN-02163,registered,FIR-000355
ACC-04133,PHN-01334,used,FIR-000989
ACC-00582,PHN-00859,registered,FIR-002804
ACC-02448,PHN-01873,used,FIR-000141
ACC-01965,PHN-02166,registered,FIR-003183
ACC-00112,PHN-00748,registered,FIR-001854
ACC-00120,PHN-00999,registered,FIR-002508
ACC-03073,PHN-00214,used,FIR-002165
ACC-02871,PHN-00631,registered,FIR-002269
ACC-03988,PHN-01459,used,FIR-002498
ACC-04114,PHN-00316,registered,FIR-002534
ACC-00912,PHN-02139,registered,FIR-002306
ACC-01157,PHN-00085,registered,FIR-002443
ACC-01300,PHN-00346,registered,FIR-002504
ACC-01883,PHN-01411,registered,FIR-000382
ACC-01632,PHN-00401,registered,FIR-003661
ACC-02233,PHN-01797,registered,FIR-000799
ACC-04242,PHN-00821,used,FIR-000216
ACC-04001,PHN-00733,used,FIR-000403
ACC-01694,PHN-01192,registered,FIR-001813
ACC-02568,PHN-02164,registered,FIR-002127
ACC-01214,PHN-01642,registered,FIR-002595
ACC-02277,PHN-01926,registered,FIR-001195
ACC-02022,PHN-01564,used,FIR-000968
ACC-03584,PHN-02225,registered,FIR-003334
ACC-01588,PHN-01223,used,FIR-000417
ACC-02603,PHN-01260,registered,FIR-000063
ACC-00090,PHN-01745,registered,FIR-000023
ACC-02203,PHN-00911,used,FIR-000581
ACC-03964,PHN-01965,registered,FIR-002294
ACC-03604,PHN-01719,registered,FIR-000673
ACC-00105,PHN-00473,registered,FIR-000719
ACC-03192,PHN-01205,registered,FIR-001124
ACC-00946,PHN-01146,registered,FIR-001296
ACC-00068,PHN-00536,registered,FIR-001309
ACC-03353,PHN-01885,registered,FIR-000415
ACC-02732,PHN-00057,registered,FIR-002711
ACC-00922,PHN-00439,used,FIR-002974
ACC-01752,PHN-01229,registered,FIR-002190
ACC-04119,PHN-00172,registered,FIR-002427
ACC-00863,PHN-01753,registered,FIR-000244
ACC-02641,PHN-00938,registered,FIR-001524
ACC-03180,PHN-01552,used,FIR-001711
ACC-02597,PHN-01410,registered,FIR-001441
ACC-02582,PHN-02085,registered,FIR-002406
ACC-00132,PHN-01080,registered,FIR-003188
ACC-02009,PHN-01875,registered,FIR-003210
ACC-00220,PHN-01093,registered,FIR-003350
ACC-01380,PHN-00442,registered,FIR-000389
ACC-03882,PHN-00936,used,FIR-002386
ACC-02223,PHN-00190,registered,FIR-000678
ACC-00095,PHN-00428,used,FIR-002652
ACC-00969,PHN-00513,used,FIR-001336
ACC-01503,PHN-01417,registered,FIR-002167
ACC-00149,PHN-00829,registered,FIR-001557
ACC-01823,PHN-01746,used,FIR-000421
ACC-03294,PHN-02191,registered,FIR-003385
ACC-03793,PHN-01047,registered,FIR-003059
ACC-03572,PHN-00478,registered,FIR-000469
ACC-02337,PHN-01102,registered,FIR-000697
ACC-00707,PHN-00899,used,FIR-002310
ACC-01696,PHN-00598,registered,FIR-002672
ACC-01640,PHN-00555,registered,FIR-000862
ACC-02173,PHN-01775,used,FIR-001230
ACC-01337,PHN-00368,registered,FIR-003635
ACC-02041,PHN-00286,registered,FIR-000047
ACC-01526,PHN-01555,registered,FIR-000006
ACC-04401,PHN-00470,used,FIR-003053
ACC-02149,PHN-01830,registered,FIR-000280
ACC-03486,PHN-01956,registered,FIR-003414
ACC-03206,PHN-01488,registered,FIR-000891
ACC-01626,PHN-00082,registered,FIR-001237
ACC-04102,PHN-01660,used,FIR-002135
ACC-03780,PHN-00797,used,FIR-000809
ACC-03308,PHN-02127,registered,FIR-000915
ACC-02595,PHN-00285,registered,FIR-000340
ACC-03443,PHN-00128,used,FIR-000223
ACC-02193,PHN-00956,used,FIR-000033
ACC-03957,PHN-02036,registered,FIR-000712
ACC-02108,PHN-00944,registered,FIR-001473
ACC-04445,PHN-00031,registered,FIR-003118
ACC-03082,PHN-01002,used,FIR-001164
ACC-02887,PHN-00481,registered,FIR-001538
ACC-00752,PHN-02154,registered,FIR-001212
ACC-00087,PHN-00090,used,FIR-001368
ACC-01125,PHN-01151,registered,FIR-002820
ACC-03291,PHN-00998,registered,FIR-001268
ACC-00780,PHN-00544,registered,FIR-000334
ACC-00762,PHN-00035,registered,FIR-000214
ACC-04407,PHN-01174,registered,FIR-000310
ACC-03422,PHN-00038,registered,FIR-000560
ACC-01062,PHN-00901,registered,FIR-002777
ACC-02580,PHN-01971,registered,FIR-003106
ACC-02874,PHN-00352,registered,FIR-002219
ACC-00760,PHN-00199,used,FIR-002548
ACC-00781,PHN-00160,registered,FIR-002894
ACC-03772,PHN-02186,registered,FIR-002242
ACC-00734,PHN-00712,registered,FIR-001260
ACC-02906,PHN-01916,registered,FIR-003362
ACC-00131,PHN-00154,used,FIR-001081
ACC-02312,PHN-00269,registered,FIR-003143
ACC-00175,PHN-01812,used,FIR-003272
ACC-02591,PHN-01987,registered,FIR-002391
ACC-00655,PHN-00275,used,FIR-001421
ACC-00528,PHN-00278,registered,FIR-001681
ACC-03910,PHN-01827,used,FIR-003094
ACC-02656,PHN-02018,used,FIR-001034
ACC-02019,PHN-02032,registered,FIR-002156
ACC-01395,PHN-01335,used,FIR-002839
ACC-04225,PHN-00319,registered,FIR-000146
ACC-04059,PHN-02179,registered,FIR-003458
ACC-03803,PHN-01345,used,FIR-002046
ACC-00442,PHN-00791,registered,FIR-000813
ACC-03490,PHN-01464,used,FIR-001605
ACC-03351,PHN-01759,registered,FIR-001239
ACC-00313,PHN-01568,registered,FIR-000065
ACC-03627,PHN-00406,registered,FIR-003351
ACC-03307,PHN-01606,registered,FIR-002578
ACC-04304,PHN-01876,registered,FIR-001260
ACC-02252,PHN-00816,used,FIR-000704
ACC-00031,PHN-01034,registered,FIR-002273
ACC-04333,PHN-00419,registered,FIR-002370
ACC-01327,PHN-00261,registered,FIR-003275
ACC-00167,PHN-00468,used,FIR-000830
ACC-01169,PHN-01078,registered,FIR-000261
ACC-03893,PHN-01618,registered,FIR-000958
ACC-02752,PHN-00056,used,FIR-003133
ACC-01264,PHN-00034,used,FIR-000948
ACC-00443,PHN-01533,registered,FIR-002460
ACC-02833,PHN-01974,registered,FIR-002465
ACC-03533,PHN-00522,registered,FIR-001522
ACC-02938,PHN-01519,registered,FIR-002911
ACC-01397,PHN-01446,registered,FIR-001462
ACC-02659,PHN-02101,registered,FIR-000367
ACC-04390,PHN-00804,registered,FIR-002607
ACC-02016,PHN-00260,registered,FIR-000314
ACC-03902,PHN-00326,used,FIR-000674
ACC-03810,PHN-00079,used,FIR-002276
ACC-03141,PHN-00529,registered,FIR-001557
ACC-04067,PHN-01428,registered,FIR-002085
ACC-01647,PHN-00081,used,FIR-001860
ACC-02790,PHN-02000,registered,FIR-000165
ACC-00484,PHN-00534,registered,FIR-003634
ACC-01639,PHN-00380,registered,FIR-003642
ACC-01772,PHN-00312,registered,FIR-001471
ACC-02907,PHN-00003,registered,FIR-003333
ACC-02763,PHN-00158,used,FIR-002350
ACC-03968,PHN-02021,used,FIR-002705
ACC-03503,PHN-01393,registered,FIR-001519
ACC-00364,PHN-01792,registered,FIR-001647
ACC-01359,PHN-01984,registered,FIR-002791
ACC-02373,PHN-01437,registered,FIR-003478
ACC-03997,PHN-00349,registered,FIR-001756
ACC-04315,PHN-00566,registered,FIR-001372
ACC-04293,PHN-01398,registered,FIR-003224
ACC-01934,PHN-02094,registered,FIR-003657
ACC-04271,PHN-01652,used,FIR-001051
ACC-01637,PHN-01805,used,FIR-001347
ACC-04142,PHN-00362,registered,FIR-003161
ACC-03331,PHN-01346,used,FIR-000658
ACC-00578,PHN-01303,registered,FIR-000112
ACC-03936,PHN-01528,registered,FIR-001767
ACC-01687,PHN-00773,used,FIR-002525
ACC-00479,PHN-00162,registered,FIR-001120
ACC-00737,PHN-01423,used,FIR-002830
ACC-03194,PHN-01158,registered,FIR-002731
ACC-00942,PHN-01737,used,FIR-001869
ACC-02663,PHN-01598,registered,FIR-003456
ACC-01317,PHN-01486,registered,FIR-000447
ACC-00803,PHN-00449,registered,FIR-002901
ACC-02060,PHN-00616,registered,FIR-000907
ACC-02271,PHN-00307,registered,FIR-002481
ACC-02898,PHN-01723,registered,FIR-001529
ACC-01788,PHN-00181,registered,FIR-000090
ACC-00326,PHN-01247,registered,FIR-001723
ACC-00166,PHN-01779,registered,FIR-002089
ACC-01210,PHN-01134,registered,FIR-000775
ACC-01960,PHN-00941,used,FIR-001970
ACC-00165,PHN-01494,registered,FIR-001698
ACC-04326,PHN-01136,registered,FIR-003680
ACC-04248,PHN-00731,registered,FIR-001452
ACC-03143,PHN-01315,registered,FIR-002697
ACC-02103,PHN-01215,registered,FIR-001423
ACC-02390,PHN-00353,registered,FIR-002679
ACC-03461,PHN-01241,registered,FIR-000624
ACC-04007,PHN-00588,registered,FIR-002805
ACC-03943,PHN-01584,registered,FIR-003610
ACC-00003,PHN-01690,registered,FIR-000550
ACC-00950,PHN-00044,used,FIR-001719
ACC-01243,PHN-01362,registered,FIR-000941
ACC-02811,PHN-01868,used,FIR-000972
ACC-03463,PHN-00338,registered,FIR-000741
ACC-04038,PHN-00651,registered,FIR-001788
ACC-00744,PHN-02185,registered,FIR-002379
ACC-02071,PHN-02076,used,FIR-002998
ACC-00339,PHN-01646,registered,FIR-003102
ACC-03950,PHN-00420,registered,FIR-002851
ACC-03524,PHN-02013,registered,FIR-003592
ACC-01411,PHN-02049,registered,FIR-003611
ACC-03449,PHN-00337,registered,FIR-003523
ACC-02730,PHN-01272,registered,FIR-002973
ACC-03952,PHN-01786,registered,FIR-003232
ACC-01819,PHN-01155,used,FIR-003619
ACC-04419,PHN-01733,registered,FIR-001543
ACC-03779,PHN-01037,registered,FIR-001181
ACC-04449,PHN-01802,registered,FIR-001264
ACC-02232,PHN-00684,registered,FIR-003191
ACC-01731,PHN-02071,registered,FIR-002701
ACC-00013,PHN-00490,used,FIR-002576
ACC-02431,PHN-00095,registered,FIR-001204
ACC-03521,PHN-00395,registered,FIR-001759
ACC-00472,PHN-00222,registered,FIR-000362
ACC-00777,PHN-01133,registered,FIR-003198
ACC-02171,PHN-01657,registered,FIR-000665
ACC-02642,PHN-00681,registered,FIR-001690
ACC-00194,PHN-02219,used,FIR-003375
ACC-01740,PHN-00864,used,FIR-003226
ACC-02370,PHN-00441,registered,FIR-002148
ACC-00244,PHN-00197,registered,FIR-001405
ACC-02745,PHN-00599,registered,FIR-003582
ACC-00871,PHN-00648,registered,FIR-001744
ACC-03000,PHN-00982,used,FIR-003447
ACC-03987,PHN-01942,registered,FIR-002694
ACC-00550,PHN-00200,used,FIR-000265
ACC-01793,PHN-01135,used,FIR-003427
ACC-01153,PHN-00351,registered,FIR-002081
ACC-01270,PHN-01980,registered,FIR-003632
ACC-01450,PHN-01415,registered,FIR-002730
ACC-01469,PHN-01008,used,FIR-003276
ACC-00806,PHN-00809,used,FIR-003094
ACC-02080,PHN-00556,registered,FIR-002926
ACC-01225,PHN-00597,used,FIR-002896
ACC-00553,PHN-00532,registered,FIR-000262
ACC-01136,PHN-01014,registered,FIR-002965
ACC-03099,PHN-00976,registered,FIR-000720
ACC-00372,PHN-00586,registered,FIR-000085
ACC-01079,PHN-00857,used,FIR-002810
ACC-02113,PHN-00169,registered,FIR-003141
ACC-03343,PHN-01572,registered,FIR-001904
ACC-01857,PHN-02024,registered,FIR-000796
ACC-03786,PHN-01877,used,FIR-003485
ACC-01587,PHN-00863,registered,FIR-000318
ACC-02877,PHN-00856,registered,FIR-002443
ACC-02411,PHN-02123,registered,FIR-000843
ACC-02042,PHN-01838,registered,FIR-002645
ACC-04086,PHN-01005,registered,FIR-000393
ACC-02826,PHN-00193,registered,FIR-000650
ACC-01122,PHN-00943,registered,FIR-000522
ACC-01247,PHN-00489,registered,FIR-003521
ACC-00241,PHN-01767,used,FIR-003428
ACC-03970,PHN-01332,used,FIR-002439
ACC-01806,PHN-00987,registered,FIR-002467
ACC-00085,PHN-02159,registered,FIR-000796
ACC-03368,PHN-01435,used,FIR-003287
ACC-03998,PHN-01066,registered,FIR-003208
ACC-01725,PHN-00754,registered,FIR-003513
ACC-03884,PHN-00414,used,FIR-001506
ACC-04218,PHN-00093,used,FIR-001734
ACC-02038,PHN-00294,registered,FIR-003270
ACC-00957,PHN-01842,registered,FIR-000187
ACC-02109,PHN-02184,registered,FIR-003044
ACC-03078,PHN-01888,registered,FIR-002042
ACC-01572,PHN-00071,used,FIR-003710
ACC-03866,PHN-01973,registered,FIR-002432
ACC-04434,PHN-01383,registered,FIR-000739
ACC-00647,PHN-00653,registered,FIR-002792
ACC-02496,PHN-00714,registered,FIR-000631
ACC-01950,PHN-01861,registered,FIR-003529
ACC-00065,PHN-00692,registered,FIR-001404
ACC-00844,PHN-00422,registered,FIR-003137
ACC-02913,PHN-02026,registered,FIR-002206
ACC-03476,PHN-00519,registered,FIR-002859
ACC-00508,PHN-02030,registered,FIR-000362
ACC-03495,PHN-00550,registered,FIR-001646
ACC-02788,PHN-00843,registered,FIR-003063
ACC-03104,PHN-00626,registered,FIR-002018
ACC-01050,PHN-01152,used,FIR-003212
ACC-03750,PHN-01181,registered,FIR-003164
ACC-02313,PHN-01054,registered,FIR-000749
ACC-03440,PHN-01667,registered,FIR-000171
ACC-04381,PHN-00106,used,FIR-003062
ACC-03994,PHN-01479,used,FIR-001455
ACC-02302,PHN-02114,registered,FIR-000568
ACC-04021,PHN-01150,registered,FIR-002339
ACC-01330,PHN-01816,used,FIR-001188
ACC-02504,PHN-01946,registered,FIR-003284
ACC-01177,PHN-01208,registered,FIR-001875
ACC-03389,PHN-02196,registered,FIR-002828
ACC-03350,PHN-01964,registered,FIR-001654
ACC-02455,PHN-00761,used,FIR-002182
ACC-01004,PHN-00838,registered,FIR-000231
ACC-00522,PHN-01620,registered,FIR-002871
ACC-00934,PHN-00806,registered,FIR-002618
ACC-02724,PHN-00905,registered,FIR-000430
ACC-00335,PHN-00255,registered,FIR-000367
ACC-00935,PHN-01358,registered,FIR-003331
ACC-00892,PHN-00065,registered,FIR-002117
ACC-00771,PHN-00318,registered,FIR-000838
ACC-02275,PHN-00762,registered,FIR-003121
ACC-03550,PHN-00372,registered,FIR-003171
ACC-04425,PHN-02129,used,FIR-000587
ACC-01880,PHN-01455,registered,FIR-002452
ACC-01179,PHN-00009,used,FIR-000005
ACC-02006,PHN-01222,registered,FIR-002334
ACC-04310,PHN-02171,used,FIR-001925
ACC-03354,PHN-00097,used,FIR-000122
ACC-02254,PHN-01680,registered,FIR-002429
ACC-01212,PHN-00238,registered,FIR-002551
ACC-00782,PHN-00091,registered,FIR-001662
ACC-03334,PHN-01137,registered,FIR-000291
ACC-01347,PHN-00563,used,FIR-003297
ACC-03932,PHN-01843,registered,FIR-003569
ACC-02638,PHN-00498,used,FIR-000623
ACC-02157,PHN-00396,registered,FIR-002934
ACC-04014,PHN-00451,registered,FIR-002917
ACC-02545,PHN-00755,registered,FIR-001874
ACC-04423,PHN-00469,used,FIR-002758
ACC-03777,PHN-00141,used,FIR-000453
ACC-00197,PHN-00643,registered,FIR-001028
ACC-01322,PHN-00721,registered,FIR-002354
ACC-00894,PHN-02158,used,FIR-000368
ACC-03563,PHN-01373,registered,FIR-003271
ACC-02290,PHN-01902,used,FIR-001795
ACC-02405,PHN-01178,registered,FIR-002669
ACC-03608,PHN-01013,used,FIR-001652
ACC-01081,PHN-01031,registered,FIR-001947
ACC-00045,PHN-00828,registered,FIR-003096
ACC-02860,PHN-00424,used,FIR-002171
ACC-03485,PHN-00826,registered,FIR-001953
ACC-00363,PHN-00136,registered,FIR-001835
ACC-00487,PHN-00825,registered,FIR-001352
ACC-03843,PHN-01356,used,FIR-001084
ACC-02447,PHN-00234,registered,FIR-002713
ACC-00058,PHN-00359,used,FIR-003602
ACC-01534,PHN-02096,registered,FIR-003056
ACC-03245,PHN-01006,used,FIR-003671
ACC-04258,PHN-01864,registered,FIR-001799
ACC-00349,PHN-00237,registered,FIR-001313
ACC-01655,PHN-01677,used,FIR-000213
ACC-00924,PHN-01632,registered,FIR-002534
ACC-01320,PHN-00492,used,FIR-000162
ACC-04424,PHN-01750,used,FIR-001207
ACC-00159,PHN-01052,registered,FIR-003592
ACC-00074,PHN-01070,registered,FIR-003293
ACC-01038,PHN-00120,registered,FIR-000324
ACC-03185,PHN-00229,registered,FIR-000275
ACC-02083,PHN-01738,registered,FIR-002521
ACC-02091,PHN-00446,used,FIR-000677
ACC-02765,PHN-01087,used,FIR-000980
ACC-02727,PHN-00961,registered,FIR-001137
ACC-02725,PHN-01239,registered,FIR-003105
ACC-00144,PHN-01600,registered,FIR-002655
ACC-01600,PHN-00217,registered,FIR-003077
ACC-01550,PHN-01194,registered,FIR-000934
ACC-03518,PHN-00403,registered,FIR-002401
ACC-02994,PHN-00366,registered,FIR-002476
ACC-02287,PHN-01970,registered,FIR-002132
ACC-01346,PHN-00177,registered,FIR-000524
ACC-03285,PHN-01520,registered,FIR-003660
ACC-03222,PHN-00670,used,FIR-000866
ACC-00776,PHN-01892,registered,FIR-002907
ACC-00169,PHN-00365,registered,FIR-000823
ACC-02498,PHN-00979,registered,FIR-002915
ACC-02740,PHN-02050,registered,FIR-000848
ACC-03074,PHN-00174,registered,FIR-000836
ACC-02121,PHN-00028,registered,FIR-002781
ACC-00978,PHN-01773,registered,FIR-002414
ACC-02318,PHN-00503,registered,FIR-003265
ACC-03825,PHN-00516,used,FIR-002756
ACC-01730,PHN-00347,registered,FIR-001373
ACC-01193,PHN-01341,registered,FIR-000070
ACC-00377,PHN-01781,registered,FIR-003251
ACC-02824,PHN-01210,registered,FIR-001657
ACC-00469,PHN-02223,used,FIR-003699
ACC-01569,PHN-00133,registered,FIR-003561
ACC-02230,PHN-00030,registered,FIR-003433
ACC-01928,PHN-00195,registered,FIR-003029
ACC-04282,PHN-02217,registered,FIR-003142
ACC-00767,PHN-01025,registered,FIR-001842
ACC-01479,PHN-01224,registered,FIR-001432
ACC-02397,PHN-00637,registered,FIR-002119
ACC-04184,PHN-01371,registered,FIR-003387
ACC-01884,PHN-01275,registered,FIR-001968
ACC-00645,PHN-01616,registered,FIR-003379
ACC-02250,PHN-02216,registered,FIR-001079
ACC-01049,PHN-01107,registered,FIR-000372
ACC-02919,PHN-01458,registered,FIR-002617
ACC-02834,PHN-00844,registered,FIR-000766
ACC-01673,PHN-00812,registered,FIR-000414
ACC-03176,PHN-01978,registered,FIR-000067
ACC-03005,PHN-00131,registered,FIR-001509
ACC-02773,PHN-00223,registered,FIR-000631
ACC-03580,PHN-00209,registered,FIR-002357
ACC-04415,PHN-00300,registered,FIR-001964
ACC-04216,PHN-01683,used,FIR-003271
ACC-02543,PHN-01515,registered,FIR-002491
ACC-04297,PHN-01364,used,FIR-003344
ACC-03340,PHN-01125,registered,FIR-001651
ACC-01522,PHN-00882,registered,FIR-000148
ACC-02880,PHN-00847,registered,FIR-003204
ACC-00993,PHN-02019,registered,FIR-000462
ACC-01999,PHN-00575,registered,FIR-000602
ACC-01401,PHN-01245,registered,FIR-002075
ACC-03782,PHN-01161,registered,FIR-001993
ACC-03993,PHN-00165,registered,FIR-000724
ACC-01473,PHN-00228,registered,FIR-001438
ACC-03768,PHN-00039,registered,FIR-002620
ACC-01227,PHN-00887,used,FIR-000585
ACC-03174,PHN-00066,registered,FIR-002129
ACC-01634,PHN-01925,used,FIR-000196
ACC-02928,PHN-00959,registered,FIR-003492
ACC-02622,PHN-00676,registered,FIR-000925
ACC-04044,PHN-00537,registered,FIR-000932
ACC-03344,PHN-01904,registered,FIR-002453
ACC-01199,PHN-00906,used,FIR-000507
ACC-01985,PHN-01096,used,FIR-001386
ACC-01837,PHN-00282,registered,FIR-000134
ACC-01052,PHN-01977,used,FIR-000894
ACC-04365,PHN-00647,registered,FIR-000959
ACC-00010,PHN-00367,registered,FIR-003685
ACC-01866,PHN-00582,used,FIR-003026
ACC-00520,PHN-01637,registered,FIR-002716
ACC-02553,PHN-00480,registered,FIR-003707
ACC-00490,PHN-00429,used,FIR-002522
ACC-00684,PHN-02111,used,FIR-001189
ACC-03191,PHN-00792,registered,FIR-000460
ACC-00290,PHN-01090,registered,FIR-001261
ACC-03924,PHN-00589,registered,FIR-001959
ACC-03041,PHN-00012,registered,FIR-001053
ACC-01894,PHN-00271,registered,FIR-000435
ACC-02234,PHN-01323,registered,FIR-000399
ACC-04187,PHN-01408,registered,FIR-000518
ACC-00426,PHN-01109,registered,FIR-003063
ACC-04317,PHN-00583,registered,FIR-000405
ACC-04205,PHN-01319,used,FIR-002286
ACC-02861,PHN-01374,registered,FIR-000077
ACC-01901,PHN-01834,registered,FIR-000250
ACC-03205,PHN-00084,used,FIR-003469
ACC-03400,PHN-01219,registered,FIR-002985
ACC-00180,PHN-02003,registered,FIR-002405
ACC-02430,PHN-00602,registered,FIR-001228
ACC-00558,PHN-01030,registered,FIR-003168
ACC-01584,PHN-00921,registered,FIR-001907
ACC-00236,PHN-02175,registered,FIR-003398
ACC-02224,PHN-00619,registered,FIR-003046
ACC-00825,PHN-01274,registered,FIR-003445
ACC-01427,PHN-00740,registered,FIR-000457
ACC-02885,PHN-01386,registered,FIR-000144
ACC-01618,PHN-01630,used,FIR-002959
ACC-01876,PHN-01966,used,FIR-001974
ACC-00069,PHN-00872,registered,FIR-001402
ACC-02849,PHN-00862,registered,FIR-002255
ACC-00181,PHN-00763,registered,FIR-001069
ACC-03272,PHN-02035,used,FIR-003432
ACC-01288,PHN-00891,registered,FIR-002676
ACC-02285,PHN-00632,used,FIR-003034
ACC-02102,PHN-01111,registered,FIR-002687
ACC-01457,PHN-01841,used,FIR-000708
ACC-01743,PHN-00919,registered,FIR-000533
ACC-04183,PHN-01692,registered,FIR-000924
ACC-03937,PHN-02104,registered,FIR-001965
ACC-00198,PHN-00759,registered,FIR-000055
ACC-03991,PHN-00004,used,FIR-000337
ACC-00916,PHN-00444,registered,FIR-000401
ACC-04055,PHN-00129,used,FIR-000297
ACC-01704,PHN-00666,registered,FIR-003078
ACC-00980,PHN-00981,registered,FIR-003342
ACC-00111,PHN-01077,registered,FIR-003600
ACC-01518,PHN-00251,registered,FIR-002813
ACC-00880,PHN-00830,registered,FIR-000295
ACC-00838,PHN-00247,registered,FIR-002073
ACC-02572,PHN-00811,registered,FIR-001127
ACC-03644,PHN-00978,registered,FIR-000964
ACC-01331,PHN-02113,registered,FIR-003283
ACC-01644,PHN-00241,registered,FIR-001799
ACC-00574,PHN-02009,registered,FIR-000928
ACC-04197,PHN-01534,registered,FIR-000828
ACC-01863,PHN-00697,used,FIR-001532
ACC-03031,PHN-01507,used,FIR-002498
ACC-03762,PHN-01934,registered,FIR-001890
ACC-04351,PHN-01824,used,FIR-000965
ACC-00998,PHN-01619,used,FIR-000896
ACC-03299,PHN-01959,used,FIR-001310
ACC-00243,PHN-01130,registered,FIR-001967
ACC-01713,PHN-01513,registered,FIR-000029
ACC-00204,PHN-00405,registered,FIR-000074
ACC-03848,PHN-00116,registered,FIR-000694
ACC-02457,PHN-00100,used,FIR-003653
ACC-03309,PHN-01331,used,FIR-003540
ACC-03236,PHN-01803,registered,FIR-000897
ACC-02681,PHN-01823,used,FIR-003317
ACC-01967,PHN-00226,used,FIR-001191
ACC-01205,PHN-01986,used,FIR-001654
ACC-00941,PHN-00321,registered,FIR-000326
ACC-04091,PHN-01870,registered,FIR-003386
ACC-04151,PHN-00432,registered,FIR-001511
ACC-03481,PHN-01011,registered,FIR-002773
ACC-03896,PHN-01287,registered,FIR-001102
ACC-02800,PHN-00723,used,FIR-003135
ACC-01555,PHN-00823,registered,FIR-000200
ACC-02742,PHN-00218,registered,FIR-000951
ACC-03696,PHN-00402,registered,FIR-001442
ACC-01306,PHN-00210,registered,FIR-001789
ACC-03421,PHN-02115,registered,FIR-000723
ACC-03733,PHN-00409,used,FIR-000503
ACC-00145,PHN-01710,used,FIR-001930
ACC-01605,PHN-01810,used,FIR-000380
ACC-01860,PHN-00879,registered,FIR-002879
ACC-01856,PHN-00047,registered,FIR-002095
ACC-03867,PHN-00700,registered,FIR-002365
ACC-00383,PHN-01467,used,FIR-003314
ACC-02894,PHN-02220,registered,FIR-000048
ACC-03370,PHN-01755,registered,FIR-003310
ACC-02292,PHN-02014,registered,FIR-002245
ACC-01103,PHN-00072,registered,FIR-001915
ACC-01847,PHN-00800,registered,FIR-002829
ACC-03388,PHN-01806,registered,FIR-001847
ACC-01054,PHN-00467,registered,FIR-000813
ACC-03467,PHN-02181,registered,FIR-002133
ACC-02971,PHN-00305,registered,FIR-001667
ACC-01332,PHN-01523,registered,FIR-003413
ACC-00613,PHN-00472,registered,FIR-001905
ACC-04083,PHN-01202,used,FIR-000681
ACC-02508,PHN-00695,registered,FIR-003108
ACC-04263,PHN-00925,registered,FIR-000452
ACC-03223,PHN-00249,used,FIR-002253
ACC-01326,PHN-01665,registered,FIR-001495
ACC-03034,PHN-00196,registered,FIR-003140
ACC-04049,PHN-01912,registered,FIR-003226
ACC-04249,PHN-01110,registered,FIR-001237
ACC-02859,PHN-02092,registered,FIR-003288
ACC-04040,PHN-00996,registered,FIR-000140
ACC-00915,PHN-01337,used,FIR-001954
ACC-00739,PHN-01162,used,FIR-003622
ACC-00494,PHN-01512,registered,FIR-002501
ACC-01403,PHN-01866,registered,FIR-000270
ACC-03137,PHN-01855,registered,FIR-002315
ACC-02964,PHN-00390,used,FIR-000354
ACC-01886,PHN-01539,registered,FIR-002495
ACC-01348,PHN-00500,used,FIR-003095
ACC-02609,PHN-01993,used,FIR-001097
ACC-03885,PHN-01709,registered,FIR-002141
ACC-02139,PHN-00827,registered,FIR-001851
ACC-00187,PHN-00988,registered,FIR-000895
ACC-01709,PHN-01937,registered,FIR-001612
ACC-01072,PHN-01469,used,FIR-002361
ACC-03832,PHN-00656,registered,FIR-001830
ACC-01447,PHN-01233,registered,FIR-000024
ACC-03108,PHN-00760,registered,FIR-002799
ACC-00690,PHN-01708,registered,FIR-002132
ACC-01917,PHN-01336,registered,FIR-001895
ACC-01494,PHN-01108,registered,FIR-001242
ACC-00583,PHN-00526,used,FIR-002186
ACC-03201,PHN-00739,used,FIR-000614
ACC-00724,PHN-01633,registered,FIR-001727
ACC-01814,PHN-02146,registered,FIR-001738
ACC-01920,PHN-01742,registered,FIR-002274
ACC-01438,PHN-00236,registered,FIR-002137
ACC-00765,PHN-00977,registered,FIR-000778
ACC-00390,PHN-00509,registered,FIR-000406
ACC-02025,PHN-01420,used,FIR-000699
ACC-02024,PHN-01717,used,FIR-000026
ACC-04413,PHN-01092,used,FIR-003099
ACC-03983,PHN-00496,registered,FIR-001991
ACC-00710,PHN-00715,registered,FIR-000920
ACC-03325,PHN-01573,registered,FIR-000357
ACC-01764,PHN-01478,registered,FIR-001770
ACC-03764,PHN-01490,used,FIR-001953
ACC-01287,PHN-00262,registered,FIR-002547
ACC-00212,PHN-00016,registered,FIR-003595
ACC-00708,PHN-00594,registered,FIR-001598
ACC-03023,PHN-01872,used,FIR-002373
ACC-02616,PHN-01854,registered,FIR-000695
ACC-02340,PHN-01871,registered,FIR-000742
ACC-00467,PHN-01305,registered,FIR-001175
ACC-01089,PHN-02160,registered,FIR-003669
ACC-03547,PHN-01908,used,FIR-001313
ACC-00441,PHN-00075,registered,FIR-001805
ACC-02717,PHN-01924,used,FIR-000926
ACC-01037,PHN-01231,used,FIR-002626
ACC-01805,PHN-00224,registered,FIR-001158
ACC-00405,PHN-01727,used,FIR-000169
ACC-02120,PHN-01073,registered,FIR-002029
ACC-01888,PHN-00253,registered,FIR-003704
ACC-03662,PHN-02011,registered,FIR-001038
ACC-02838,PHN-00652,registered,FIR-001684
ACC-02650,PHN-00674,registered,FIR-002215
ACC-01272,PHN-01889,used,FIR-001213
ACC-00301,PHN-01972,registered,FIR-001619
ACC-01592,PHN-01343,registered,FIR-002074
ACC-02244,PHN-00008,registered,FIR-000362
ACC-00268,PHN-01996,used,FIR-002213
ACC-03735,PHN-02060,registered,FIR-000392
ACC-03683,PHN-01256,registered,FIR-000466
ACC-04251,PHN-00694,used,FIR-001585
ACC-02676,PHN-00178,registered,FIR-002552
ACC-04366,PHN-00086,registered,FIR-000962
ACC-00311,PHN-00802,registered,FIR-001572
ACC-02141,PHN-02020,registered,FIR-002579
ACC-03766,PHN-02140,registered,FIR-001208
ACC-02728,PHN-00216,registered,FIR-002051
ACC-01100,PHN-02128,registered,FIR-003345
ACC-04287,PHN-01187,registered,FIR-002503
ACC-01896,PHN-01051,used,FIR-000612
ACC-02128,PHN-01522,used,FIR-001066
ACC-01782,PHN-00264,registered,FIR-000440
ACC-04120,PHN-00202,registered,FIR-002290
ACC-03863,PHN-00662,registered,FIR-001619
ACC-03239,PHN-00207,registered,FIR-002568
ACC-01235,PHN-00822,registered,FIR-000669
ACC-03286,PHN-00272,registered,FIR-002615
ACC-02460,PHN-01139,registered,FIR-001286
ACC-00852,PHN-01198,used,FIR-000156
ACC-02744,PHN-00364,registered,FIR-003002
ACC-02435,PHN-00135,registered,FIR-001303
ACC-02228,PHN-01851,registered,FIR-001849
ACC-01307,PHN-00148,registered,FIR-000876
ACC-03856,PHN-00270,registered,FIR-000529
ACC-01971,PHN-01117,registered,FIR-002842
ACC-01045,PHN-00621,registered,FIR-001653
ACC-00976,PHN-00604,registered,FIR-000330
ACC-02848,PHN-00192,registered,FIR-001112
ACC-03537,PHN-01079,registered,FIR-000629
ACC-03515,PHN-01170,registered,FIR-001780
ACC-01035,PHN-00059,used,FIR-002963
ACC-02360,PHN-01506,registered,FIR-002614
ACC-00445,PHN-01255,registered,FIR-000079
ACC-04006,PHN-00542,registered,FIR-002790
ACC-03265,PHN-00462,registered,FIR-001222
ACC-03690,PHN-00957,registered,FIR-000627
ACC-02945,PHN-00768,registered,FIR-000700
ACC-03261,PHN-00112,registered,FIR-000365
ACC-00565,PHN-01821,registered,FIR-003421
ACC-03645,PHN-00669,registered,FIR-001405
ACC-00984,PHN-01447,registered,FIR-000984
ACC-03262,PHN-01884,used,FIR-002268
ACC-02192,PHN-01794,used,FIR-002992
ACC-04154,PHN-00336,registered,FIR-001200
ACC-00653,PHN-01542,registered,FIR-000965
ACC-00231,PHN-02068,registered,FIR-001396
ACC-01368,PHN-00966,used,FIR-002212
ACC-00072,PHN-01325,registered,FIR-000103
ACC-00012,PHN-01416,registered,FIR-001459
ACC-04208,PHN-00191,registered,FIR-002824
ACC-00626,PHN-00922,registered,FIR-000224
ACC-03003,PHN-01634,registered,FIR-000922
ACC-03818,PHN-00928,used,FIR-000153
ACC-04435,PHN-01199,registered,FIR-003296
ACC-00672,PHN-00083,registered,FIR-003229
ACC-03211,PHN-00898,registered,FIR-001554
ACC-03507,PHN-00461,registered,FIR-001294
ACC-03197,PHN-00521,registered,FIR-001608
ACC-03571,PHN-01883,registered,FIR-001614
ACC-03456,PHN-01514,registered,FIR-000258
ACC-03716,PHN-00628,registered,FIR-000069
ACC-03649,PHN-00021,registered,FIR-001304
ACC-02575,PHN-00033,used,FIR-000136
ACC-02770,PHN-00682,registered,FIR-003667
ACC-04140,PHN-00912,registered,FIR-002890
ACC-00575,PHN-01585,used,FIR-000873
ACC-04063,PHN-01891,used,FIR-002299
ACC-02044,PHN-01385,used,FIR-003649
ACC-03317,PHN-01776,used,FIR-001410
ACC-03736,PHN-01035,registered,FIR-001340
ACC-04323,PHN-01502,registered,FIR-002625
ACC-03692,PHN-01804,registered,FIR-000053
ACC-03406,PHN-01825,registered,FIR-003337
ACC-03695,PHN-02070,registered,FIR-001185
ACC-02177,PHN-00032,registered,FIR-000751
ACC-02733,PHN-02161,registered,FIR-000691
ACC-03002,PHN-01340,registered,FIR-001794
ACC-02353,PHN-01204,registered,FIR-002021
ACC-01013,PHN-00094,registered,FIR-003672
ACC-01391,PHN-01597,registered,FIR-000761
ACC-01525,PHN-02215,used,FIR-001044
ACC-00818,PHN-01701,registered,FIR-001270
ACC-00206,PHN-01190,registered,FIR-000464
ACC-00883,PHN-01456,used,FIR-002770
ACC-02510,PHN-01265,registered,FIR-000119
ACC-03769,PHN-00677,registered,FIR-001271
ACC-03846,PHN-00705,registered,FIR-000780
ACC-02680,PHN-00007,registered,FIR-000091
ACC-03659,PHN-00686,registered,FIR-003573
ACC-01994,PHN-01658,used,FIR-000038
ACC-02162,PHN-00393,registered,FIR-003556
ACC-03008,PHN-01920,used,FIR-000434
ACC-03949,PHN-01815,used,FIR-002816
ACC-00191,PHN-01448,registered,FIR-000285
ACC-03320,PHN-01643,registered,FIR-001903
ACC-02355,PHN-01074,registered,FIR-002228
ACC-02034,PHN-02080,registered,FIR-002058
ACC-01745,PHN-01945,registered,FIR-001859
ACC-01556,PHN-01445,registered,FIR-000742
ACC-01183,PHN-01712,used,FIR-003462
ACC-00595,PHN-01511,used,FIR-002377
ACC-03654,PHN-02001,used,FIR-000536
ACC-02226,PHN-00913,registered,FIR-002371
ACC-04051,PHN-00743,registered,FIR-001251
ACC-00367,PHN-01487,used,FIR-001163
ACC-01537,PHN-00696,used,FIR-002675
ACC-02807,PHN-01003,registered,FIR-000849
ACC-00379,PHN-00014,registered,FIR-002128
ACC-01078,PHN-00117,registered,FIR-000951
ACC-04113,PHN-00974,used,FIR-003547
ACC-01851,PHN-00719,registered,FIR-001621
ACC-01343,PHN-00600,registered,FIR-002401
ACC-01870,PHN-02077,used,FIR-000425
ACC-01207,PHN-00250,registered,FIR-003557
ACC-04041,PHN-00875,registered,FIR-001439
ACC-00975,PHN-00970,registered,FIR-001126
ACC-03371,PHN-00798,registered,FIR-003510
ACC-00348,PHN-00142,registered,FIR-002024
ACC-00793,PHN-01752,registered,FIR-003419
ACC-00513,PHN-01983,registered,FIR-002869
ACC-00819,PHN-02134,used,FIR-000438
ACC-01984,PHN-02209,registered,FIR-001302
ACC-00735,PHN-01196,used,FIR-003684
ACC-02067,PHN-01267,used,FIR-001198
ACC-02889,PHN-01017,registered,FIR-001414
ACC-02125,PHN-02192,used,FIR-001744
ACC-02072,PHN-01166,registered,FIR-001515
ACC-02289,PHN-01556,registered,FIR-001187
ACC-01653,PHN-01168,registered,FIR-003483
ACC-02323,PHN-01430,registered,FIR-002385
ACC-00417,PHN-02138,registered,FIR-000020
ACC-01603,PHN-00940,registered,FIR-001785
ACC-00396,PHN-00036,registered,FIR-001687
ACC-01059,PHN-01744,registered,FIR-001179
ACC-00474,PHN-00219,used,FIR-000505
ACC-02814,PHN-00878,registered,FIR-000197
ACC-00720,PHN-00738,registered,FIR-000411
ACC-02670,PHN-00751,used,FIR-000442
ACC-00705,PHN-00280,registered,FIR-001232
ACC-02869,PHN-01617,registered,FIR-002745
ACC-02293,PHN-02112,used,FIR-000272
ACC-03142,PHN-00042,registered,FIR-002397
ACC-02915,PHN-01526,registered,FIR-000481
ACC-03854,PHN-01147,used,FIR-002513
ACC-02737,PHN-01406,registered,FIR-003130
ACC-02947,PHN-01627,registered,FIR-002712
ACC-00051,PHN-01648,registered,FIR-001826
ACC-03391,PHN-01664,registered,FIR-003630
ACC-03900,PHN-01249,registered,FIR-001049
ACC-03909,PHN-00868,registered,FIR-001199
ACC-01188,PHN-00729,used,FIR-002296
ACC-03401,PHN-01227,registered,FIR-003312
ACC-02586,PHN-01442,registered,FIR-001661
ACC-02321,PHN-01859,registered,FIR-002198
ACC-03715,PHN-01863,registered,FIR-003086
ACC-00292,PHN-01903,used,FIR-003234
ACC-02145,PHN-01088,registered,FIR-002867
ACC-04370,PHN-01722,used,FIR-002983
ACC-02297,PHN-02006,registered,FIR-001241
ACC-02760,PHN-01501,registered,FIR-003294
ACC-02305,PHN-01284,used,FIR-001478
ACC-02261,PHN-01357,registered,FIR-000933
ACC-03775,PHN-02212,registered,FIR-002102
ACC-03254,PHN-01525,registered,FIR-001703
ACC-02592,PHN-01285,used,FIR-001523
ACC-01567,PHN-00725,registered,FIR-001720
ACC-00176,PHN-02176,registered,FIR-002953
ACC-04379,PHN-00690,registered,FIR-001269
ACC-03329,PHN-01840,registered,FIR-002387
ACC-01223,PHN-01837,registered,FIR-002122
ACC-01748,PHN-01195,registered,FIR-002000
ACC-00532,PHN-01527,registered,FIR-003500
ACC-02332,PHN-00053,registered,FIR-000436
ACC-02750,PHN-01845,registered,FIR-003129
ACC-00024,PHN-02082,registered,FIR-002580
ACC-00557,PHN-01918,registered,FIR-003575
ACC-03103,PHN-00659,used,FIR-000597
ACC-02523,PHN-01809,used,FIR-001731
ACC-02914,PHN-00781,used,FIR-002494
ACC-01906,PHN-00752,used,FIR-000537
ACC-04150,PHN-01697,registered,FIR-002821
ACC-03976,PHN-01702,used,FIR-000662
ACC-03088,PHN-00408,registered,FIR-001866
ACC-00454,PHN-00344,registered,FIR-000834
ACC-00303,PHN-02148,registered,FIR-001518
ACC-01579,PHN-01061,registered,FIR-002728
ACC-01064,PHN-00579,used,FIR-002572
ACC-01879,PHN-00184,registered,FIR-000358
ACC-04446,PHN-00070,registered,FIR-002972
ACC-02932,PHN-00273,registered,FIR-000155
ACC-02962,PHN-00917,registered,FIR-001533
ACC-01975,PHN-01424,registered,FIR-001669
ACC-03844,PHN-02034,used,FIR-003538
ACC-01279,PHN-01575,registered,FIR-002297
ACC-00529,PHN-01409,registered,FIR-002616
ACC-01293,PHN-01246,registered,FIR-000618
ACC-00459,PHN-00274,registered,FIR-002069
ACC-00146,PHN-00952,used,FIR-002400
ACC-03569,PHN-02173,registered,FIR-002581
ACC-03374,PHN-01352,used,FIR-002639
ACC-02262,PHN-00704,registered,FIR-002162
ACC-02465,PHN-01493,registered,FIR-003419
ACC-02626,PHN-01563,registered,FIR-002512
ACC-02646,PHN-00493,registered,FIR-002411
ACC-02131,PHN-00675,registered,FIR-003515
ACC-02427,PHN-00564,registered,FIR-000232
ACC-03063,PHN-00877,used,FIR-001729
ACC-00587,PHN-01967,registered,FIR-002457
ACC-03156,PHN-00313,registered,FIR-001111
ACC-03184,PHN-00590,registered,FIR-001116
ACC-03504,PHN-01879,registered,FIR-003217
ACC-01808,PHN-02086,used,FIR-001100
ACC-03056,PHN-02044,used,FIR-002991
ACC-01643,PHN-00140,registered,FIR-001201
ACC-03728,PHN-01148,registered,FIR-003463
ACC-02298,PHN-00900,used,FIR-002232
ACC-03472,PHN-00418,registered,FIR-002027
ACC-01496,PHN-00102,registered,FIR-001640
ACC-02104,PHN-00958,registered,FIR-002273
ACC-01150,PHN-00225,registered,FIR-001834
ACC-03634,PHN-01344,registered,FIR-000997
ACC-02299,PHN-00109,registered,FIR-000368
ACC-01911,PHN-01578,registered,FIR-002566
ACC-02195,PHN-01460,used,FIR-003369
ACC-03539,PHN-00227,registered,FIR-000036
ACC-02135,PHN-01754,registered,FIR-003451
ACC-01891,PHN-00063,registered,FIR-003674
ACC-00972,PHN-01764,used,FIR-000953
ACC-04432,PHN-00243,registered,FIR-002275
ACC-03660,PHN-01590,registered,FIR-001495
ACC-01651,PHN-00412,used,FIR-000521
ACC-01071,PHN-00147,registered,FIR-002608
ACC-01444,PHN-01989,registered,FIR-002398
ACC-03641,PHN-01858,registered,FIR-000245
ACC-02550,PHN-00504,registered,FIR-003718
ACC-01923,PHN-00421,used,FIR-002514
ACC-00109,PHN-00785,registered,FIR-002484
ACC-01562,PHN-00992,registered,FIR-003388
ACC-03240,PHN-00645,registered,FIR-003306
ACC-00604,PHN-00728,registered,FIR-000409
ACC-00900,PHN-00949,registered,FIR-000998
ACC-00184,PHN-02051,registered,FIR-000945
ACC-03153,PHN-00523,registered,FIR-002344
ACC-03529,PHN-02105,registered,FIR-001288
ACC-02878,PHN-00171,used,FIR-000970
ACC-02758,PHN-01240,registered,FIR-002109
ACC-02222,PHN-01893,registered,FIR-003495
ACC-00347,PHN-00350,registered,FIR-001528
ACC-00329,PHN-01418,registered,FIR-000177
ACC-01986,PHN-02025,used,FIR-003567
ACC-03431,PHN-01856,registered,FIR-003080
ACC-03519,PHN-00756,registered,FIR-000744
ACC-00906,PHN-00903,registered,FIR-003365
ACC-03274,PHN-01258,registered,FIR-001660
ACC-03804,PHN-00322,registered,FIR-001722
ACC-04022,PHN-01432,registered,FIR-002271
ACC-00826,PHN-00562,registered,FIR-000875
ACC-02990,PHN-01039,registered,FIR-003578
ACC-02021,PHN-00680,registered,FIR-001433
ACC-03324,PHN-01018,used,FIR-002881
ACC-03713,PHN-01735,registered,FIR-003246
ACC-02378,PHN-02133,registered,FIR-000407
ACC-03048,PHN-01833,registered,FIR-000149
ACC-00497,PHN-00037,used,FIR-002706
ACC-01505,PHN-00622,registered,FIR-003084
ACC-02778,PHN-00507,registered,FIR-002001
ACC-00691,PHN-00894,registered,FIR-001336
ACC-00947,PHN-00810,registered,FIR-001837
ACC-03717,PHN-01846,registered,FIR-000083
ACC-01599,PHN-00757,used,FIR-002520
ACC-03460,PHN-02151,registered,FIR-002396
ACC-02632,PHN-01671,registered,FIR-003045
ACC-02808,PHN-00920,registered,FIR-001822
ACC-04457,PHN-00400,registered,FIR-002476
ACC-01711,PHN-00627,registered,FIR-001992
ACC-01919,PHN-01574,registered,FIR-000263
ACC-02905,PHN-00772,registered,FIR-003392
ACC-04193,PHN-01853,registered,FIR-000770
ACC-00126,PHN-02064,used,FIR-001164
ACC-01231,PHN-01579,registered,FIR-000039
ACC-04285,PHN-00608,registered,FIR-001658
ACC-03198,PHN-00348,used,FIR-003239
ACC-00063,PHN-01818,registered,FIR-002466
ACC-00889,PHN-00494,registered,FIR-001937
ACC-00371,PHN-00108,used,FIR-000352
ACC-00122,PHN-01639,registered,FIR-000816
ACC-02417,PHN-00377,registered,FIR-003454
ACC-04131,PHN-01140,registered,FIR-002388
ACC-02785,PHN-01058,registered,FIR-001708
ACC-03447,PHN-01149,registered,FIR-002446
ACC-02214,PHN-02098,registered,FIR-001777
ACC-00320,PHN-00170,used,FIR-001960
ACC-03822,PHN-00156,registered,FIR-003186
ACC-04252,PHN-00718,used,FIR-000643
ACC-00928,PHN-01785,registered,FIR-001841
ACC-03861,PHN-01214,registered,FIR-001966
ACC-03242,PHN-01510,registered,FIR-000728
ACC-03700,PHN-00601,registered,FIR-001396
ACC-03541,PHN-02118,registered,FIR-000226
ACC-04194,PHN-01261,registered,FIR-001379
ACC-04173,PHN-01517,registered,FIR-003252
ACC-02346,PHN-01940,registered,FIR-002321
ACC-03081,PHN-00394,registered,FIR-002937
ACC-03122,PHN-01128,registered,FIR-002010
ACC-04179,PHN-00029,registered,FIR-003330
ACC-01170,PHN-02144,registered,FIR-001316
ACC-03146,PHN-00703,registered,FIR-000504
ACC-03337,PHN-01626,registered,FIR-002930
ACC-02507,PHN-02109,registered,FIR-003173
ACC-04374,PHN-01654,registered,FIR-001711
ACC-01878,PHN-01263,registered,FIR-002159
ACC-01609,PHN-01749,registered,FIR-002737
ACC-01178,PHN-01651,registered,FIR-002309
ACC-01843,PHN-01220,registered,FIR-000107
ACC-01630,PHN-00176,registered,FIR-000710
ACC-01596,PHN-00618,used,FIR-001140
ACC-00706,PHN-01950,registered,FIR-001800
ACC-01353,PHN-00355,registered,FIR-001238
ACC-02541,PHN-02194,registered,FIR-002827
ACC-03475,PHN-01451,registered,FIR-000241
ACC-00470,PHN-01278,used,FIR-003565
ACC-01084,PHN-00795,used,FIR-002913
ACC-03671,PHN-01559,registered,FIR-001290
ACC-00641,PHN-01635,registered,FIR-001999
ACC-00725,PHN-02183,registered,FIR-002205
ACC-03707,PHN-01296,registered,FIR-000207
ACC-04280,PHN-00139,registered,FIR-001176
ACC-03367,PHN-01693,registered,FIR-001171
ACC-00351,PHN-01465,registered,FIR-001030
ACC-02174,PHN-00794,registered,FIR-003363
ACC-03756,PHN-01440,registered,FIR-002240
ACC-01462,PHN-01103,used,FIR-002970
ACC-03813,PHN-01558,registered,FIR-003466
ACC-03821,PHN-01004,registered,FIR-002332
ACC-02155,PHN-02042,registered,FIR-000645
ACC-02784,PHN-02169,registered,FIR-001343
ACC-01672,PHN-00087,used,FIR-001934
ACC-01625,PHN-01235,used,FIR-001017
ACC-03596,PHN-01586,registered,FIR-002256
ACC-00293,PHN-00609,used,FIR-002902
ACC-02478,PHN-01543,registered,FIR-003200
ACC-04301,PHN-00150,registered,FIR-001400
ACC-02319,PHN-01850,used,FIR-002592
ACC-02251,PHN-01046,registered,FIR-001311
ACC-01268,PHN-00918,registered,FIR-000540
ACC-03542,PHN-00343,registered,FIR-002997
ACC-03819,PHN-00061,registered,FIR-003069
ACC-03282,PHN-01244,registered,FIR-003416
ACC-03276,PHN-00302,registered,FIR-001501
ACC-03561,PHN-00298,registered,FIR-000376
ACC-03448,PHN-01695,registered,FIR-001488
ACC-03399,PHN-02230,registered,FIR-001898
ACC-03123,PHN-01997,registered,FIR-000731
ACC-03538,PHN-02028,used,FIR-001845
ACC-03033,PHN-02087,registered,FIR-000399
ACC-01845,PHN-01679,used,FIR-001461
ACC-03614,PHN-01580,registered,FIR-001838
ACC-00115,PHN-02116,used,FIR-001775
ACC-00322,PHN-01269,registered,FIR-002121
ACC-02334,PHN-00107,used,FIR-001682
ACC-01838,PHN-00861,registered,FIR-001713
ACC-00036,PHN-00539,registered,FIR-000523
ACC-01952,PHN-02130,used,FIR-001391
ACC-03710,PHN-01774,used,FIR-000298
ACC-02227,PHN-01988,registered,FIR-001958
ACC-02451,PHN-00571,registered,FIR-000625
ACC-00612,PHN-01623,used,FIR-000180
ACC-02002,PHN-01496,registered,FIR-001693
ACC-03348,PHN-00991,registered,FIR-001702
ACC-01138,PHN-00947,registered,FIR-002156
ACC-00189,PHN-00873,registered,FIR-000745
ACC-03870,PHN-01142,registered,FIR-000319
ACC-02324,PHN-00143,used,FIR-000608
ACC-00420,PHN-00834,registered,FIR-003676
ACC-02209,PHN-00593,registered,FIR-002237
ACC-03232,PHN-01481,registered,FIR-000280
ACC-03217,PHN-00119,registered,FIR-000621
ACC-01005,PHN-01001,registered,FIR-001013
ACC-02105,PHN-02047,registered,FIR-000467
ACC-01667,PHN-00324,used,FIR-002075
ACC-00687,PHN-00076,registered,FIR-001559
ACC-02089,PHN-01044,used,FIR-003570
ACC-04454,PHN-00486,registered,FIR-002954
ACC-01107,PHN-00379,registered,FIR-001172
ACC-04209,PHN-00779,registered,FIR-000919
ACC-00078,PHN-01688,registered,FIR-002843
ACC-03835,PHN-01847,registered,FIR-000878
ACC-02546,PHN-00235,used,FIR-002035
ACC-02556,PHN-02190,registered,FIR-001273
ACC-02649,PHN-01839,used,FIR-002298
ACC-04065,PHN-00231,registered,FIR-000756
ACC-01692,PHN-01131,used,FIR-001389
ACC-00630,PHN-01981,registered,FIR-000701
ACC-00118,PHN-01363,registered,FIR-002767
ACC-00944,PHN-01333,used,FIR-000785
ACC-02920,PHN-00954,registered,FIR-000440
ACC-02449,PHN-00333,used,FIR-000184
ACC-01825,PHN-01663,registered,FIR-002986
ACC-00043,PHN-02213,registered,FIR-000858
ACC-02379,PHN-01897,registered,FIR-003073
ACC-01770,PHN-01221,used,FIR-001409
ACC-01679,PHN-00698,used,FIR-002374
ACC-03619,PHN-00649,registered,FIR-001035
ACC-04356,PHN-00488,registered,FIR-002619
ACC-03234,PHN-01636,registered,FIR-002154
ACC-01422,PHN-02143,registered,FIR-003484
ACC-01148,PHN-01121,registered,FIR-002208
ACC-03163,PHN-00168,registered,FIR-001757
ACC-02881,PHN-00896,registered,FIR-002399
ACC-03288,PHN-00434,registered,FIR-003589
ACC-02734,PHN-00495,registered,FIR-003227
ACC-00878,PHN-00870,registered,FIR-002626
ACC-03773,PHN-00257,registered,FIR-003060
ACC-03278,PHN-01982,registered,FIR-001694
ACC-04269,PHN-01029,registered,FIR-001474
ACC-01548,PHN-01906,used,FIR-001195
ACC-01868,PHN-01668,registered,FIR-001155
ACC-01055,PHN-00817,registered,FIR-002987
ACC-01958,PHN-01985,registered,FIR-002484
ACC-00857,PHN-01283,registered,FIR-000946
ACC-04421,PHN-00024,used,FIR-000159
ACC-01445,PHN-00410,registered,FIR-000455
ACC-00067,PHN-01419,used,FIR-002570
ACC-00713,PHN-01691,registered,FIR-000007
ACC-00925,PHN-02156,registered,FIR-000864
ACC-00569,PHN-01026,used,FIR-002982
ACC-00714,PHN-00624,registered,FIR-001148
ACC-03251,PHN-01397,registered,FIR-000382
ACC-04281,PHN-01012,used,FIR-000746
ACC-00196,PHN-00839,used,FIR-000027
ACC-00125,PHN-00846,registered,FIR-000881
ACC-04152,PHN-01594,registered,FIR-002657
ACC-04321,PHN-01439,registered,FIR-003117
ACC-00245,PHN-01587,registered,FIR-001895
ACC-01628,PHN-02202,registered,FIR-003273
ACC-02583,PHN-01822,registered,FIR-001219
ACC-01030,PHN-00297,registered,FIR-000164
ACC-00824,PHN-00689,registered,FIR-003168
ACC-01789,PHN-02061,registered,FIR-002664
ACC-00544,PHN-01975,registered,FIR-002500
ACC-02167,PHN-00942,registered,FIR-000791
ACC-00034,PHN-00113,registered,FIR-003353
ACC-01350,PHN-01613,registered,FIR-000625
ACC-02522,PHN-01910,registered,FIR-003571
ACC-03636,PHN-00054,registered,FIR-002584
ACC-03927,PHN-01703,used,FIR-002588
ACC-00437,PHN-01894,used,FIR-001642
ACC-01140,PHN-01212,registered,FIR-000576
ACC-02075,PHN-00123,registered,FIR-002008
ACC-01804,PHN-02056,registered,FIR-000616
ACC-03527,PHN-00384,registered,FIR-002747
ACC-02249,PHN-02107,registered,FIR-000741
ACC-01182,PHN-01880,used,FIR-000748
ACC-01186,PHN-00650,registered,FIR-003639
ACC-00937,PHN-00587,used,FIR-000256
ACC-00353,PHN-01793,registered,FIR-000294
ACC-01862,PHN-02058,used,FIR-001300
ACC-04215,PHN-00935,registered,FIR-002422
ACC-01436,PHN-00491,used,FIR-000880
ACC-04453,PHN-01700,used,FIR-000467
ACC-03398,PHN-00596,registered,FIR-000993
ACC-04080,PHN-01288,registered,FIR-003006
ACC-00963,PHN-00145,registered,FIR-000947
ACC-01481,PHN-01082,registered,FIR-002908
ACC-02627,PHN-01602,registered,FIR-000004
ACC-04279,PHN-01681,registered,FIR-001206
ACC-02710,PHN-00385,used,FIR-003604
ACC-01464,PHN-00122,registered,FIR-002795
ACC-00439,PHN-01583,registered,FIR-000971
ACC-01065,PHN-00256,registered,FIR-002241
ACC-04222,PHN-01948,registered,FIR-003477
ACC-04354,PHN-01401,registered,FIR-001100
ACC-03514,PHN-00378,registered,FIR-002789
ACC-03471,PHN-01923,registered,FIR-001299
ACC-03298,PHN-00782,registered,FIR-002341
ACC-00056,PHN-00711,registered,FIR-000321
ACC-00276,PHN-01933,registered,FIR-000078
ACC-00238,PHN-01485,registered,FIR-000496
ACC-01206,PHN-01890,registered,FIR-000727
ACC-03300,PHN-00784,used,FIR-002916
ACC-02294,PHN-00973,used,FIR-001275
ACC-00203,PHN-00515,used,FIR-000139
ACC-02304,PHN-01711,registered,FIR-000822
ACC-00628,PHN-01566,used,FIR-000011
ACC-02216,PHN-01645,registered,FIR-000008
ACC-02960,PHN-01466,registered,FIR-002863
ACC-03312,PHN-01554,registered,FIR-003598
ACC-00610,PHN-00909,registered,FIR-002961
ACC-02764,PHN-00049,registered,FIR-002353
ACC-00785,PHN-01551,registered,FIR-003340
ACC-03035,PHN-01172,registered,FIR-001425
ACC-00464,PHN-01553,registered,FIR-003471
ACC-02107,PHN-02103,registered,FIR-000841
ACC-01976,PHN-00749,registered,FIR-001298
ACC-03908,PHN-01226,registered,FIR-002022
ACC-00662,PHN-01200,registered,FIR-000471
ACC-00907,PHN-00790,registered,FIR-002792
ACC-04198,PHN-00874,registered,FIR-001440
ACC-03493,PHN-01326,used,FIR-001376
ACC-04367,PHN-01370,registered,FIR-002004
ACC-02939,PHN-00951,used,FIR-003522
ACC-02200,PHN-00615,used,FIR-003174
ACC-04077,PHN-01064,registered,FIR-002185
ACC-00486,PHN-01300,used,FIR-000338
ACC-02987,PHN-00204,registered,FIR-002174
ACC-01149,PHN-01492,registered,FIR-001211
ACC-00041,PHN-00011,used,FIR-003113
ACC-00689,PHN-01292,used,FIR-001621
ACC-03102,PHN-01791,registered,FIR-003061
ACC-00283,PHN-01339,registered,FIR-001415
ACC-02961,PHN-00914,registered,FIR-000846
ACC-03941,PHN-01655,registered,FIR-000116
ACC-03040,PHN-01354,registered,FIR-002678
ACC-03296,PHN-01291,registered,FIR-000857
ACC-02243,PHN-01789,registered,FIR-002565
ACC-00648,PHN-00808,used,FIR-003368
ACC-03603,PHN-00910,registered,FIR-001011
ACC-03621,PHN-01350,registered,FIR-001218
ACC-04291,PHN-01736,registered,FIR-001884
ACC-02505,PHN-01608,registered,FIR-000342
ACC-00536,PHN-01787,registered,FIR-002903
ACC-01425,PHN-01828,registered,FIR-001857
ACC-02471,PHN-01848,registered,FIR-000147
ACC-03026,PHN-00389,used,FIR-002899
ACC-02977,PHN-01795,registered,FIR-003676
ACC-03147,PHN-01898,used,FIR-002668
ACC-04081,PHN-00153,used,FIR-001650
ACC-03669,PHN-00854,registered,FIR-003648
ACC-00046,PHN-02062,registered,FIR-001654
ACC-03014,PHN-00617,used,FIR-001431
ACC-02590,PHN-01569,registered,FIR-000055
ACC-02178,PHN-00220,used,FIR-002559
ACC-02969,PHN-00985,registered,FIR-001301
ACC-03947,PHN-02088,used,FIR-000667
ACC-01441,PHN-00580,registered,FIR-001836
ACC-04009,PHN-01535,registered,FIR-002247
ACC-00711,PHN-00465,registered,FIR-001835
ACC-04386,PHN-02055,used,FIR-003176
ACC-01101,PHN-01185,registered,FIR-001875
ACC-03929,PHN-01521,registered,FIR-001137
ACC-01790,PHN-00267,registered,FIR-001566
ACC-01993,PHN-02149,registered,FIR-001344
ACC-01340,PHN-01990,registered,FIR-002885
ACC-03230,PHN-01713,used,FIR-001742
ACC-01571,PHN-01540,registered,FIR-001159
ACC-03183,PHN-00968,used,FIR-002769
ACC-02700,PHN-01576,used,FIR-001983
ACC-04327,PHN-00198,used,FIR-003194
ACC-04211,PHN-00323,registered,FIR-002441
ACC-01467,PHN-01402,used,FIR-003321
ACC-00719,PHN-01979,used,FIR-000958
ACC-01966,PHN-01471,registered,FIR-002720
ACC-02037,PHN-01232,used,FIR-002955
ACC-00955,PHN-00018,used,FIR-002611
ACC-01390,PHN-01282,registered,FIR-003178
ACC-02263,PHN-00535,registered,FIR-002211
ACC-01498,PHN-00658,registered,FIR-000792
ACC-00173,PHN-00206,registered,FIR-002433
ACC-02721,PHN-01038,registered,FIR-000507
ACC-00994,PHN-00865,registered,FIR-001762
ACC-04092,PHN-00671,registered,FIR-001753
ACC-00352,PHN-00819,registered,FIR-003147
ACC-03612,PHN-02206,used,FIR-000255
ACC-04226,PHN-00885,registered,FIR-003593
ACC-01621,PHN-00464,used,FIR-003056
ACC-00621,PHN-00737,registered,FIR-003267
ACC-02690,PHN-00015,used,FIR-001192
ACC-03664,PHN-00591,registered,FIR-003537
ACC-02237,PHN-00709,registered,FIR-003417
ACC-01166,PHN-00514,registered,FIR-002418
ACC-01858,PHN-01399,registered,FIR-001028
ACC-02084,PHN-02170,registered,FIR-002921
ACC-04376,PHN-00398,registered,FIR-002114
ACC-02787,PHN-00858,registered,FIR-000847
ACC-00048,PHN-00741,used,FIR-000239
ACC-03938,PHN-00629,used,FIR-002126
ACC-00537,PHN-01132,registered,FIR-003452
ACC-00635,PHN-01707,registered,FIR-000994
ACC-02667,PHN-01429,registered,FIR-001727
ACC-00809,PHN-00853,used,FIR-003448
ACC-01267,PHN-01941,registered,FIR-001320
ACC-02414,PHN-01716,registered,FIR-000266
ACC-02384,PHN-01065,registered,FIR-002919
ACC-01291,PHN-00387,registered,FIR-001250
ACC-02166,PHN-00989,used,FIR-002951
ACC-02789,PHN-02078,registered,FIR-003514
ACC-01443,PHN-00965,registered,FIR-001005
ACC-00239,PHN-02106,registered,FIR-000060
ACC-02453,PHN-01640,registered,FIR-001677
ACC-00365,PHN-00111,registered,FIR-002371
ACC-00637,PHN-01067,used,FIR-003681
ACC-03799,PHN-01271,registered,FIR-003623
ACC-04057,PHN-00025,registered,FIR-001096
ACC-02825,PHN-00460,registered,FIR-000929
ACC-02267,PHN-00972,used,FIR-000858
ACC-04352,PHN-01218,registered,FIR-001120
ACC-02836,PHN-01565,used,FIR-000528
ACC-04200,PHN-02099,used,FIR-002779
ACC-02327,PHN-01561,registered,FIR-003359
ACC-02208,PHN-01718,registered,FIR-001983
ACC-01319,PHN-01476,used,FIR-000713
ACC-00611,PHN-01814,used,FIR-000127
ACC-03195,PHN-00230,used,FIR-003560
ACC-02410,PHN-00127,registered,FIR-001772
ACC-00060,PHN-00317,used,FIR-003422
ACC-00195,PHN-01253,registered,FIR-001573
ACC-01619,PHN-00636,registered,FIR-000773
ACC-03364,PHN-00320,registered,FIR-000548
ACC-03480,PHN-00144,registered,FIR-000729
ACC-04339,PHN-00842,registered,FIR-003683
ACC-02238,PHN-01167,registered,FIR-000760
ACC-00389,PHN-00027,registered,FIR-000300
ACC-02300,PHN-01728,used,FIR-001637
ACC-00395,PHN-01320,registered,FIR-000333
ACC-03564,PHN-01705,registered,FIR-000646
ACC-04105,PHN-01367,registered,FIR-001790
ACC-04204,PHN-00208,registered,FIR-000530
ACC-02282,PHN-01599,registered,FIR-001135
ACC-03677,PHN-01324,registered,FIR-001280
ACC-04243,PHN-01591,registered,FIR-003163
ACC-01638,PHN-00664,used,FIR-000853
ACC-03586,PHN-01896,registered,FIR-000583
ACC-04115,PHN-00436,registered,FIR-002533
ACC-03676,PHN-01330,used,FIR-002038
ACC-00286,PHN-01596,registered,FIR-001981
ACC-02665,PHN-00013,registered,FIR-003465
ACC-01754,PHN-02079,registered,FIR-002415
ACC-02385,PHN-01862,used,FIR-001781
ACC-02731,PHN-01033,registered,FIR-000493
ACC-01773,PHN-01433,registered,FIR-000304
ACC-00927,PHN-01729,registered,FIR-001696
ACC-03181,PHN-01089,used,FIR-002013
ACC-00381,PHN-00242,used,FIR-001659
ACC-01614,PHN-01532,registered,FIR-002936
ACC-03136,PHN-01392,registered,FIR-000963
ACC-00985,PHN-00654,registered,FIR-002907
ACC-02563,PHN-01380,registered,FIR-000359
ACC-01463,PHN-01497,registered,FIR-002323
ACC-02704,PHN-01783,registered,FIR-001924
ACC-02331,PHN-01321,registered,FIR-000465
ACC-01127,PHN-00306,used,FIR-001496
ACC-03836,PHN-01687,registered,FIR-002516
ACC-02621,PHN-01547,registered,FIR-001098
ACC-02847,PHN-01182,registered,FIR-000714
ACC-03134,PHN-01342,registered,FIR-003703
ACC-04262,PHN-01312,registered,FIR-000088
ACC-01490,PHN-00248,registered,FIR-000489
ACC-00650,PHN-01495,registered,FIR-001513
ACC-00270,PHN-00533,used,FIR-001717
ACC-04033,PHN-02033,registered,FIR-000021
ACC-01735,PHN-01360,registered,FIR-001827
ACC-04406,PHN-02045,registered,FIR-001685
ACC-01500,PHN-01751,registered,FIR-002421
ACC-01627,PHN-01653,registered,FIR-003541
ACC-00661,PHN-01387,registered,FIR-000472
ACC-03981,PHN-00850,registered,FIR-000601
ACC-04027,PHN-01301,registered,FIR-002418
ACC-03873,PHN-01844,registered,FIR-003678
ACC-04224,PHN-01099,used,FIR-000566
ACC-02470,PHN-00373,used,FIR-001192
ACC-03862,PHN-01311,registered,FIR-002234
ACC-02406,PHN-00360,registered,FIR-000480
ACC-00055,PHN-01503,registered,FIR-001798
ACC-01365,PHN-00187,registered,FIR-001428
ACC-04460,PHN-01201,registered,FIR-000279
ACC-04290,PHN-01498,registered,FIR-003256
ACC-00147,PHN-00525,registered,FIR-003488
ACC-01939,PHN-00149,registered,FIR-000961
ACC-04213,PHN-00268,registered,FIR-000553
ACC-03681,PHN-00146,used,FIR-003336
ACC-01897,PHN-00770,registered,FIR-002390
ACC-00476,PHN-00613,registered,FIR-001655
ACC-02754,PHN-00706,registered,FIR-003250
ACC-01275,PHN-00180,used,FIR-003562
ACC-02715,PHN-00040,registered,FIR-001635
ACC-04032,PHN-01524,registered,FIR-002067
ACC-00103,PHN-02125,registered,FIR-000356
ACC-02610,PHN-00501,registered,FIR-001287
ACC-01106,PHN-01368,registered,FIR-000212
ACC-01408,PHN-00793,registered,FIR-003040
ACC-00086,PHN-00474,registered,FIR-000257
ACC-03755,PHN-00866,registered,FIR-000292
ACC-01312,PHN-01832,registered,FIR-001009
ACC-01724,PHN-01361,registered,FIR-002601
ACC-03226,PHN-01475,registered,FIR-003645
ACC-01895,PHN-00110,registered,FIR-001872
ACC-01997,PHN-01377,used,FIR-001035
ACC-01708,PHN-00183,registered,FIR-002734
ACC-00455,PHN-01105,registered,FIR-002015
ACC-00745,PHN-00886,registered,FIR-000371
ACC-02653,PHN-00435,registered,FIR-000544
ACC-03498,PHN-00287,registered,FIR-000558
ACC-03904,PHN-01304,registered,FIR-002764
ACC-00409,PHN-01954,registered,FIR-002935
ACC-04223,PHN-02089,registered,FIR-000018
ACC-04062,PHN-00923,used,FIR-001902
ACC-03279,PHN-00124,registered,FIR-000259
ACC-01623,PHN-00642,used,FIR-000553
ACC-02832,PHN-02074,registered,FIR-003180
ACC-02399,PHN-01930,registered,FIR-000379
ACC-02076,PHN-01909,registered,FIR-002419
ACC-00799,PHN-00640,used,FIR-000705
ACC-01487,PHN-01091,used,FIR-000255
ACC-00428,PHN-00068,registered,FIR-001055
ACC-01430,PHN-00484,registered,FIR-000871
ACC-03418,PHN-01917,registered,FIR-001434
ACC-03336,PHN-01800,used,FIR-003066
ACC-01305,PHN-02010,registered,FIR-000927
ACC-03314,PHN-00967,used,FIR-000093
ACC-01040,PHN-01189,used,FIR-003030
ACC-03058,PHN-02095,used,FIR-001932
ACC-04104,PHN-01390,used,FIR-001361
ACC-01142,PHN-00818,registered,FIR-002134
ACC-03410,PHN-00019,registered,FIR-002486
ACC-03872,PHN-00915,registered,FIR-000890
ACC-00518,PHN-00371,registered,FIR-002066
ACC-04079,PHN-00339,registered,FIR-003373
ACC-02341,PHN-01907,registered,FIR-000500
ACC-01016,PHN-02165,registered,FIR-002076
ACC-00660,PHN-01567,used,FIR-003392
ACC-03520,PHN-01375,registered,FIR-000981
ACC-03763,PHN-01057,registered,FIR-002045
ACC-01416,PHN-01062,registered,FIR-002979
ACC-02844,PHN-02142,registered,FIR-003236
ACC-00632,PHN-00777,used,FIR-003089
ACC-03178,PHN-00774,registered,FIR-002995
ACC-03067,PHN-00730,registered,FIR-002206
ACC-00968,PHN-02153,registered,FIR-001057
ACC-02716,PHN-00511,used,FIR-002933
ACC-00888,PHN-01518,used,FIR-001047
ACC-00830,PHN-01068,used,FIR-003090
ACC-01137,PHN-01365,registered,FIR-000786
ACC-02409,PHN-00646,used,FIR-000478
ACC-01528,PHN-00926,registered,FIR-002184
ACC-03905,PHN-00576,used,FIR-002900
ACC-02891,PHN-01376,registered,FIR-002358
ACC-00874,PHN-00814,registered,FIR-000335
ACC-03588,PHN-01457,registered,FIR-003430
ACC-04073,PHN-01592,registered,FIR-003246
ACC-01429,PHN-01024,used,FIR-001335
ACC-02114,PHN-01463,registered,FIR-001349
ACC-03944,PHN-00835,registered,FIR-002812
ACC-02753,PHN-01254,registered,FIR-002604
ACC-04186,PHN-00203,registered,FIR-003070
ACC-02280,PHN-01491,registered,FIR-000501
ACC-00305,PHN-01443,registered,FIR-003360
ACC-00511,PHN-02007,registered,FIR-002848
ACC-03583,PHN-01874,registered,FIR-002435
ACC-01155,PHN-01414,registered,FIR-001037
ACC-03025,PHN-00476,registered,FIR-001777
ACC-04165,PHN-01538,registered,FIR-001990
ACC-02364,PHN-00289,used,FIR-001536
ACC-04286,PHN-01384,registered,FIR-000182
ACC-00753,PHN-01032,registered,FIR-001075
ACC-03986,PHN-01992,registered,FIR-000489
ACC-00373,PHN-00194,registered,FIR-003554
ACC-03559,PHN-01076,registered,FIR-001109
ACC-03899,PHN-01298,registered,FIR-002849
ACC-02488,PHN-01000,registered,FIR-002834
ACC-02026,PHN-00840,used,FIR-000426
ACC-02946,PHN-01115,registered,FIR-002627
ACC-03673,PHN-01378,used,FIR-000306
ACC-00355,PHN-00067,registered,FIR-001027
ACC-02484,PHN-01191,registered,FIR-002416
ACC-03196,PHN-00561,registered,FIR-001646
ACC-04444,PHN-00699,registered,FIR-000092
ACC-03610,PHN-00578,registered,FIR-000137
ACC-02191,PHN-01129,registered,FIR-000135
ACC-00444,PHN-01053,used,FIR-002458
ACC-00918,PHN-00732,registered,FIR-000610
ACC-03297,PHN-00475,registered,FIR-002251
ACC-03386,PHN-01112,registered,FIR-000641
ACC-01686,PHN-01595,registered,FIR-001139
ACC-03101,PHN-00907,used,FIR-002020
ACC-01610,PHN-00787,registered,FIR-001085
ACC-00044,PHN-00433,registered,FIR-002372
ACC-03864,PHN-00508,registered,FIR-003689
ACC-03698,PHN-01624,registered,FIR-003627
ACC-02392,PHN-02037,registered,FIR-002111
ACC-03109,PHN-02211,used,FIR-002914
ACC-01511,PHN-01307,registered,FIR-003240
ACC-00201,PHN-00735,used,FIR-003374
ACC-01201,PHN-00937,registered,FIR-000747
ACC-03724,PHN-00984,registered,FIR-002468
ACC-04340,PHN-02224,registered,FIR-002370
ACC-01693,PHN-01165,registered,FIR-001825
ACC-00023,PHN-00527,registered,FIR-003003
ACC-04005,PHN-00416,used,FIR-001353
ACC-03182,PHN-01721,registered,FIR-003497
ACC-01722,PHN-00115,registered,FIR-001601
ACC-02190,PHN-00549,registered,FIR-003199
ACC-01931,PHN-01159,used,FIR-002996
ACC-02996,PHN-00246,registered,FIR-000239
ACC-03027,PHN-01118,used,FIR-002158
ACC-02144,PHN-00293,registered,FIR-002131
ACC-00919,PHN-00383,registered,FIR-001873
ACC-02552,PHN-01124,used,FIR-001661
ACC-02259,PHN-00073,registered,FIR-002047
ACC-02973,PHN-00179,used,FIR-002105
ACC-01046,PHN-00983,used,FIR-001976
ACC-03332,PHN-01306,registered,FIR-001015
ACC-01173,PHN-00134,used,FIR-003000
ACC-01944,PHN-01075,used,FIR-000565
ACC-02116,PHN-01743,used,FIR-003583
ACC-04136,PHN-02150,registered,FIR-002823
ACC-00933,PHN-00482,registered,FIR-001282
ACC-04111,PHN-01176,registered,FIR-003391
ACC-03377,PHN-01381,registered,FIR-001221
ACC-00401,PHN-02083,registered,FIR-002112
ACC-03618,PHN-01113,registered,FIR-003443
ACC-00865,PHN-01689,registered,FIR-000301
ACC-03978,PHN-00771,registered,FIR-000032
ACC-02242,PHN-01944,registered,FIR-002889
ACC-01290,PHN-01860,registered,FIR-003125
ACC-03162,PHN-01302,used,FIR-003169
ACC-01271,PHN-01101,registered,FIR-001021
ACC-00289,PHN-00369,registered,FIR-002116
ACC-01237,PHN-01777,used,FIR-002144
ACC-03798,PHN-01849,used,FIR-000794
ACC-01249,PHN-01294,registered,FIR-001098
ACC-04332,PHN-01322,registered,FIR-000649
ACC-04264,PHN-00990,used,FIR-003459
ACC-00556,PHN-00074,registered,FIR-002699
ACC-03759,PHN-00554,used,FIR-003566
ACC-02934,PHN-01438,used,FIR-002093
ACC-01087,PHN-00392,registered,FIR-003052
ACC-01796,PHN-00693,registered,FIR-002160
ACC-00602,PHN-00955,registered,FIR-001132
ACC-00123,PHN-01138,registered,FIR-002114
ACC-03913,PHN-01622,used,FIR-003381
ACC-03995,PHN-01127,registered,FIR-002240
ACC-03578,PHN-01955,registered,FIR-000937
ACC-01922,PHN-01297,registered,FIR-001110
ACC-00079,PHN-01252,registered,FIR-001047
ACC-02585,PHN-01798,registered,FIR-000508
ACC-02530,PHN-00098,registered,FIR-001058
ACC-04409,PHN-00904,registered,FIR-002020
ACC-00491,PHN-00610,registered,FIR-000363
ACC-04090,PHN-00876,registered,FIR-001828
ACC-00077,PHN-00221,registered,FIR-002543
ACC-00108,PHN-00440,used,FIR-002229
ACC-01921,PHN-00758,registered,FIR-003313
ACC-00948,PHN-01308,registered,FIR-000609
ACC-02794,PHN-01171,used,FIR-001935
ACC-04276,PHN-01477,registered,FIR-003652
ACC-03554,PHN-01811,registered,FIR-002025
ACC-00827,PHN-00017,used,FIR-001567
ACC-00562,PHN-01801,used,FIR-000366
ACC-01000,PHN-00679,registered,FIR-001465
ACC-02643,PHN-01483,registered,FIR-002224
ACC-03214,PHN-00118,used,FIR-002197
ACC-00717,PHN-01706,registered,FIR-003486
ACC-00137,PHN-00672,registered,FIR-001040
ACC-00685,PHN-00783,registered,FIR-002226
ACC-04139,PHN-01421,used,FIR-003717
ACC-02904,PHN-00052,registered,FIR-002623
ACC-01989,PHN-00559,registered,FIR-000546
ACC-01099,PHN-00166,used,FIR-002817
ACC-03723,PHN-01601,registered,FIR-001138
ACC-02623,PHN-01027,registered,FIR-002305
ACC-03499,PHN-00716,registered,FIR-003371
ACC-03149,PHN-00945,registered,FIR-003340
ACC-01532,PHN-00284,registered,FIR-003233
ACC-02176,PHN-00553,registered,FIR-003487
ACC-00696,PHN-00328,registered,FIR-002352
ACC-02473,PHN-00964,registered,FIR-002646
ACC-01234,PHN-01144,registered,FIR-001471
ACC-01916,PHN-01395,registered,FIR-000431
ACC-01200,PHN-01116,registered,FIR-001812
ACC-02703,PHN-00980,used,FIR-003220
ACC-02375,PHN-02145,registered,FIR-000240
ACC-02739,PHN-00543,registered,FIR-003490
ACC-03722,PHN-02073,registered,FIR-003334
ACC-03982,PHN-01314,registered,FIR-001429
ACC-02970,PHN-01238,registered,FIR-002097
ACC-01706,PHN-01098,registered,FIR-003276
ACC-01761,PHN-00986,registered,FIR-001467
ACC-02164,PHN-01389,used,FIR-002556
ACC-04459,PHN-00345,used,FIR-002068
ACC-03754,PHN-01656,registered,FIR-000388
ACC-00669,PHN-01678,used,FIR-000287
ACC-00471,PHN-01901,registered,FIR-003282
ACC-03403,PHN-00607,used,FIR-000463
ACC-02561,PHN-00950,used,FIR-000435
ACC-02092,PHN-01857,registered,FIR-000688
ACC-02087,PHN-02177,registered,FIR-003597
ACC-01068,PHN-01549,registered,FIR-001041
ACC-02074,PHN-00232,registered,FIR-000103
ACC-00913,PHN-00447,registered,FIR-000828
ACC-00431,PHN-00994,registered,FIR-001122
ACC-04160,PHN-00946,used,FIR-003320
ACC-01861,PHN-01922,registered,FIR-001992
ACC-02351,PHN-00188,registered,FIR-001091
ACC-01115,PHN-01063,used,FIR-001810
ACC-01969,PHN-01720,registered,FIR-000490
ACC-03694,PHN-00335,registered,FIR-002707
ACC-03442,PHN-00443,registered,FIR-002564
ACC-00501,PHN-01905,registered,FIR-003054
ACC-01369,PHN-00022,registered,FIR-002359
ACC-01475,PHN-00311,used,FIR-000807
ACC-04157,PHN-01040,registered,FIR-003079
ACC-01531,PHN-01770,registered,FIR-001824
ACC-02858,PHN-00851,used,FIR-003526
ACC-01987,PHN-00151,registered,FIR-000535
ACC-04411,PHN-02048,registered,FIR-000588
ACC-03977,PHN-01546,registered,FIR-001070
ACC-03408,PHN-01480,registered,FIR-003042
ACC-00746,PHN-01086,registered,FIR-002167
ACC-02266,PHN-01739,registered,FIR-003572
ACC-02475,PHN-01104,registered,FIR-000249
ACC-03020,PHN-01935,registered,FIR-001266
ACC-02560,PHN-01505,registered,FIR-000672
ACC-02454,PHN-01577,registered,FIR-000703
ACC-02422,PHN-02097,used,FIR-001305
ACC-04392,PHN-00902,registered,FIR-001615
ACC-03790,PHN-00096,registered,FIR-001591
ACC-00849,PHN-00614,used,FIR-002333
ACC-03420,PHN-00766,registered,FIR-000439
ACC-00107,PHN-02189,registered,FIR-001700
ACC-00674,PHN-00934,registered,FIR-001594
ACC-01162,PHN-01119,registered,FIR-000168
ACC-02531,PHN-01544,registered,FIR-003181
ACC-02685,PHN-00832,registered,FIR-002487
ACC-00394,PHN-01164,registered,FIR-001109
ACC-01516,PHN-01500,used,FIR-001951
ACC-03628,PHN-00041,registered,FIR-002013
ACC-01887,PHN-00252,registered,FIR-002811
ACC-03010,PHN-00502,registered,FIR-003563
ACC-00945,PHN-00841,registered,FIR-000630
ACC-04112,PHN-01593,registered,FIR-000865
ACC-03791,PHN-01696,registered,FIR-001246
ACC-03961,PHN-01550,registered,FIR-002761
ACC-01662,PHN-00361,registered,FIR-000062
ACC-00407,PHN-01126,registered,FIR-003175
ACC-02279,PHN-01143,registered,FIR-001876
ACC-00190,PHN-01625,registered,FIR-003335
ACC-04443,PHN-01529,used,FIR-002666
ACC-02923,PHN-00327,registered,FIR-000391
ACC-03280,PHN-01353,registered,FIR-001816
ACC-01780,PHN-00175,used,FIR-000919
ACC-00516,PHN-00908,registered,FIR-003679
ACC-00014,PHN-00330,registered,FIR-002178
ACC-01604,PHN-01782,registered,FIR-002242
ACC-00951,PHN-01114,registered,FIR-000159
ACC-01086,PHN-01995,registered,FIR-001564
ACC-02180,PHN-00301,registered,FIR-003188
ACC-03158,PHN-00836,registered,FIR-002573
ACC-03159,PHN-00927,registered,FIR-003271
ACC-03888,PHN-01186,registered,FIR-001634
ACC-00128,PHN-02012,registered,FIR-002594
ACC-01545,PHN-00099,registered,FIR-003552
ACC-02562,PHN-00531,registered,FIR-002782
ACC-02257,PHN-01756,registered,FIR-003535
ACC-02566,PHN-00801,used,FIR-003586
ACC-00447,PHN-00477,registered,FIR-003302
ACC-01657,PHN-00505,registered,FIR-001869
ACC-03455,PHN-02054,used,FIR-000194
ACC-00584,PHN-00837,registered,FIR-000305
ACC-01145,PHN-01509,registered,FIR-002637
ACC-03517,PHN-00708,registered,FIR-001553
ACC-00274,PHN-01672,registered,FIR-002931
ACC-00160,PHN-00051,registered,FIR-003298
ACC-01414,PHN-00265,used,FIR-002136
ACC-04118,PHN-01338,registered,FIR-002183
ACC-02211,PHN-00855,registered,FIR-002152
ACC-01582,PHN-01153,registered,FIR-001975
ACC-04426,PHN-01661,used,FIR-001752
ACC-01286,PHN-00288,used,FIR-002875
ACC-03007,PHN-01281,used,FIR-002440
ACC-02771,PHN-00010,registered,FIR-000328
ACC-02661,PHN-01472,registered,FIR-002700
ACC-02499,PHN-01644,registered,FIR-003228
ACC-02445,PHN-00485,used,FIR-000542
ACC-03257,PHN-00993,used,FIR-000042
ACC-02350,PHN-01084,used,FIR-001883
ACC-03092,PHN-01145,registered,FIR-002957
ACC-02989,PHN-01548,registered,FIR-003151
ACC-01197,PHN-02124,registered,FIR-001946
ACC-03125,PHN-00852,registered,FIR-001359
ACC-03132,PHN-01763,registered,FIR-000686
ACC-02570,PHN-01450,registered,FIR-003035
ACC-01864,PHN-00114,registered,FIR-001080
ACC-04268,PHN-00105,registered,FIR-003578
ACC-03886,PHN-01007,registered,FIR-003338
ACC-01070,PHN-01758,registered,FIR-002008
ACC-00884,PHN-00541,registered,FIR-001278
ACC-04306,PHN-01610,used,FIR-000583
ACC-03382,PHN-00644,registered,FIR-000208
ACC-02402,PHN-00726,registered,FIR-003126
ACC-01412,PHN-00023,registered,FIR-001666
ACC-00155,PHN-01641,registered,FIR-001492
ACC-01076,PHN-01060,registered,FIR-002815
ACC-00997,PHN-00205,registered,FIR-003698
ACC-02140,PHN-01629,registered,FIR-000342
ACC-04076,PHN-01216,used,FIR-002868
ACC-00076,PHN-01453,used,FIR-001801
ACC-00129,PHN-02084,registered,FIR-003200
ACC-02148,PHN-00341,used,FIR-001286
ACC-01524,PHN-00334,registered,FIR-000478
ACC-02187,PHN-01317,registered,FIR-002778
ACC-00026,PHN-00707,registered,FIR-000341
ACC-01208,PHN-00570,registered,FIR-000966
ACC-01116,PHN-01250,registered,FIR-003656
ACC-00309,PHN-01452,registered,FIR-003580
ACC-01410,PHN-01310,registered,FIR-002033
ACC-04289,PHN-00455,used,FIR-001778
ACC-04309,PHN-01157,registered,FIR-003074
ACC-01848,PHN-01173,registered,FIR-003110
ACC-01135,PHN-00528,used,FIR-001666
ACC-00514,PHN-01662,registered,FIR-003496
ACC-04078,PHN-00960,registered,FIR-001513
ACC-01144,PHN-02226,registered,FIR-000572
ACC-00400,PHN-01266,used,FIR-003520
ACC-00343,PHN-00824,used,FIR-001758
ACC-00586,PHN-01969,registered,FIR-001081
ACC-03375,PHN-00189,registered,FIR-003172
ACC-01666,PHN-00892,registered,FIR-000494
ACC-03917,PHN-01914,registered,FIR-000639
ACC-01269,PHN-00266,registered,FIR-002287
ACC-03213,PHN-00454,registered,FIR-002650
ACC-02515,PHN-01391,used,FIR-002600
ACC-02604,PHN-01808,registered,FIR-000473
ACC-03500,PHN-01670,registered,FIR-000172
ACC-01242,PHN-00691,used,FIR-002620
ACC-00741,PHN-00572,used,FIR-000960
ACC-02679,PHN-00883,registered,FIR-003608
ACC-01339,PHN-01045,registered,FIR-000802
ACC-02418,PHN-00245,used,FIR-002108
ACC-00020,PHN-00370,used,FIR-002823
ACC-02503,PHN-00932,registered,FIR-002686
ACC-00921,PHN-01609,registered,FIR-001082
ACC-03675,PHN-01932,registered,FIR-000260
ACC-02618,PHN-00121,used,FIR-002832
ACC-00324,PHN-01347,registered,FIR-003001
ACC-03663,PHN-01425,registered,FIR-002132
ACC-01088,PHN-00391,used,FIR-003326
ACC-00418,PHN-00995,registered,FIR-002468
ACC-01220,PHN-01434,registered,FIR-001861
ACC-01815,PHN-02015,registered,FIR-001262
ACC-01285,PHN-00831,registered,FIR-003007
ACC-03737,PHN-00948,registered,FIR-002120
ACC-02281,PHN-01927,used,FIR-002392
ACC-03599,PHN-00357,registered,FIR-000654
ACC-03157,PHN-01726,used,FIR-000032
ACC-00988,PHN-00453,registered,FIR-001961
ACC-03806,PHN-01225,registered,FIR-001357
ACC-03215,PHN-02023,registered,FIR-001575
ACC-04414,PHN-00742,registered,FIR-003278
ACC-03170,PHN-00506,registered,FIR-000217
ACC-00100,PHN-01951,registered,FIR-002635
ACC-04010,PHN-01740,registered,FIR-002394
ACC-03492,PHN-00667,registered,FIR-001735
ACC-00709,PHN-00060,used,FIR-001147
ACC-03805,PHN-01685,registered,FIR-001616
ACC-01406,PHN-00517,registered,FIR-003109
ACC-00657,PHN-00780,registered,FIR-001375
ACC-03068,PHN-02193,registered,FIR-000591
ACC-04418,PHN-02157,registered,FIR-000992
ACC-00733,PHN-01836,registered,FIR-001937
ACC-01783,PHN-01699,used,FIR-001804
ACC-03771,PHN-00212,registered,FIR-002062
ACC-00016,PHN-00577,registered,FIR-002205
ACC-02182,PHN-01041,registered,FIR-000281
ACC-01747,PHN-01881,registered,FIR-002050
ACC-01717,PHN-00173,used,FIR-001903
ACC-00334,PHN-00633,used,FIR-003017
ACC-03794,PHN-01675,registered,FIR-001876
ACC-00252,PHN-00930,registered,FIR-001124
ACC-02442,PHN-00931,registered,FIR-001563
ACC-01362,PHN-01757,registered,FIR-002950
ACC-01824,PHN-01829,registered,FIR-002007
ACC-04018,PHN-01257,registered,FIR-002654
ACC-03435,PHN-01796,registered,FIR-001358
ACC-02917,PHN-00080,used,FIR-000502
ACC-00694,PHN-00540,registered,FIR-001749
ACC-01937,PHN-00161,registered,FIR-001406
ACC-04109,PHN-00805,registered,FIR-000142
ACC-01296,PHN-01991,registered,FIR-002103
ACC-01417,PHN-01427,registered,FIR-001001
ACC-00682,PHN-00746,registered,FIR-001683
ACC-03395,PHN-01276,registered,FIR-003149
ACC-01654,PHN-00673,registered,FIR-002965
ACC-04189,PHN-00560,used,FIR-001077
ACC-03611,PHN-01289,used,FIR-003294
ACC-01385,PHN-01899,registered,FIR-000954
ACC-03826,PHN-00530,registered,FIR-003318
ACC-03975,PHN-01179,used,FIR-003508
ACC-00731,PHN-00155,used,FIR-001829
ACC-02027,PHN-01694,registered,FIR-003423
ACC-03319,PHN-02203,used,FIR-002532
ACC-00318,PHN-01016,registered,FIR-001279
ACC-01211,PHN-02147,registered,FIR-000071
ACC-00477,PHN-01407,registered,FIR-000830
ACC-03098,PHN-01175,registered,FIR-002252
ACC-00885,PHN-01184,used,FIR-001088
ACC-00133,PHN-01516,registered,FIR-003262
ACC-03820,PHN-01404,registered,FIR-000128
ACC-00028,PHN-01953,used,FIR-000168
ACC-03797,PHN-00747,registered,FIR-002587
ACC-00533,PHN-02122,registered,FIR-000492
ACC-00964,PHN-01009,registered,FIR-002245
ACC-03545,PHN-02069,registered,FIR-003179
ACC-02265,PHN-01929,registered,FIR-000348
ACC-01564,PHN-00639,registered,FIR-001374
ACC-02718,PHN-02008,registered,FIR-000628
ACC-04195,PHN-00062,registered,FIR-001381
ACC-02767,PHN-00884,registered,FIR-000709
ACC-02326,PHN-01765,registered,FIR-002605
ACC-00025,PHN-02041,used,FIR-002348
ACC-01908,PHN-01160,registered,FIR-001540
ACC-00931,PHN-01264,registered,FIR-000787
ACC-03462,PHN-00430,registered,FIR-002006
ACC-02111,PHN-01778,registered,FIR-000125
ACC-01961,PHN-01820,registered,FIR-002545
ACC-03315,PHN-01541,registered,FIR-002241
ACC-00257,PHN-00815,used,FIR-003166
ACC-02780,PHN-00456,used,FIR-002789
ACC-03748,PHN-01470,registered,FIR-002312
ACC-01817,PHN-00415,registered,FIR-002473
ACC-01574,PHN-01382,registered,FIR-000590
ACC-03876,PHN-00512,registered,FIR-001000
ACC-02922,PHN-01760,registered,FIR-002378
ACC-04064,PHN-01213,registered,FIR-000072
ACC-02605,PHN-01083,used,FIR-002529
ACC-03439,PHN-00585,registered,FIR-001540
ACC-03130,PHN-02228,registered,FIR-003126
ACC-00366,PHN-00215,registered,FIR-003162
ACC-00820,PHN-00138,registered,FIR-001935
ACC-03384,PHN-00641,registered,FIR-002279
ACC-01834,PHN-01023,used,FIR-000294
ACC-04400,PHN-01867,used,FIR-002539
ACC-03623,PHN-01581,used,FIR-002023
ACC-01649,PHN-01095,registered,FIR-003431
ACC-04043,PHN-01197,used,FIR-002822
ACC-03616,PHN-01203,registered,FIR-000640
ACC-01012,PHN-01228,registered,FIR-003654
ACC-03292,PHN-00799,registered,FIR-001505
ACC-00307,PHN-00997,registered,FIR-001973
ACC-00221,PHN-01366,registered,FIR-001325
ACC-01261,PHN-00661,registered,FIR-001945
ACC-02644,PHN-00727,registered,FIR-001589
ACC-00005,PHN-00638,registered,FIR-000917
ACC-01294,PHN-00277,used,FIR-001706
ACC-00453,PHN-01022,registered,FIR-001676
ACC-00759,PHN-01614,registered,FIR-002254
ACC-02059,PHN-00376,registered,FIR-000810
ACC-02477,PHN-01947,used,FIR-002695
ACC-00158,PHN-01286,used,FIR-003145
ACC-01495,PHN-00953,registered,FIR-002367
ACC-00517,PHN-00546,registered,FIR-001525
ACC-02007,PHN-01915,registered,FIR-003720
ACC-01336,PHN-00565,registered,FIR-002450
ACC-01893,PHN-01209,registered,FIR-001896
ACC-03076,PHN-01449,registered,FIR-001527
ACC-02952,PHN-01682,used,FIR-001108
ACC-01608,PHN-00584,used,FIR-000967
ACC-01792,PHN-01262,registered,FIR-001132
ACC-02804,PHN-00303,registered,FIR-002455
ACC-02953,PHN-00888,used,FIR-001628
ACC-01426,PHN-00026,registered,FIR-003694
ACC-00926,PHN-01673,used,FIR-000884
ACC-02416,PHN-00889,registered,FIR-001188
ACC-01002,PHN-01405,registered,FIR-001365
ACC-02241,PHN-02090,registered,FIR-001866
ACC-01105,PHN-00213,registered,FIR-000636
ACC-00210,PHN-00310,used,FIR-000109
ACC-00066,PHN-01957,registered,FIR-000655
ACC-00722,PHN-01730,registered,FIR-002909
ACC-03556,PHN-02043,registered,FIR-001517
ACC-01284,PHN-01734,registered,FIR-000386
ACC-00904,PHN-00769,registered,FIR-002250
ACC-04145,PHN-01714,registered,FIR-000491
ACC-01771,PHN-01141,registered,FIR-000114
ACC-02130,PHN-01327,registered,FIR-002191
ACC-01700,PHN-00381,used,FIR-002071
ACC-00960,PHN-00778,registered,FIR-003334
ACC-01316,PHN-00299,registered,FIR-002941
ACC-04019,PHN-01461,registered,FIR-002307
ACC-03065,PHN-01813,used,FIR-003530
ACC-00642,PHN-01921,registered,FIR-001670
ACC-01865,PHN-01351,registered,FIR-000685
ACC-03397,PHN-00558,used,FIR-000883
ACC-02215,PHN-01936,registered,FIR-002366
ACC-01507,PHN-00132,registered,FIR-000930
ACC-03532,PHN-01666,registered,FIR-000233
ACC-04361,PHN-01869,registered,FIR-002463
ACC-03218,PHN-01270,used,FIR-001592
ACC-03631,PHN-00745,registered,FIR-002389
ACC-02851,PHN-00557,registered,FIR-001728
ACC-01351,PHN-02102,registered,FIR-001345
ACC-04134,PHN-01412,registered,FIR-001356
ACC-04436,PHN-01799,registered,FIR-001906
ACC-02578,PHN-02199,registered,FIR-002003
ACC-01392,PHN-01036,registered,FIR-000108
ACC-01890,PHN-01628,registered,FIR-002029
ACC-01784,PHN-00458,registered,FIR-000400
ACC-01616,PHN-02002,registered,FIR-000110
ACC-03247,PHN-02057,registered,FIR-002236
ACC-02707,PHN-00363,registered,FIR-001133
ACC-01835,PHN-00849,used,FIR-003440
ACC-03858,PHN-00767,registered,FIR-002435
ACC-00084,PHN-01504,used,FIR-001846
ACC-00340,PHN-01048,registered,FIR-001485
ACC-03459,PHN-00916,registered,FIR-000668
ACC-01185,PHN-00813,used,FIR-000384
ACC-00991,PHN-02126,used,FIR-001143
ACC-01873,PHN-02046,registered,FIR-001007
ACC-02671,PHN-00845,registered,FIR-002056
ACC-01026,PHN-00897,registered,FIR-002100
ACC-03923,PHN-02136,registered,FIR-002217
ACC-03295,PHN-01499,registered,FIR-001119
ACC-02204,PHN-01230,registered,FIR-003518
ACC-03114,PHN-02207,registered,FIR-003585
ACC-03235,PHN-01318,registered,FIR-001323
ACC-04149,PHN-01293,registered,FIR-001565
ACC-00423,PHN-00635,registered,FIR-002448
ACC-02352,PHN-01010,registered,FIR-003606
ACC-04363,PHN-01106,registered,FIR-003268
ACC-03409,PHN-00665,registered,FIR-002032
ACC-02862,PHN-01949,registered,FIR-001146
ACC-01633,PHN-01163,registered,FIR-001483
ACC-02163,PHN-01772,registered,FIR-000725
ACC-00666,PHN-01732,registered,FIR-001984
ACC-03079,PHN-00452,used,FIR-002278
ACC-00404,PHN-00309,registered,FIR-001840
ACC-01955,PHN-00655,used,FIR-003053
ACC-02424,PHN-01072,registered,FIR-000952
ACC-03557,PHN-02180,registered,FIR-000085
ACC-02372,PHN-01976,registered,FIR-000977
ACC-00977,PHN-00702,registered,FIR-000428
ACC-01822,PHN-02059,registered,FIR-000477
ACC-03165,PHN-00551,used,FIR-002099
ACC-02600,PHN-00423,used,FIR-001069
ACC-00452,PHN-01422,registered,FIR-002263
ACC-00850,PHN-01206,used,FIR-000313
ACC-01846,PHN-02120,used,FIR-002808
ACC-02890,PHN-01379,registered,FIR-003719
ACC-03438,PHN-00211,registered,FIR-003405
ACC-01423,PHN-00137,registered,FIR-000859
ACC-00457,PHN-01180,used,FIR-002717
ACC-00082,PHN-01741,used,FIR-002653
ACC-03046,PHN-00233,registered,FIR-001761
ACC-03969,PHN-01193,used,FIR-002222
ACC-02436,PHN-01725,registered,FIR-001887
ACC-02330,PHN-02200,used,FIR-002649
ACC-04329,PHN-01441,registered,FIR-003527
ACC-02863,PHN-02100,registered,FIR-003581
ACC-01765,PHN-01560,registered,FIR-002753
ACC-04085,PHN-01911,registered,FIR-001453
ACC-04185,PHN-00254,registered,FIR-002383
ACC-00804,PHN-01769,registered,FIR-002496
ACC-01031,PHN-00524,registered,FIR-001033
ACC-03860,PHN-01994,used,FIR-003410
ACC-01590,PHN-00240,registered,FIR-002266
ACC-00654,PHN-00046,used,FIR-000862
ACC-04212,PHN-00445,registered,FIR-001332
ACC-00008,PHN-01611,registered,FIR-000955
ACC-03990,PHN-01473,used,FIR-003663
ACC-03042,PHN-00426,registered,FIR-002361
ACC-03853,PHN-01236,registered,FIR-000186
ACC-00438,PHN-02222,used,FIR-002771
ACC-02172,PHN-01939,registered,FIR-002774
ACC-03328,PHN-02208,registered,FIR-002891
ACC-02491,PHN-00450,registered,FIR-002925
ACC-01073,PHN-00388,registered,FIR-001928
ACC-03966,PHN-02195,registered,FIR-001595
ACC-00625,PHN-00939,used,FIR-002698
ACC-00966,PHN-00304,used,FIR-001350
ACC-02459,PHN-00895,registered,FIR-001107
ACC-01542,PHN-00295,used,FIR-001086
ACC-02137,PHN-01372,used,FIR-001068
ACC-02339,PHN-01056,used,FIR-002825
ACC-01680,PHN-00499,registered,FIR-001699
ACC-03687,PHN-01582,registered,FIR-002582
ACC-01310,PHN-02227,registered,FIR-003623
ACC-03434,PHN-01489,registered,FIR-001646
ACC-03930,PHN-00292,registered,FIR-002631
ACC-02012,PHN-01268,registered,FIR-002009
ACC-00342,PHN-01049,registered,FIR-000690
ACC-04148,PHN-01207,registered,FIR-000803
ACC-01228,PHN-00043,registered,FIR-002597
ACC-01802,PHN-01807,registered,FIR-002870
ACC-01400,PHN-00342,registered,FIR-002510
ACC-00121,PHN-02198,registered,FIR-003343
ACC-01278,PHN-01878,registered,FIR-002065
ACC-01810,PHN-01508,registered,FIR-002034
ACC-03954,PHN-01237,registered,FIR-002302
ACC-01501,PHN-01299,used,FIR-001908
ACC-00965,PHN-01887,used,FIR-001803
ACC-03511,PHN-00374,registered,FIR-001549
ACC-03271,PHN-00281,registered,FIR-001217
ACC-02639,PHN-01638,registered,FIR-000094
ACC-03935,PHN-01277,used,FIR-001867
ACC-02812,PHN-01248,registered,FIR-002084
ACC-03044,PHN-01177,registered,FIR-000382
ACC-02668,PHN-02172,used,FIR-003048
ACC-04275,PHN-00933,registered,FIR-002726
ACC-03255,PHN-02210,registered,FIR-002279
ACC-03118,PHN-00657,used,FIR-003290
ACC-02487,PHN-00574,registered,FIR-001746
ACC-01924,PHN-01100,used,FIR-001962
ACC-01714,PHN-01952,registered,FIR-001560
ACC-02723,PHN-02081,registered,FIR-001657
ACC-01932,PHN-01649,used,FIR-002565
ACC-02269,PHN-01731,registered,FIR-003274
ACC-03901,PHN-01607,registered,FIR-002021
ACC-00199,PHN-00753,registered,FIR-001319
ACC-03411,PHN-01780,registered,FIR-002225
ACC-01742,PHN-00354,registered,FIR-002434
ACC-00019,PHN-02132,registered,FIR-000254
ACC-02333,PHN-02187,used,FIR-002806
ACC-00503,PHN-02162,used,FIR-002591
ACC-03116,PHN-01882,used,FIR-001493
ACC-02433,PHN-00497,registered,FIR-001774
ACC-00269,PHN-00620,registered,FIR-001534
ACC-00743,PHN-00483,used,FIR-002558
ACC-00425,PHN-01021,used,FIR-000293
ACC-03510,PHN-00276,used,FIR-000670
ACC-03304,PHN-01570,registered,FIR-000200
ACC-00110,PHN-00290,registered,FIR-000840
ACC-02755,PHN-01784,registered,FIR-000243
ACC-04182,PHN-00152,used,FIR-002690
ACC-03632,PHN-01349,registered,FIR-003637
ACC-03396,PHN-02066,registered,FIR-000561
ACC-00054,PHN-01817,used,FIR-000978
ACC-03830,PHN-00002,registered,FIR-003332
ACC-04357,PHN-02029,used,FIR-003484
ACC-01936,PHN-01545,used,FIR-000066
ACC-03387,PHN-01071,used,FIR-002914
ACC-03831,PHN-00969,registered,FIR-001771
ACC-01023,PHN-01295,registered,FIR-000681
ACC-01082,PHN-00710,registered,FIR-003505
ACC-03543,PHN-01960,registered,FIR-003442
ACC-01435,PHN-00186,used,FIR-001620
ACC-03293,PHN-01698,registered,FIR-002485
ACC-01530,PHN-00663,registered,FIR-001089
ACC-03115,PHN-01188,used,FIR-002673
ACC-00644,PHN-00125,registered,FIR-002286
ACC-03484,PHN-02117,registered,FIR-000510
ACC-02186,PHN-00520,used,FIR-002776
ACC-02772,PHN-00048,registered,FIR-003243
ACC-01298,PHN-00163,registered,FIR-003082
ACC-00788,PHN-00611,registered,FIR-001243
ACC-03284,PHN-01431,registered,FIR-000604
ACC-00246,PHN-00623,registered,FIR-000715
ACC-03323,PHN-00157,registered,FIR-001215
ACC-02366,PHN-00789,registered,FIR-000360
ACC-01451,PHN-01279,registered,FIR-002176
ACC-04292,PHN-00399,used,FIR-000896
ACC-01222,PHN-00880,registered,FIR-000531
