accused_id,vehicle_id,ownership_type,link_fir_id
ACC-00088,VEH-00819,used,FIR-001952
ACC-01329,VEH-00815,registered,FIR-002969
ACC-01085,VEH-00155,registered,FIR-002181
ACC-03397,VEH-00115,registered,FIR-000883
ACC-00781,VEH-00743,registered,FIR-002894
ACC-01134,VEH-01232,used,FIR-003068
ACC-01848,VEH-01251,used,FIR-003110
ACC-01400,VEH-01099,registered,FIR-002510
ACC-00357,VEH-00462,used,FIR-000791
ACC-02724,VEH-01292,registered,FIR-000430
ACC-02109,VEH-00315,registered,FIR-003044
ACC-00123,VEH-00882,registered,FIR-002114
ACC-04250,VEH-00074,used,FIR-001145
ACC-03715,VEH-00929,registered,FIR-003086
ACC-00891,VEH-00718,registered,FIR-002602
ACC-01666,VEH-00137,registered,FIR-000494
ACC-02769,VEH-00396,registered,FIR-002257
ACC-03149,VEH-00477,registered,FIR-003340
ACC-00019,VEH-01279,registered,FIR-000254
ACC-01466,VEH-00246,registered,FIR-001600
ACC-02416,VEH-00974,used,FIR-001188
ACC-00316,VEH-00550,registered,FIR-000887
ACC-01216,VEH-01072,used,FIR-000253
ACC-00904,VEH-00576,registered,FIR-002250
ACC-04426,VEH-00092,registered,FIR-001752
ACC-00184,VEH-00941,used,FIR-000945
ACC-02962,VEH-00114,used,FIR-001533
ACC-01389,VEH-01034,used,FIR-001229
ACC-01405,VEH-01141,used,FIR-000122
ACC-00633,VEH-00084,used,FIR-002860
ACC-01735,VEH-00076,registered,FIR-001827
ACC-04079,VEH-00665,registered,FIR-003373
ACC-02726,VEH-00720,registered,FIR-003475
ACC-03875,VEH-00970,registered,FIR-000772
ACC-04255,VEH-01257,registered,FIR-001419
ACC-00975,VEH-00792,registered,FIR-001126
ACC-01002,VEH-01203,used,FIR-001365
ACC-02112,VEH-00213,registered,FIR-000369
ACC-03346,VEH-00030,registered,FIR-002878
ACC-04267,VEH-00244,registered,FIR-000900
ACC-03857,VEH-00140,registered,FIR-002502
ACC-02445,VEH-00547,registered,FIR-000542
ACC-02274,VEH-00529,used,FIR-001885
ACC-03925,VEH-01010,registered,FIR-001897
ACC-03890,VEH-00733,used,FIR-000526
ACC-00072,VEH-00755,registered,FIR-000103
ACC-00210,VEH-00866,used,FIR-000109
ACC-03941,VEH-01182,registered,FIR-000116
ACC-01445,VEH-01165,used,FIR-000455
ACC-02002,VEH-00082,registered,FIR-001693
ACC-02457,VEH-00048,registered,FIR-003653
ACC-03620,VEH-00861,registered,FIR-002006
ACC-00834,VEH-00072,registered,FIR-002207
ACC-00486,VEH-00284,registered,FIR-000338
ACC-03480,VEH-00874,registered,FIR-000729
ACC-00118,VEH-00497,registered,FIR-002767
ACC-02759,VEH-00682,used,FIR-002408
ACC-04066,VEH-00044,registered,FIR-002016
ACC-00844,VEH-00757,registered,FIR-003137
ACC-03398,VEH-00311,registered,FIR-000993
ACC-00898,VEH-00664,registered,FIR-001039
ACC-01136,VEH-00979,registered,FIR-002965
ACC-04301,VEH-00500,registered,FIR-001400
ACC-01998,VEH-00672,used,FIR-001593
ACC-04000,VEH-00356,registered,FIR-003409
ACC-03974,VEH-01025,registered,FIR-000663
ACC-03790,VEH-00644,registered,FIR-001591
ACC-00686,VEH-00711,registered,FIR-000486
ACC-00295,VEH-01215,used,FIR-000161
ACC-04443,VEH-00667,used,FIR-002666
ACC-01403,VEH-00528,registered,FIR-000270
ACC-02334,VEH-00781,registered,FIR-001682
ACC-00206,VEH-00286,registered,FIR-000464
ACC-00897,VEH-01106,registered,FIR-001114
ACC-04082,VEH-01287,registered,FIR-003516
ACC-02263,VEH-00260,registered,FIR-002211
ACC-01469,VEH-00544,registered,FIR-003276
ACC-02336,VEH-00906,registered,FIR-002643
ACC-02253,VEH-01021,registered,FIR-000854
ACC-00618,VEH-00675,registered,FIR-000145
ACC-02436,VEH-00925,registered,FIR-001887
ACC-02398,VEH-00151,registered,FIR-001996
ACC-00476,VEH-00949,registered,FIR-001655
ACC-01869,VEH-00603,registered,FIR-002301
ACC-02401,VEH-00708,registered,FIR-001942
ACC-00745,VEH-00333,registered,FIR-000371
ACC-04199,VEH-00267,registered,FIR-000521
ACC-01952,VEH-00841,registered,FIR-001391
ACC-01345,VEH-00196,registered,FIR-000037
ACC-02113,VEH-00737,registered,FIR-003141
ACC-01094,VEH-00784,registered,FIR-002942
ACC-03707,VEH-00813,registered,FIR-000207
ACC-03922,VEH-00543,registered,FIR-000210
ACC-04449,VEH-00376,registered,FIR-001264
ACC-01799,VEH-01157,registered,FIR-000046
ACC-01950,VEH-00060,registered,FIR-003529
ACC-04274,VEH-00782,registered,FIR-001005
ACC-03819,VEH-00480,registered,FIR-003069
ACC-04162,VEH-00530,registered,FIR-000199
ACC-03037,VEH-00141,registered,FIR-000855
ACC-01088,VEH-01296,registered,FIR-003326
ACC-02006,VEH-00097,registered,FIR-002334
ACC-02378,VEH-00867,registered,FIR-000407
ACC-00450,VEH-01152,used,FIR-001141
ACC-03579,VEH-00080,registered,FIR-003494
ACC-03961,VEH-00017,registered,FIR-002761
ACC-02955,VEH-00935,registered,FIR-002445
ACC-01209,VEH-00900,registered,FIR-000488
ACC-01172,VEH-00734,registered,FIR-001985
ACC-01356,VEH-00586,registered,FIR-002031
ACC-00596,VEH-00879,registered,FIR-000902
ACC-03250,VEH-00489,registered,FIR-000595
ACC-03387,VEH-00408,registered,FIR-002914
ACC-03649,VEH-01003,registered,FIR-001304
ACC-03554,VEH-00020,used,FIR-002025
ACC-00264,VEH-01170,registered,FIR-000643
ACC-03025,VEH-00976,registered,FIR-001777
ACC-03590,VEH-00085,registered,FIR-000563
ACC-03259,VEH-00886,registered,FIR-001161
ACC-02249,VEH-00666,used,FIR-000741
ACC-03547,VEH-00409,used,FIR-001313
ACC-00849,VEH-00508,registered,FIR-002333
ACC-01320,VEH-01088,registered,FIR-000162
ACC-00551,VEH-00726,registered,FIR-000541
ACC-00364,VEH-00411,registered,FIR-001647
ACC-01061,VEH-00435,registered,FIR-001109
ACC-02146,VEH-01191,registered,FIR-003132
ACC-03038,VEH-00574,used,FIR-002936
ACC-02526,VEH-01263,registered,FIR-001956
ACC-03229,VEH-00990,registered,FIR-000448
ACC-00776,VEH-00219,used,FIR-002907
ACC-00707,VEH-01259,registered,FIR-002310
ACC-01412,VEH-00958,used,FIR-001666
ACC-02213,VEH-00070,registered,FIR-002719
ACC-02893,VEH-00192,registered,FIR-001014
ACC-01831,VEH-00186,registered,FIR-000623
ACC-04236,VEH-00903,used,FIR-003714
ACC-03625,VEH-00565,registered,FIR-003146
ACC-00853,VEH-00897,registered,FIR-001062
ACC-02483,VEH-00461,registered,FIR-000209
ACC-02592,VEH-01179,registered,FIR-001523
ACC-01741,VEH-00727,registered,FIR-002480
ACC-03102,VEH-01064,registered,FIR-003061
ACC-02467,VEH-00023,registered,FIR-002569
ACC-02848,VEH-00321,registered,FIR-001112
ACC-04126,VEH-00981,registered,FIR-003323
ACC-03041,VEH-00709,registered,FIR-001053
ACC-02662,VEH-00295,used,FIR-002865
ACC-01832,VEH-01134,registered,FIR-000014
ACC-02925,VEH-00129,registered,FIR-002689
ACC-00822,VEH-00358,registered,FIR-000169
ACC-02576,VEH-00041,registered,FIR-002588
ACC-00808,VEH-00382,used,FIR-002826
ACC-00258,VEH-01105,registered,FIR-001378
ACC-01045,VEH-00331,used,FIR-001653
ACC-03637,VEH-00006,registered,FIR-000504
ACC-01840,VEH-00049,registered,FIR-002478
ACC-00461,VEH-00643,registered,FIR-002853
ACC-00444,VEH-00478,used,FIR-002458
ACC-03377,VEH-01249,used,FIR-001221
ACC-01157,VEH-00732,used,FIR-002443
ACC-03981,VEH-00865,used,FIR-000601
ACC-03436,VEH-00240,registered,FIR-003304
ACC-00761,VEH-00217,registered,FIR-002154
ACC-03379,VEH-00612,registered,FIR-003022
ACC-02433,VEH-00534,registered,FIR-001774
ACC-00427,VEH-00452,registered,FIR-000483
ACC-00151,VEH-01272,registered,FIR-001755
ACC-03815,VEH-00587,registered,FIR-001922
ACC-03335,VEH-00959,registered,FIR-000615
ACC-04213,VEH-00398,used,FIR-000553
ACC-02624,VEH-00256,registered,FIR-000586
ACC-03258,VEH-00005,registered,FIR-000284
ACC-02524,VEH-00801,registered,FIR-002517
ACC-02310,VEH-01011,registered,FIR-001574
ACC-02291,VEH-01077,used,FIR-001033
ACC-02849,VEH-00109,registered,FIR-002255
ACC-02459,VEH-00848,registered,FIR-001107
ACC-01860,VEH-00316,registered,FIR-002879
ACC-02824,VEH-00167,registered,FIR-001657
ACC-01801,VEH-01161,registered,FIR-002470
ACC-03648,VEH-00093,used,FIR-001864
ACC-01930,VEH-00655,registered,FIR-002574
ACC-00630,VEH-00273,registered,FIR-000701
ACC-00885,VEH-00889,registered,FIR-001088
ACC-01146,VEH-00962,registered,FIR-002722
ACC-00780,VEH-00180,registered,FIR-000334
ACC-01896,VEH-01110,registered,FIR-000612
ACC-03303,VEH-00988,registered,FIR-002305
ACC-00522,VEH-00592,used,FIR-002871
ACC-03276,VEH-00253,registered,FIR-001501
ACC-04316,VEH-01269,registered,FIR-002662
ACC-01768,VEH-00143,used,FIR-000387
ACC-02474,VEH-00116,used,FIR-000757
ACC-02792,VEH-00910,used,FIR-002493
ACC-00661,VEH-00525,registered,FIR-000472
ACC-04107,VEH-00136,registered,FIR-000189
ACC-02477,VEH-00916,used,FIR-002695
ACC-01914,VEH-00239,registered,FIR-000622
ACC-01900,VEH-01167,registered,FIR-000885
ACC-00024,VEH-00824,used,FIR-002580
ACC-03430,VEH-00648,registered,FIR-002430
ACC-03243,VEH-00008,registered,FIR-000483
ACC-04019,VEH-01195,registered,FIR-002307
ACC-01541,VEH-00431,registered,FIR-003190
ACC-01334,VEH-00474,used,FIR-002968
ACC-02634,VEH-00575,registered,FIR-003269
ACC-04095,VEH-00241,registered,FIR-002126
ACC-02222,VEH-00026,registered,FIR-003495
ACC-02518,VEH-00678,registered,FIR-003646
ACC-03543,VEH-00120,registered,FIR-003442
ACC-03438,VEH-01120,used,FIR-003405
ACC-01576,VEH-00985,used,FIR-003423
ACC-03231,VEH-00883,registered,FIR-003501
ACC-00941,VEH-00940,registered,FIR-000326
ACC-03895,VEH-00593,used,FIR-002754
ACC-04290,VEH-00438,registered,FIR-003256
ACC-02418,VEH-00570,registered,FIR-002108
ACC-01769,VEH-00825,used,FIR-000082
ACC-02836,VEH-00555,registered,FIR-000528
ACC-00920,VEH-01130,registered,FIR-000266
ACC-00122,VEH-00797,used,FIR-000816
ACC-01802,VEH-01207,registered,FIR-002870
ACC-04413,VEH-00096,registered,FIR-003099
ACC-02820,VEH-01065,registered,FIR-001796
ACC-01826,VEH-00195,registered,FIR-001604
ACC-00905,VEH-00458,registered,FIR-000812
ACC-04083,VEH-01240,used,FIR-000681
ACC-04205,VEH-00604,registered,FIR-002286
ACC-02376,VEH-01260,used,FIR-001679
ACC-02611,VEH-00880,registered,FIR-002054
ACC-02869,VEH-01212,registered,FIR-002745
ACC-03856,VEH-01267,registered,FIR-000529
ACC-00960,VEH-00917,registered,FIR-003334
ACC-03023,VEH-01118,used,FIR-002373
ACC-03331,VEH-00009,registered,FIR-000658
ACC-03793,VEH-00515,registered,FIR-003059
ACC-02027,VEH-00832,registered,FIR-003423
ACC-03395,VEH-00654,registered,FIR-003149
ACC-00216,VEH-00190,registered,FIR-003308
ACC-03605,VEH-00542,registered,FIR-001707
ACC-02069,VEH-01187,registered,FIR-001541
ACC-02625,VEH-00394,registered,FIR-003139
ACC-00298,VEH-00123,registered,FIR-000691
ACC-02185,VEH-00499,registered,FIR-003303
ACC-02354,VEH-01223,registered,FIR-003010
ACC-03603,VEH-00931,used,FIR-001011
ACC-00883,VEH-00789,registered,FIR-002770
ACC-03771,VEH-00456,used,FIR-002062
ACC-03199,VEH-00091,registered,FIR-002078
ACC-01849,VEH-00313,registered,FIR-002708
ACC-02479,VEH-00079,registered,FIR-000821
ACC-02494,VEH-00641,registered,FIR-002372
ACC-03823,VEH-00062,registered,FIR-001074
ACC-01917,VEH-01229,registered,FIR-001895
ACC-00308,VEH-00139,registered,FIR-003554
ACC-03263,VEH-00342,registered,FIR-000566
ACC-01481,VEH-00992,registered,FIR-002908
ACC-01578,VEH-01185,used,FIR-001502
ACC-01074,VEH-01299,registered,FIR-002092
ACC-03076,VEH-00031,registered,FIR-001527
ACC-00054,VEH-00671,registered,FIR-000978
ACC-01319,VEH-00021,registered,FIR-000713
ACC-04108,VEH-00594,registered,FIR-003213
ACC-01072,VEH-00171,used,FIR-002361
ACC-01125,VEH-00325,registered,FIR-002820
ACC-03296,VEH-00498,used,FIR-000857
ACC-03061,VEH-00802,registered,FIR-001101
ACC-02172,VEH-00128,used,FIR-002774
ACC-01419,VEH-00447,registered,FIR-001450
ACC-03133,VEH-00283,used,FIR-002873
ACC-02478,VEH-00858,registered,FIR-003200
ACC-01339,VEH-01283,registered,FIR-000802
ACC-02495,VEH-00860,registered,FIR-003264
ACC-02863,VEH-00102,registered,FIR-003581
ACC-00332,VEH-01002,registered,FIR-001485
ACC-04190,VEH-00710,registered,FIR-001236
ACC-02999,VEH-00660,registered,FIR-003189
ACC-01985,VEH-01218,registered,FIR-001386
ACC-04356,VEH-01150,registered,FIR-002619
ACC-03265,VEH-00632,registered,FIR-001222
ACC-00736,VEH-00300,registered,FIR-003170
ACC-02089,VEH-00571,registered,FIR-003570
ACC-01327,VEH-00980,registered,FIR-003275
ACC-04007,VEH-00843,used,FIR-002805
ACC-01285,VEH-01100,used,FIR-003007
ACC-01615,VEH-00043,registered,FIR-002784
ACC-00777,VEH-00905,registered,FIR-003198
ACC-01980,VEH-00657,registered,FIR-001043
ACC-00814,VEH-00964,registered,FIR-000052
ACC-00428,VEH-00491,registered,FIR-001055
ACC-03520,VEH-01238,registered,FIR-000981
ACC-01281,VEH-00800,registered,FIR-003702
ACC-03840,VEH-00223,registered,FIR-001586
ACC-04318,VEH-00117,registered,FIR-002628
ACC-02619,VEH-01024,registered,FIR-001193
ACC-02083,VEH-01230,registered,FIR-002521
ACC-03014,VEH-00944,registered,FIR-001431
ACC-00646,VEH-00810,used,FIR-000757
ACC-03360,VEH-00472,registered,FIR-002540
ACC-03738,VEH-00088,registered,FIR-003607
ACC-02102,VEH-00572,registered,FIR-002687
ACC-02671,VEH-00758,registered,FIR-002056
ACC-00037,VEH-00766,registered,FIR-001274
ACC-02728,VEH-00629,registered,FIR-002051
ACC-03324,VEH-00972,registered,FIR-002881
ACC-02540,VEH-01196,registered,FIR-003262
ACC-01621,VEH-01068,registered,FIR-003056
ACC-00648,VEH-00488,registered,FIR-003368
ACC-01988,VEH-00466,registered,FIR-002301
ACC-00645,VEH-00068,registered,FIR-003379
ACC-00874,VEH-00166,registered,FIR-000335
ACC-00312,VEH-00753,registered,FIR-001405
ACC-03872,VEH-00413,registered,FIR-000890
ACC-00015,VEH-00064,registered,FIR-002890
ACC-02141,VEH-00032,registered,FIR-002579
ACC-03766,VEH-00334,registered,FIR-001208
ACC-03525,VEH-00553,registered,FIR-003424
ACC-03880,VEH-00822,registered,FIR-000192
ACC-03425,VEH-00642,registered,FIR-000904
ACC-02163,VEH-01235,used,FIR-000725
ACC-00998,VEH-01228,registered,FIR-000896
ACC-03005,VEH-00505,used,FIR-001509
ACC-00629,VEH-00384,registered,FIR-003020
ACC-00026,VEH-00908,registered,FIR-000341
ACC-00128,VEH-00799,registered,FIR-002594
ACC-01374,VEH-00868,registered,FIR-003366
ACC-03001,VEH-00352,used,FIR-003037
ACC-00624,VEH-00430,used,FIR-000570
ACC-02331,VEH-00388,registered,FIR-000465
ACC-00726,VEH-00836,registered,FIR-000782
ACC-02535,VEH-00639,used,FIR-001240
ACC-03450,VEH-01255,registered,FIR-002629
ACC-02714,VEH-00699,used,FIR-000625
ACC-00339,VEH-00999,registered,FIR-003102
ACC-03046,VEH-00677,registered,FIR-001761
ACC-00317,VEH-00235,registered,FIR-001448
ACC-02816,VEH-00535,registered,FIR-003534
ACC-03810,VEH-00807,registered,FIR-002276
ACC-01353,VEH-00307,registered,FIR-001238
ACC-00907,VEH-01225,registered,FIR-002792
ACC-02809,VEH-00276,registered,FIR-001363
ACC-03732,VEH-00111,registered,FIR-000003
ACC-00539,VEH-01214,registered,FIR-001631
ACC-00159,VEH-00236,registered,FIR-003592
ACC-02655,VEH-00257,registered,FIR-002541
ACC-03659,VEH-01027,registered,FIR-003573
ACC-00670,VEH-00896,registered,FIR-000793
ACC-03970,VEH-00779,registered,FIR-002439
ACC-01117,VEH-00154,used,FIR-000659
ACC-02630,VEH-01045,registered,FIR-000203
ACC-04012,VEH-00028,registered,FIR-000789
ACC-00051,VEH-00370,registered,FIR-001826
ACC-01947,VEH-00444,registered,FIR-001476
ACC-01101,VEH-00130,used,FIR-001875
ACC-03664,VEH-00363,registered,FIR-003537
ACC-01819,VEH-00272,registered,FIR-003619
ACC-02773,VEH-00185,used,FIR-000631
ACC-00236,VEH-01176,registered,FIR-003398
ACC-02068,VEH-01261,registered,FIR-001979
ACC-03746,VEH-01227,used,FIR-002599
ACC-00567,VEH-01044,registered,FIR-001881
ACC-04404,VEH-01079,used,FIR-001765
ACC-02050,VEH-00520,registered,FIR-002444
ACC-03070,VEH-00840,registered,FIR-000842
ACC-02529,VEH-00527,registered,FIR-001486
ACC-01616,VEH-00335,registered,FIR-000110
ACC-02945,VEH-00635,registered,FIR-000700
ACC-02067,VEH-00821,registered,FIR-001198
ACC-02883,VEH-00831,used,FIR-000763
ACC-03373,VEH-01210,registered,FIR-002567
ACC-02761,VEH-00011,registered,FIR-000931
ACC-03408,VEH-00936,registered,FIR-003042
ACC-03306,VEH-00887,registered,FIR-002831
ACC-01011,VEH-00700,registered,FIR-001564
ACC-00129,VEH-00149,registered,FIR-003200
ACC-00098,VEH-00492,used,FIR-003682
ACC-01748,VEH-00494,used,FIR-002000
ACC-00277,VEH-00688,registered,FIR-002499
ACC-00083,VEH-00619,registered,FIR-001665
ACC-00810,VEH-00602,registered,FIR-000525
ACC-03827,VEH-00323,registered,FIR-000121
ACC-02610,VEH-00584,registered,FIR-001287
ACC-01194,VEH-00926,registered,FIR-000852
ACC-03636,VEH-00294,registered,FIR-002584
ACC-01775,VEH-00493,used,FIR-000884
ACC-01790,VEH-01224,registered,FIR-001566
ACC-01525,VEH-00270,used,FIR-001044
ACC-00840,VEH-00597,registered,FIR-000765
ACC-01889,VEH-00579,registered,FIR-002177
ACC-01387,VEH-00735,registered,FIR-003255
ACC-03422,VEH-00511,registered,FIR-000560
ACC-02616,VEH-00002,registered,FIR-000695
ACC-04062,VEH-00912,used,FIR-001902
ACC-00954,VEH-00721,registered,FIR-000755
ACC-01722,VEH-01083,registered,FIR-001601
ACC-00958,VEH-01220,used,FIR-000002
ACC-02793,VEH-00818,registered,FIR-003668
ACC-02044,VEH-00326,registered,FIR-003649
ACC-01643,VEH-00862,used,FIR-001201
ACC-00175,VEH-00203,registered,FIR-003272
ACC-03491,VEH-01050,used,FIR-003392
ACC-00705,VEH-00791,registered,FIR-001232
ACC-03556,VEH-00051,registered,FIR-001517
ACC-02195,VEH-00138,registered,FIR-003369
ACC-04233,VEH-00830,registered,FIR-002369
ACC-00345,VEH-00152,registered,FIR-002471
ACC-02118,VEH-00744,registered,FIR-002429
ACC-00193,VEH-00975,registered,FIR-002987
ACC-03893,VEH-00133,registered,FIR-000958
ACC-00971,VEH-01020,registered,FIR-001179
ACC-00953,VEH-01275,registered,FIR-003594
ACC-01557,VEH-00336,registered,FIR-002872
ACC-03522,VEH-00355,registered,FIR-001388
ACC-03091,VEH-00820,registered,FIR-000617
ACC-02941,VEH-00110,registered,FIR-000617
ACC-04247,VEH-00798,registered,FIR-002816
ACC-03566,VEH-00740,registered,FIR-002349
ACC-02142,VEH-00184,registered,FIR-002725
ACC-04333,VEH-00898,registered,FIR-002370
ACC-00996,VEH-00226,used,FIR-003159
ACC-03253,VEH-00302,registered,FIR-003216
ACC-00252,VEH-01189,registered,FIR-001124
ACC-02591,VEH-00809,registered,FIR-002391
ACC-04390,VEH-00546,registered,FIR-002607
ACC-01782,VEH-00484,registered,FIR-000440
ACC-02097,VEH-00856,registered,FIR-001639
ACC-01121,VEH-00100,registered,FIR-003414
ACC-00480,VEH-00432,registered,FIR-001929
ACC-01803,VEH-00937,registered,FIR-001964
ACC-01341,VEH-00033,registered,FIR-002244
ACC-03906,VEH-00915,used,FIR-003311
ACC-04338,VEH-01202,registered,FIR-001408
ACC-00669,VEH-01121,registered,FIR-000287
ACC-02779,VEH-00938,registered,FIR-002710
ACC-01369,VEH-00854,registered,FIR-002359
ACC-01495,VEH-01239,registered,FIR-002367
ACC-00208,VEH-00487,used,FIR-003039
ACC-03073,VEH-01085,registered,FIR-002165
ACC-03098,VEH-00686,registered,FIR-002252
ACC-00915,VEH-00158,registered,FIR-001954
ACC-00706,VEH-00741,registered,FIR-001800
ACC-02258,VEH-00881,registered,FIR-002106
ACC-00841,VEH-01288,registered,FIR-000779
ACC-00534,VEH-00662,used,FIR-002326
ACC-01844,VEH-00204,used,FIR-002886
ACC-02845,VEH-01281,registered,FIR-003618
ACC-01307,VEH-01268,registered,FIR-000876
ACC-04078,VEH-01133,registered,FIR-001513
ACC-02640,VEH-00855,registered,FIR-001245
ACC-00389,VEH-00636,used,FIR-000300
ACC-00963,VEH-00756,registered,FIR-000947
ACC-01006,VEH-00255,used,FIR-001174
ACC-01043,VEH-00823,used,FIR-002647
ACC-00847,VEH-00541,registered,FIR-003014
ACC-00074,VEH-00907,registered,FIR-003293
ACC-04348,VEH-01103,used,FIR-001557
ACC-02618,VEH-00933,registered,FIR-002832
ACC-02950,VEH-00404,registered,FIR-002542
ACC-00343,VEH-01270,registered,FIR-001758
ACC-00587,VEH-01137,registered,FIR-002457
ACC-02785,VEH-00245,registered,FIR-001708
ACC-04314,VEH-00227,used,FIR-001036
ACC-00758,VEH-00013,used,FIR-000954
ACC-01150,VEH-00503,registered,FIR-001834
ACC-03577,VEH-00863,registered,FIR-000892
ACC-00190,VEH-00532,used,FIR-003335
ACC-02048,VEH-00610,registered,FIR-002613
ACC-02703,VEH-00777,registered,FIR-003220
ACC-00150,VEH-01222,registered,FIR-002992
ACC-02286,VEH-01036,registered,FIR-000394
ACC-02649,VEH-00748,registered,FIR-002298
ACC-01052,VEH-00702,registered,FIR-000894
ACC-03568,VEH-00611,used,FIR-000674
ACC-02992,VEH-00850,registered,FIR-002316
ACC-02370,VEH-01082,registered,FIR-002148
ACC-00260,VEH-00622,registered,FIR-000820
ACC-00863,VEH-01108,registered,FIR-000244
ACC-01919,VEH-00961,registered,FIR-000263
ACC-00112,VEH-00875,registered,FIR-001854
ACC-02544,VEH-01262,registered,FIR-000296
ACC-03718,VEH-00441,registered,FIR-002653
ACC-01372,VEH-00467,registered,FIR-001829
ACC-02465,VEH-00956,registered,FIR-003419
ACC-04291,VEH-00723,registered,FIR-001884
ACC-01465,VEH-01192,registered,FIR-002039
ACC-02791,VEH-00179,registered,FIR-001702
ACC-01961,VEH-01159,registered,FIR-002545
ACC-04069,VEH-00348,used,FIR-000034
ACC-04058,VEH-01051,registered,FIR-003636
ACC-00519,VEH-00564,used,FIR-001478
ACC-03132,VEH-00201,registered,FIR-000686
ACC-03672,VEH-00131,used,FIR-003677
ACC-02329,VEH-01178,registered,FIR-003138
ACC-03758,VEH-01035,registered,FIR-003577
ACC-02090,VEH-00162,registered,FIR-000509
ACC-03896,VEH-01091,used,FIR-001102
ACC-01792,VEH-00029,registered,FIR-001132
ACC-00209,VEH-00904,used,FIR-002802
ACC-01546,VEH-00715,registered,FIR-002230
ACC-02029,VEH-01213,registered,FIR-001802
ACC-02487,VEH-00481,registered,FIR-001746
ACC-04240,VEH-01075,registered,FIR-002096
ACC-00702,VEH-00422,used,FIR-003489
ACC-01402,VEH-01001,used,FIR-001781
ACC-03116,VEH-00808,registered,FIR-001493
ACC-00257,VEH-00266,registered,FIR-003166
ACC-04187,VEH-00077,used,FIR-000518
ACC-02674,VEH-00423,used,FIR-002575
ACC-04088,VEH-01247,registered,FIR-000064
ACC-03911,VEH-01140,registered,FIR-003064
ACC-04142,VEH-00424,registered,FIR-003161
ACC-04369,VEH-00731,registered,FIR-000043
ACC-03757,VEH-00168,registered,FIR-001544
ACC-04424,VEH-00507,registered,FIR-001207
ACC-03299,VEH-00510,used,FIR-001310
ACC-03097,VEH-00163,used,FIR-000110
ACC-01644,VEH-00501,registered,FIR-001799
ACC-03614,VEH-00046,registered,FIR-001838
ACC-04282,VEH-01197,used,FIR-003142
ACC-01707,VEH-00894,used,FIR-002342
ACC-03558,VEH-01119,registered,FIR-003023
ACC-04354,VEH-00977,registered,FIR-001100
ACC-03018,VEH-01096,registered,FIR-001877
ACC-00999,VEH-01147,used,FIR-001209
ACC-03889,VEH-00793,registered,FIR-000049
ACC-03868,VEH-00397,registered,FIR-001843
ACC-04223,VEH-00420,registered,FIR-000018
ACC-00992,VEH-00230,registered,FIR-003455
ACC-00671,VEH-01048,registered,FIR-001587
ACC-03410,VEH-01037,registered,FIR-002486
ACC-02315,VEH-00146,registered,FIR-002732
ACC-04434,VEH-00983,used,FIR-000739
ACC-02659,VEH-00656,registered,FIR-000367
ACC-01298,VEH-00148,used,FIR-003082
ACC-03903,VEH-00183,registered,FIR-003304
ACC-01105,VEH-00415,registered,FIR-000636
ACC-04232,VEH-00442,registered,FIR-002648
ACC-01031,VEH-00647,registered,FIR-001033
ACC-02104,VEH-00998,registered,FIR-002273
ACC-04049,VEH-00890,registered,FIR-003226
ACC-01497,VEH-01256,registered,FIR-001618
ACC-02755,VEH-00759,registered,FIR-000243
ACC-03462,VEH-00385,registered,FIR-002006
ACC-03127,VEH-00209,registered,FIR-003195
ACC-02184,VEH-00027,registered,FIR-003247
ACC-01751,VEH-00440,registered,FIR-000802
ACC-01756,VEH-00314,registered,FIR-002688
ACC-01287,VEH-00401,registered,FIR-002547
ACC-00266,VEH-00463,used,FIR-001943
ACC-02944,VEH-00380,registered,FIR-000161
ACC-00044,VEH-00536,registered,FIR-002372
ACC-01590,VEH-00007,used,FIR-002266
ACC-01867,VEH-00853,used,FIR-000839
ACC-02147,VEH-01113,registered,FIR-002282
ACC-03800,VEH-00568,registered,FIR-003201
ACC-01516,VEH-01032,used,FIR-001951
ACC-00987,VEH-00392,used,FIR-000395
ACC-02909,VEH-00320,registered,FIR-000131
ACC-01567,VEH-00524,registered,FIR-001720
ACC-04429,VEH-00112,registered,FIR-001150
ACC-03201,VEH-01081,registered,FIR-000614
ACC-02807,VEH-01246,registered,FIR-000849
ACC-02557,VEH-00994,used,FIR-003021
ACC-02514,VEH-00626,registered,FIR-000513
ACC-00652,VEH-00317,used,FIR-001072
ACC-01771,VEH-00913,registered,FIR-000114
ACC-04073,VEH-01015,registered,FIR-003246
ACC-02822,VEH-01004,registered,FIR-000557
ACC-03698,VEH-00561,registered,FIR-003627
ACC-02037,VEH-00337,registered,FIR-002955
ACC-02187,VEH-00210,registered,FIR-002778
ACC-03196,VEH-00038,registered,FIR-001646
ACC-00452,VEH-00343,registered,FIR-002263
ACC-00425,VEH-01080,registered,FIR-000293
ACC-04087,VEH-00220,registered,FIR-002775
ACC-02741,VEH-01226,registered,FIR-000982
ACC-04344,VEH-01022,registered,FIR-002800
ACC-02368,VEH-00846,registered,FIR-000325
ACC-01783,VEH-00490,registered,FIR-001804
ACC-04026,VEH-00436,used,FIR-000983
ACC-00990,VEH-00901,registered,FIR-000211
ACC-03322,VEH-00482,registered,FIR-001880
ACC-02957,VEH-00055,registered,FIR-002381
ACC-02318,VEH-00763,used,FIR-003265
ACC-03407,VEH-00695,registered,FIR-001351
ACC-03589,VEH-00425,registered,FIR-000031
ACC-01418,VEH-01166,registered,FIR-000175
ACC-03679,VEH-01017,registered,FIR-003480
ACC-01414,VEH-00221,registered,FIR-002136
ACC-04253,VEH-00512,registered,FIR-001577
ACC-01981,VEH-00071,registered,FIR-000104
ACC-00126,VEH-00297,registered,FIR-001164
ACC-02601,VEH-01063,registered,FIR-001463
ACC-02239,VEH-00698,registered,FIR-003531
ACC-00751,VEH-00455,used,FIR-003219
ACC-03129,VEH-01012,registered,FIR-000537
ACC-01383,VEH-00613,used,FIR-003349
ACC-02831,VEH-01041,registered,FIR-003008
ACC-01632,VEH-00212,used,FIR-003661
ACC-01612,VEH-00540,registered,FIR-000984
ACC-02366,VEH-00978,registered,FIR-000360
ACC-02949,VEH-00426,registered,FIR-002809
ACC-03546,VEH-01135,used,FIR-001636
ACC-02381,VEH-00989,registered,FIR-001971
ACC-02525,VEH-00712,registered,FIR-003301
ACC-03220,VEH-00919,used,FIR-001152
ACC-03580,VEH-00177,used,FIR-002357
ACC-00180,VEH-01038,used,FIR-002405
ACC-01864,VEH-00871,registered,FIR-001080
ACC-02207,VEH-00206,registered,FIR-001328
ACC-01538,VEH-01124,registered,FIR-002837
ACC-03016,VEH-00319,registered,FIR-000603
ACC-03083,VEH-00233,registered,FIR-000364
ACC-00812,VEH-00159,registered,FIR-000899
ACC-01165,VEH-00417,registered,FIR-002631
ACC-01713,VEH-01093,registered,FIR-000029
ACC-04326,VEH-01090,used,FIR-003680
ACC-02512,VEH-00288,registered,FIR-002335
ACC-00080,VEH-00839,registered,FIR-003128
ACC-02911,VEH-00729,used,FIR-001987
ACC-03179,VEH-00943,registered,FIR-001770
ACC-02605,VEH-01190,registered,FIR-002529
ACC-01186,VEH-00794,registered,FIR-003639
ACC-00036,VEH-00693,registered,FIR-000523
ACC-02622,VEH-00829,registered,FIR-000925
ACC-02865,VEH-01193,registered,FIR-002412
ACC-03305,VEH-00845,registered,FIR-001939
ACC-00315,VEH-00433,registered,FIR-002270
ACC-00537,VEH-00058,registered,FIR-003452
ACC-03905,VEH-00087,used,FIR-002900
ACC-02162,VEH-00119,registered,FIR-003556
ACC-01704,VEH-01125,used,FIR-003078
ACC-00156,VEH-00991,registered,FIR-000889
ACC-03897,VEH-00402,registered,FIR-001166
ACC-02918,VEH-00521,registered,FIR-000251
ACC-03552,VEH-00745,registered,FIR-000606
ACC-01174,VEH-01198,registered,FIR-000331
ACC-00214,VEH-00806,registered,FIR-001610
ACC-02929,VEH-01074,used,FIR-003651
ACC-02874,VEH-01116,registered,FIR-002219
ACC-00213,VEH-00407,registered,FIR-001242
ACC-01361,VEH-01200,registered,FIR-002691
ACC-03640,VEH-00318,registered,FIR-003705
ACC-01126,VEH-00412,registered,FIR-000969
ACC-00976,VEH-00475,registered,FIR-000330
ACC-02590,VEH-01149,registered,FIR-000055
ACC-03255,VEH-01061,registered,FIR-002279
ACC-04094,VEH-00704,registered,FIR-000582
ACC-01461,VEH-00427,registered,FIR-002721
ACC-01161,VEH-01163,registered,FIR-002464
ACC-03533,VEH-00434,registered,FIR-001522
ACC-01430,VEH-00126,registered,FIR-000871
ACC-00053,VEH-00403,registered,FIR-001229
ACC-00682,VEH-01009,used,FIR-001683
ACC-02425,VEH-00104,registered,FIR-002692
ACC-02837,VEH-00870,registered,FIR-002019
ACC-01444,VEH-01237,used,FIR-002398
ACC-01040,VEH-00469,registered,FIR-003030
ACC-00696,VEH-00971,used,FIR-002352
ACC-01620,VEH-00877,registered,FIR-001957
ACC-04109,VEH-00153,registered,FIR-000142
ACC-03354,VEH-00393,registered,FIR-000122
ACC-00106,VEH-01030,registered,FIR-001319
ACC-01513,VEH-00967,registered,FIR-001889
ACC-00229,VEH-00200,registered,FIR-003315
ACC-02180,VEH-01253,used,FIR-003188
ACC-02456,VEH-00707,used,FIR-000734
ACC-03720,VEH-00957,registered,FIR-003346
ACC-02170,VEH-01143,registered,FIR-002404
ACC-03644,VEH-00902,used,FIR-000964
ACC-01258,VEH-00851,registered,FIR-003650
ACC-00337,VEH-00454,registered,FIR-000013
ACC-02665,VEH-00770,registered,FIR-003465
ACC-02652,VEH-00271,registered,FIR-001709
ACC-01215,VEH-00094,registered,FIR-001258
ACC-04033,VEH-00293,used,FIR-000021
ACC-00827,VEH-00581,registered,FIR-001567
ACC-02491,VEH-01018,registered,FIR-002925
ACC-00984,VEH-00736,registered,FIR-000984
ACC-04171,VEH-00338,registered,FIR-002636
ACC-03110,VEH-00893,used,FIR-000638
ACC-03716,VEH-01278,used,FIR-000069
ACC-03307,VEH-00683,registered,FIR-002578
ACC-00945,VEH-00470,used,FIR-000630
ACC-03711,VEH-00884,used,FIR-002554
ACC-00174,VEH-00762,registered,FIR-001115
ACC-03118,VEH-00406,used,FIR-003290
ACC-00699,VEH-00921,registered,FIR-000061
ACC-02438,VEH-00892,registered,FIR-002598
ACC-04054,VEH-00042,used,FIR-001776
ACC-01201,VEH-00595,used,FIR-000747
ACC-00430,VEH-01250,used,FIR-000768
ACC-03816,VEH-00208,registered,FIR-001294
ACC-02982,VEH-00198,registered,FIR-001998
ACC-03361,VEH-01126,used,FIR-000097
ACC-03490,VEH-00303,registered,FIR-001605
ACC-04325,VEH-00697,used,FIR-001885
ACC-01836,VEH-00050,used,FIR-000805
ACC-02183,VEH-01122,registered,FIR-002557
ACC-02693,VEH-00228,used,FIR-000346
ACC-02218,VEH-00437,registered,FIR-000433
ACC-04427,VEH-01144,registered,FIR-003407
ACC-01641,VEH-00946,registered,FIR-002317
ACC-00426,VEH-01013,registered,FIR-003063
ACC-02245,VEH-00378,registered,FIR-003628
ACC-01865,VEH-00379,registered,FIR-000685
ACC-02317,VEH-01076,registered,FIR-002944
ACC-01739,VEH-00803,registered,FIR-001819
ACC-04147,VEH-00086,used,FIR-002742
ACC-01975,VEH-00785,registered,FIR-001669
ACC-04074,VEH-01109,registered,FIR-000652
ACC-02740,VEH-00164,used,FIR-000848
ACC-00393,VEH-01073,registered,FIR-001178
ACC-00968,VEH-00973,registered,FIR-001057
ACC-00093,VEH-00746,used,FIR-000632
ACC-04353,VEH-00606,registered,FIR-001503
ACC-01611,VEH-00517,registered,FIR-000530
ACC-02244,VEH-01265,registered,FIR-000362
ACC-02131,VEH-01128,registered,FIR-003515
ACC-03254,VEH-00169,registered,FIR-001703
ACC-00033,VEH-00105,registered,FIR-003574
ACC-03386,VEH-00357,registered,FIR-000641
ACC-01508,VEH-00165,registered,FIR-000845
ACC-00265,VEH-00778,used,FIR-001286
ACC-03984,VEH-00578,registered,FIR-003335
ACC-03798,VEH-00738,registered,FIR-000794
ACC-02062,VEH-00345,registered,FIR-002866
ACC-00240,VEH-00739,registered,FIR-001644
ACC-00846,VEH-00986,registered,FIR-000096
ACC-00925,VEH-01254,used,FIR-000864
ACC-02123,VEH-00687,registered,FIR-000975
ACC-00286,VEH-00519,registered,FIR-001981
ACC-01997,VEH-01127,used,FIR-001035
ACC-01147,VEH-00567,registered,FIR-002012
ACC-00117,VEH-00560,used,FIR-002946
ACC-03261,VEH-00927,registered,FIR-000365
ACC-03124,VEH-00966,used,FIR-000644
ACC-02620,VEH-00069,used,FIR-002272
ACC-02764,VEH-00948,used,FIR-002353
ACC-02743,VEH-00728,registered,FIR-002044
ACC-02851,VEH-00389,registered,FIR-001728
ACC-03950,VEH-00691,registered,FIR-002851
ACC-02730,VEH-01273,used,FIR-002973
ACC-02843,VEH-00545,registered,FIR-002511
ACC-01549,VEH-01274,registered,FIR-003153
ACC-02562,VEH-00312,registered,FIR-002782
ACC-03561,VEH-00811,registered,FIR-000376
ACC-00467,VEH-00582,registered,FIR-001175
ACC-02178,VEH-01290,registered,FIR-002559
ACC-01738,VEH-00918,registered,FIR-001562
ACC-03138,VEH-01112,registered,FIR-001026
ACC-00254,VEH-00329,registered,FIR-000665
ACC-03284,VEH-00909,used,FIR-000604
ACC-02852,VEH-00285,registered,FIR-003708
ACC-01682,VEH-01172,registered,FIR-000696
ACC-01251,VEH-01089,registered,FIR-001783
ACC-01667,VEH-01181,registered,FIR-002075
ACC-00140,VEH-00421,registered,FIR-003107
ACC-00207,VEH-00615,registered,FIR-001445
ACC-00861,VEH-00449,registered,FIR-000827
ACC-01279,VEH-01155,registered,FIR-002297
ACC-04031,VEH-00878,registered,FIR-001674
ACC-03609,VEH-00471,registered,FIR-001054
ACC-02687,VEH-00513,registered,FIR-002281
ACC-02166,VEH-00684,used,FIR-002951
ACC-00046,VEH-00344,registered,FIR-001654
ACC-03750,VEH-01284,registered,FIR-003164
ACC-01081,VEH-01180,registered,FIR-001947
ACC-02452,VEH-00640,registered,FIR-001987
ACC-02010,VEH-01019,registered,FIR-000797
ACC-03302,VEH-00243,used,FIR-000152
ACC-01766,VEH-01266,registered,FIR-003700
ACC-01565,VEH-01123,registered,FIR-000777
ACC-02862,VEH-00135,registered,FIR-001146
ACC-02049,VEH-00857,registered,FIR-000647
ACC-00263,VEH-00301,used,FIR-002603
ACC-00400,VEH-01094,registered,FIR-003520
ACC-00762,VEH-01054,registered,FIR-000214
ACC-01740,VEH-00585,registered,FIR-003226
ACC-02937,VEH-01046,registered,FIR-000918
ACC-03534,VEH-00464,registered,FIR-002608
ACC-01263,VEH-01252,used,FIR-000201
ACC-03344,VEH-00101,registered,FIR-002453
ACC-03009,VEH-01136,used,FIR-000868
ACC-02840,VEH-00216,used,FIR-001227
ACC-01606,VEH-00539,registered,FIR-003528
ACC-02510,VEH-00773,used,FIR-000119
ACC-00178,VEH-00187,registered,FIR-001293
ACC-03146,VEH-00089,registered,FIR-000504
ACC-02423,VEH-01087,registered,FIR-002349
ACC-00931,VEH-00277,registered,FIR-000787
ACC-02206,VEH-01028,registered,FIR-003629
ACC-02055,VEH-01248,registered,FIR-001919
ACC-00392,VEH-00287,used,FIR-003715
ACC-04393,VEH-00381,registered,FIR-001010
ACC-01973,VEH-00608,used,FIR-003400
ACC-01452,VEH-00018,registered,FIR-000424
ACC-00895,VEH-01006,registered,FIR-000800
ACC-04164,VEH-00774,registered,FIR-000668
ACC-03318,VEH-00144,used,FIR-002622
ACC-02165,VEH-00814,registered,FIR-002115
ACC-02450,VEH-00750,registered,FIR-001249
ACC-01909,VEH-00952,registered,FIR-000307
ACC-00892,VEH-00717,registered,FIR-002117
ACC-02604,VEH-00722,registered,FIR-000473
ACC-02362,VEH-00965,registered,FIR-002665
ACC-04038,VEH-00681,registered,FIR-001788
ACC-02189,VEH-00652,registered,FIR-001255
ACC-00807,VEH-00685,registered,FIR-001656
ACC-03266,VEH-00725,registered,FIR-000234
ACC-00299,VEH-00771,registered,FIR-001745
ACC-02768,VEH-01206,registered,FIR-002819
ACC-01662,VEH-00258,used,FIR-000062
ACC-04029,VEH-00036,used,FIR-000676
ACC-03604,VEH-00354,registered,FIR-000673
ACC-03489,VEH-00790,used,FIR-000660
ACC-03173,VEH-00621,registered,FIR-000437
ACC-00437,VEH-00963,used,FIR-001642
ACC-03943,VEH-00947,registered,FIR-003610
ACC-00338,VEH-00716,registered,FIR-000711
ACC-03269,VEH-00264,used,FIR-002395
ACC-00329,VEH-01066,registered,FIR-000177
ACC-01244,VEH-00483,registered,FIR-000132
ACC-00503,VEH-01174,registered,FIR-002591
ACC-03595,VEH-00598,registered,FIR-000996
ACC-02808,VEH-01186,used,FIR-001822
ACC-02838,VEH-00374,registered,FIR-001684
ACC-00417,VEH-00834,registered,FIR-000020
ACC-01208,VEH-00631,registered,FIR-000966
ACC-00168,VEH-00752,registered,FIR-000242
ACC-02654,VEH-00366,registered,FIR-003434
ACC-01291,VEH-00448,registered,FIR-001250
ACC-02629,VEH-01117,registered,FIR-000312
ACC-00797,VEH-00828,registered,FIR-000040
ACC-01301,VEH-01132,registered,FIR-001850
ACC-02968,VEH-01162,registered,FIR-000901
ACC-03709,VEH-00054,registered,FIR-000774
ACC-01340,VEH-01008,used,FIR-002885
ACC-03359,VEH-01056,registered,FIR-003207
ACC-02898,VEH-01058,registered,FIR-001529
ACC-00003,VEH-00010,registered,FIR-000550
ACC-03919,VEH-01286,registered,FIR-000572
ACC-01928,VEH-00630,registered,FIR-003029
ACC-02138,VEH-00347,registered,FIR-002762
ACC-03510,VEH-00265,registered,FIR-000670
ACC-02708,VEH-00953,registered,FIR-000174
ACC-03134,VEH-00372,used,FIR-003703
ACC-00435,VEH-00659,registered,FIR-000479
ACC-03783,VEH-01047,registered,FIR-001004
ACC-00675,VEH-00157,used,FIR-002104
ACC-01778,VEH-00705,registered,FIR-000888
ACC-02508,VEH-00969,registered,FIR-003108
ACC-01063,VEH-00516,registered,FIR-002656
ACC-01723,VEH-00924,registered,FIR-001716
ACC-02697,VEH-00788,registered,FIR-000030
ACC-01304,VEH-00181,used,FIR-002116
ACC-01750,VEH-00730,registered,FIR-000683
ACC-02964,VEH-00052,registered,FIR-000354
ACC-02979,VEH-00121,registered,FIR-002490
ACC-02556,VEH-00215,registered,FIR-001273
ACC-01514,VEH-01233,registered,FIR-003555
ACC-01234,VEH-00668,registered,FIR-001471
ACC-01717,VEH-00523,used,FIR-001903
ACC-00884,VEH-00518,registered,FIR-001278
ACC-00110,VEH-00465,registered,FIR-000840
ACC-00418,VEH-00616,registered,FIR-002468
ACC-03088,VEH-00428,registered,FIR-001866
ACC-00459,VEH-00142,registered,FIR-002069
ACC-04225,VEH-00653,used,FIR-000146
ACC-00749,VEH-00627,registered,FIR-000648
ACC-04081,VEH-01209,registered,FIR-001650
ACC-03559,VEH-00214,registered,FIR-001109
ACC-01891,VEH-01208,registered,FIR-003674
ACC-04090,VEH-00305,registered,FIR-001828
ACC-03427,VEH-00558,used,FIR-002292
ACC-03511,VEH-00197,used,FIR-001549
ACC-01079,VEH-01160,used,FIR-002810
ACC-03993,VEH-00368,registered,FIR-000724
ACC-04400,VEH-00278,registered,FIR-002539
ACC-00795,VEH-00229,registered,FIR-000985
ACC-02066,VEH-00250,used,FIR-002559
ACC-00566,VEH-01060,registered,FIR-002169
ACC-03003,VEH-01258,registered,FIR-000922
ACC-01601,VEH-01231,registered,FIR-001508
ACC-03413,VEH-00526,used,FIR-001339
ACC-02763,VEH-00577,used,FIR-002350
ACC-04437,VEH-00410,registered,FIR-000176
ACC-01035,VEH-00175,registered,FIR-002963
ACC-04194,VEH-01156,registered,FIR-001379
ACC-03323,VEH-00596,registered,FIR-001215
ACC-04209,VEH-00150,registered,FIR-000919
ACC-03316,VEH-00496,registered,FIR-003097
ACC-03028,VEH-00864,registered,FIR-000222
ACC-01984,VEH-00099,registered,FIR-001302
ACC-04355,VEH-00694,registered,FIR-002186
ACC-03658,VEH-01204,registered,FIR-001417
ACC-02829,VEH-00795,registered,FIR-001855
ACC-03752,VEH-00628,registered,FIR-002660
ACC-03158,VEH-00309,used,FIR-002573
ACC-02786,VEH-00445,registered,FIR-000290
ACC-03942,VEH-00761,registered,FIR-001955
ACC-01656,VEH-00680,registered,FIR-001134
ACC-00816,VEH-00350,registered,FIR-000206
ACC-02343,VEH-00037,used,FIR-002408
ACC-03705,VEH-00486,registered,FIR-003155
ACC-00755,VEH-00922,registered,FIR-002112
ACC-04307,VEH-00290,registered,FIR-001272
ACC-01668,VEH-00067,registered,FIR-002585
ACC-03632,VEH-00563,registered,FIR-003637
ACC-00139,VEH-00450,registered,FIR-000517
ACC-03458,VEH-00724,used,FIR-002117
ACC-01571,VEH-01129,registered,FIR-001159
ACC-02757,VEH-00557,registered,FIR-002905
ACC-01770,VEH-01298,registered,FIR-001409
ACC-01796,VEH-01000,registered,FIR-002160
ACC-04145,VEH-00661,registered,FIR-000491
ACC-02235,VEH-00849,registered,FIR-002535
ACC-02387,VEH-00341,registered,FIR-002571
ACC-01358,VEH-01295,registered,FIR-003603
ACC-03251,VEH-00014,registered,FIR-000382
ACC-02254,VEH-00418,registered,FIR-002429
ACC-03286,VEH-00019,registered,FIR-002615
ACC-01875,VEH-00775,used,FIR-002610
ACC-04329,VEH-00638,registered,FIR-003527
ACC-03435,VEH-00118,registered,FIR-001358
ACC-01837,VEH-00531,registered,FIR-000134
ACC-03171,VEH-00269,registered,FIR-003686
ACC-02946,VEH-00554,registered,FIR-002627
ACC-01189,VEH-00817,registered,FIR-000303
ACC-04389,VEH-00351,registered,FIR-001302
ACC-01818,VEH-00170,registered,FIR-000899
ACC-03130,VEH-00134,registered,FIR-003126
ACC-00477,VEH-01201,used,FIR-000830
ACC-04204,VEH-01289,registered,FIR-000530
ACC-00688,VEH-00443,registered,FIR-003150
ACC-00251,VEH-00816,registered,FIR-003585
ACC-03310,VEH-00327,registered,FIR-000061
ACC-03222,VEH-00103,registered,FIR-000866
ACC-00858,VEH-00063,registered,FIR-000053
ACC-02871,VEH-00703,used,FIR-002269
ACC-00009,VEH-00328,used,FIR-001090
ACC-03285,VEH-01280,used,FIR-003660
ACC-01390,VEH-00673,used,FIR-003178
ACC-00133,VEH-00533,used,FIR-003262
ACC-01596,VEH-01005,registered,FIR-001140
ACC-00141,VEH-00805,registered,FIR-001468
ACC-04014,VEH-00400,used,FIR-002917
ACC-01294,VEH-00885,registered,FIR-001706
ACC-03501,VEH-00439,registered,FIR-001989
ACC-02969,VEH-00095,used,FIR-001301
ACC-03178,VEH-00769,registered,FIR-002995
ACC-01639,VEH-01042,registered,FIR-003642
ACC-00667,VEH-00145,registered,FIR-002295
ACC-01429,VEH-00015,registered,FIR-001335
ACC-01938,VEH-00275,registered,FIR-001446
ACC-03193,VEH-01300,registered,FIR-003124
ACC-01920,VEH-00296,used,FIR-002274
ACC-03267,VEH-00706,registered,FIR-001324
ACC-01442,VEH-00289,registered,FIR-000024
ACC-00125,VEH-01164,registered,FIR-000881
ACC-02835,VEH-00125,registered,FIR-002621
ACC-03268,VEH-00375,registered,FIR-003261
ACC-00616,VEH-00238,registered,FIR-001910
ACC-04195,VEH-00895,registered,FIR-001381
ACC-02461,VEH-00968,registered,FIR-001006
ACC-04227,VEH-01057,registered,FIR-002733
ACC-00642,VEH-00812,used,FIR-001670
ACC-01139,VEH-00034,registered,FIR-003557
ACC-02859,VEH-00405,registered,FIR-003288
ACC-01609,VEH-00939,registered,FIR-002737
ACC-02885,VEH-00090,registered,FIR-000144
ACC-03608,VEH-00932,registered,FIR-001652
ACC-04136,VEH-00634,registered,FIR-002823
ACC-02204,VEH-01158,registered,FIR-003518
ACC-03174,VEH-00509,registered,FIR-002129
ACC-00157,VEH-00414,registered,FIR-003471
ACC-03696,VEH-00658,registered,FIR-001442
ACC-02171,VEH-01294,registered,FIR-000665
ACC-01504,VEH-00923,registered,FIR-001715
ACC-01021,VEH-00714,registered,FIR-002852
ACC-01813,VEH-01102,registered,FIR-002505
ACC-00292,VEH-00468,registered,FIR-003234
ACC-03572,VEH-00199,registered,FIR-000469
ACC-02122,VEH-00039,registered,FIR-002658
ACC-03616,VEH-00556,registered,FIR-000640
ACC-00555,VEH-00637,registered,FIR-000198
ACC-03370,VEH-01059,used,FIR-003310
ACC-02552,VEH-00292,registered,FIR-001661
ACC-01167,VEH-00147,registered,FIR-000080
ACC-00114,VEH-00911,used,FIR-002589
ACC-01561,VEH-00872,registered,FIR-000949
ACC-03883,VEH-00194,registered,FIR-000764
ACC-02856,VEH-01216,used,FIR-001106
ACC-00836,VEH-00844,used,FIR-000050
ACC-03468,VEH-00719,registered,FIR-001609
ACC-01013,VEH-00776,used,FIR-003672
ACC-00695,VEH-00646,registered,FIR-002533
ACC-01676,VEH-00106,used,FIR-000791
ACC-00353,VEH-00259,used,FIR-000294
ACC-03663,VEH-00765,registered,FIR-002132
ACC-04442,VEH-00268,registered,FIR-001982
ACC-01647,VEH-00934,registered,FIR-001860
ACC-02752,VEH-00419,registered,FIR-003133
ACC-03372,VEH-00298,registered,FIR-000173
ACC-00574,VEH-00754,registered,FIR-000928
ACC-00956,VEH-00888,registered,FIR-001807
ACC-03623,VEH-01217,registered,FIR-002023
ACC-01807,VEH-01291,registered,FIR-002358
ACC-01310,VEH-00362,registered,FIR-003623
ACC-04456,VEH-01175,used,FIR-000544
ACC-00679,VEH-01154,registered,FIR-000564
ACC-03642,VEH-00061,registered,FIR-003412
ACC-02018,VEH-00299,registered,FIR-002606
ACC-04252,VEH-00780,registered,FIR-000643
ACC-00498,VEH-01098,used,FIR-000653
ACC-00544,VEH-00538,registered,FIR-002500
ACC-03131,VEH-01104,registered,FIR-003605
ACC-03504,VEH-00057,registered,FIR-003217
ACC-01170,VEH-01236,registered,FIR-001316
ACC-03371,VEH-01069,registered,FIR-003510
ACC-01588,VEH-00618,registered,FIR-000417
ACC-01728,VEH-00003,registered,FIR-002763
ACC-04041,VEH-00225,registered,FIR-001439
ACC-01443,VEH-00599,registered,FIR-001005
ACC-02698,VEH-00161,registered,FIR-000278
ACC-03125,VEH-00107,registered,FIR-001359
ACC-02914,VEH-00914,used,FIR-002494
ACC-03237,VEH-00891,registered,FIR-003285
ACC-02030,VEH-00234,registered,FIR-001253
ACC-00826,VEH-00429,registered,FIR-000875
ACC-00896,VEH-00566,used,FIR-000574
ACC-00759,VEH-00713,registered,FIR-002254
ACC-02042,VEH-00222,registered,FIR-002645
ACC-04201,VEH-00211,registered,FIR-001394
ACC-04260,VEH-00218,registered,FIR-000322
ACC-00161,VEH-00045,registered,FIR-000811
ACC-00281,VEH-00495,registered,FIR-000738
ACC-03166,VEH-00833,registered,FIR-000893
ACC-00949,VEH-00995,used,FIR-002758
ACC-01009,VEH-00178,registered,FIR-003230
ACC-03985,VEH-01211,registered,FIR-003151
ACC-03341,VEH-00960,registered,FIR-001244
ACC-01235,VEH-00251,registered,FIR-000669
ACC-02473,VEH-00624,registered,FIR-002646
ACC-04036,VEH-01142,registered,FIR-000534
ACC-00842,VEH-00663,registered,FIR-000316
ACC-01333,VEH-00506,registered,FIR-000568
ACC-01893,VEH-00601,registered,FIR-001896
ACC-01958,VEH-00182,registered,FIR-002484
ACC-00993,VEH-01145,registered,FIR-000462
ACC-02695,VEH-01151,registered,FIR-003640
ACC-00275,VEH-00609,registered,FIR-001479
ACC-03218,VEH-01029,registered,FIR-001592
ACC-01622,VEH-01285,used,FIR-002368
ACC-03207,VEH-00674,used,FIR-002426
ACC-01944,VEH-01183,registered,FIR-000565
ACC-00471,VEH-00189,registered,FIR-003282
ACC-03257,VEH-00291,used,FIR-000042
ACC-04459,VEH-00459,registered,FIR-002068
ACC-01338,VEH-00696,registered,FIR-002235
ACC-03817,VEH-01219,registered,FIR-001747
ACC-02633,VEH-00108,registered,FIR-003558
ACC-00027,VEH-00191,used,FIR-003542
ACC-02470,VEH-00804,registered,FIR-001192
ACC-01171,VEH-00174,registered,FIR-001944
ACC-01853,VEH-00551,used,FIR-000337
ACC-02092,VEH-00205,registered,FIR-000688
ACC-03949,VEH-00282,registered,FIR-002816
ACC-03336,VEH-00353,registered,FIR-003066
ACC-03486,VEH-00075,registered,FIR-003414
ACC-00957,VEH-00650,registered,FIR-000187
ACC-04439,VEH-01244,registered,FIR-002403
ACC-03454,VEH-01014,registered,FIR-002432
ACC-02125,VEH-00383,used,FIR-001744
ACC-03882,VEH-00580,used,FIR-002386
ACC-00463,VEH-00247,registered,FIR-000506
ACC-00614,VEH-01039,registered,FIR-000451
ACC-00447,VEH-01242,registered,FIR-003302
ACC-00994,VEH-01107,registered,FIR-001762
ACC-04288,VEH-00279,registered,FIR-000535
ACC-02081,VEH-00446,registered,FIR-002041
ACC-02762,VEH-00248,registered,FIR-000905
ACC-01547,VEH-00324,registered,FIR-000530
ACC-01915,VEH-00399,registered,FIR-000914
ACC-03656,VEH-00367,registered,FIR-001073
ACC-03402,VEH-00502,registered,FIR-000138
ACC-02283,VEH-00261,registered,FIR-001868
ACC-02550,VEH-00053,registered,FIR-003718
ACC-03583,VEH-00160,registered,FIR-002435
ACC-01794,VEH-00127,registered,FIR-002243
ACC-03400,VEH-00764,registered,FIR-002985
ACC-00831,VEH-00339,registered,FIR-002376
ACC-03314,VEH-01276,registered,FIR-000093
ACC-00765,VEH-00231,registered,FIR-000778
ACC-04275,VEH-00589,registered,FIR-002726
ACC-04337,VEH-00349,registered,FIR-002070
ACC-01905,VEH-00373,used,FIR-002246
ACC-04004,VEH-00280,registered,FIR-002043
ACC-02780,VEH-01043,registered,FIR-002789
ACC-04309,VEH-00254,registered,FIR-003074
ACC-03629,VEH-01241,registered,FIR-002680
ACC-03529,VEH-00768,used,FIR-001288
ACC-02389,VEH-00202,registered,FIR-001950
ACC-02991,VEH-00562,registered,FIR-001616
ACC-00608,VEH-01297,registered,FIR-000863
ACC-03747,VEH-00004,registered,FIR-003266
ACC-01747,VEH-00522,registered,FIR-002050
ACC-01581,VEH-00835,used,FIR-001547
ACC-01551,VEH-00386,used,FIR-001022
ACC-03294,VEH-01188,registered,FIR-003385
ACC-01710,VEH-00573,registered,FIR-002448
ACC-04296,VEH-00113,registered,FIR-000999
ACC-01986,VEH-00996,used,FIR-003567
ACC-01496,VEH-01234,registered,FIR-001640
ACC-03652,VEH-00760,registered,FIR-003568
ACC-04166,VEH-01049,registered,FIR-000903
ACC-02052,VEH-00001,registered,FIR-002962
ACC-01906,VEH-00207,used,FIR-000537
ACC-01843,VEH-00786,registered,FIR-000107
ACC-04248,VEH-01199,used,FIR-001452
ACC-01660,VEH-00451,registered,FIR-003524
ACC-01749,VEH-00249,registered,FIR-000246
ACC-01650,VEH-00548,registered,FIR-001516
ACC-01351,VEH-00614,registered,FIR-001345
ACC-00097,VEH-00263,registered,FIR-003319
ACC-04176,VEH-00274,registered,FIR-001633
ACC-03325,VEH-01086,registered,FIR-000357
ACC-03074,VEH-00078,registered,FIR-000836
ACC-02817,VEH-01282,registered,FIR-001099
ACC-02570,VEH-00359,registered,FIR-003035
ACC-00623,VEH-00387,registered,FIR-000626
ACC-03655,VEH-00899,registered,FIR-002740
ACC-03844,VEH-00081,registered,FIR-003538
ACC-01066,VEH-00751,registered,FIR-002596
ACC-02330,VEH-00669,used,FIR-002649
ACC-00605,VEH-00742,registered,FIR-001793
ACC-01939,VEH-01148,registered,FIR-000961
ACC-04345,VEH-01221,registered,FIR-000273
ACC-00588,VEH-01173,registered,FIR-003617
ACC-02812,VEH-00304,registered,FIR-002084
ACC-03678,VEH-00569,used,FIR-002283
ACC-02025,VEH-00838,registered,FIR-000699
ACC-02034,VEH-00022,used,FIR-002058
ACC-04189,VEH-00633,registered,FIR-001077
ACC-00866,VEH-01101,registered,FIR-002124
ACC-02920,VEH-00796,registered,FIR-000440
ACC-02897,VEH-00122,registered,FIR-003114
ACC-00094,VEH-00035,registered,FIR-002904
ACC-03347,VEH-01095,registered,FIR-003242
ACC-02270,VEH-00951,registered,FIR-003389
ACC-01036,VEH-00391,registered,FIR-001156
ACC-00416,VEH-00485,used,FIR-003569
ACC-00490,VEH-00173,registered,FIR-002522
ACC-00561,VEH-00346,used,FIR-002958
ACC-02631,VEH-00473,registered,FIR-000928
ACC-03333,VEH-00073,registered,FIR-002322
ACC-02443,VEH-01016,registered,FIR-000554
ACC-02411,VEH-00552,registered,FIR-000843
ACC-02958,VEH-00308,registered,FIR-000219
ACC-01420,VEH-00377,registered,FIR-001393
ACC-01664,VEH-00364,registered,FIR-000814
ACC-02683,VEH-00012,registered,FIR-001025
ACC-01187,VEH-00787,registered,FIR-001403
ACC-01854,VEH-00676,registered,FIR-000666
ACC-00580,VEH-00098,used,FIR-001437
ACC-00142,VEH-01114,used,FIR-003167
ACC-01342,VEH-01169,registered,FIR-000228
ACC-03012,VEH-00651,registered,FIR-001625
ACC-00862,VEH-00176,registered,FIR-001770
ACC-00512,VEH-00281,used,FIR-000345
ACC-03170,VEH-00993,registered,FIR-000217
ACC-04170,VEH-00025,registered,FIR-002548
ACC-03979,VEH-00310,registered,FIR-000911
ACC-03396,VEH-00361,registered,FIR-000561
ACC-01083,VEH-00224,registered,FIR-001604
ACC-02493,VEH-00645,used,FIR-001197
ACC-03615,VEH-00954,used,FIR-002215
ACC-01421,VEH-00479,registered,FIR-001966
ACC-01686,VEH-00690,registered,FIR-001139
ACC-02997,VEH-01084,used,FIR-000059
ACC-01488,VEH-00457,registered,FIR-000702
ACC-01708,VEH-01007,used,FIR-002734
ACC-01056,VEH-00649,registered,FIR-001331
ACC-02402,VEH-00859,registered,FIR-003126
ACC-03367,VEH-01243,used,FIR-001171
ACC-01438,VEH-00826,registered,FIR-002137
ACC-03901,VEH-01171,used,FIR-002021
ACC-03464,VEH-00066,registered,FIR-000032
ACC-01250,VEH-01271,registered,FIR-001648
ACC-03756,VEH-01131,registered,FIR-002240
ACC-01558,VEH-01097,registered,FIR-000771
ACC-02120,VEH-00322,used,FIR-002029
ACC-03456,VEH-01245,used,FIR-000258
ACC-03039,VEH-00559,registered,FIR-003551
ACC-03548,VEH-00365,used,FIR-000456
ACC-02646,VEH-00945,used,FIR-002411
ACC-03262,VEH-00504,registered,FIR-002268
ACC-03147,VEH-00252,registered,FIR-002668
ACC-04362,VEH-00124,registered,FIR-000373
ACC-00523,VEH-01053,registered,FIR-001360
ACC-01062,VEH-01031,registered,FIR-002777
ACC-03434,VEH-00395,registered,FIR-001646
ACC-00025,VEH-00583,registered,FIR-002348
ACC-01227,VEH-00360,registered,FIR-000585
ACC-03211,VEH-00607,used,FIR-001554
ACC-03195,VEH-00193,registered,FIR-003560
ACC-04135,VEH-00928,used,FIR-002037
ACC-04141,VEH-00453,registered,FIR-001284
ACC-01118,VEH-00623,registered,FIR-002475
ACC-03830,VEH-00460,registered,FIR-003332
ACC-03824,VEH-00306,registered,FIR-000527
ACC-01752,VEH-01168,registered,FIR-002190
ACC-00514,VEH-01092,registered,FIR-003496
ACC-02325,VEH-00262,registered,FIR-002151
ACC-03214,VEH-00059,registered,FIR-002197
ACC-04091,VEH-00016,registered,FIR-003386
ACC-00628,VEH-00371,registered,FIR-000011
ACC-04239,VEH-00588,registered,FIR-002541
ACC-03188,VEH-00982,used,FIR-003051
ACC-02349,VEH-00537,registered,FIR-002261
ACC-03343,VEH-00679,used,FIR-001904
ACC-02834,VEH-01184,registered,FIR-000766
ACC-00040,VEH-00767,used,FIR-000971
ACC-01957,VEH-00024,registered,FIR-000465
ACC-04103,VEH-01139,registered,FIR-001285
ACC-02444,VEH-01026,used,FIR-000936
ACC-04334,VEH-00590,registered,FIR-002448
ACC-02324,VEH-01067,registered,FIR-000608
ACC-01923,VEH-01070,registered,FIR-002514
ACC-01695,VEH-00955,registered,FIR-002849
ACC-00215,VEH-00783,used,FIR-000910
ACC-00959,VEH-00625,registered,FIR-000921
ACC-00565,VEH-00749,registered,FIR-003421
ACC-02164,VEH-00047,registered,FIR-002556
ACC-03226,VEH-00083,registered,FIR-003645
ACC-00554,VEH-00416,registered,FIR-001612
ACC-01178,VEH-00132,registered,FIR-002309
ACC-01946,VEH-00827,registered,FIR-000711
ACC-03169,VEH-00237,registered,FIR-001701
ACC-04218,VEH-00600,registered,FIR-001734
ACC-01321,VEH-00056,registered,FIR-001094
ACC-02390,VEH-00837,registered,FIR-002679
ACC-00887,VEH-01146,used,FIR-000299
ACC-03275,VEH-00984,used,FIR-002147
ACC-03120,VEH-00620,registered,FIR-002308
ACC-01805,VEH-00514,registered,FIR-001158
ACC-03239,VEH-00772,registered,FIR-002568
ACC-02409,VEH-01078,used,FIR-000478
ACC-04405,VEH-00156,registered,FIR-002696
ACC-00635,VEH-00873,used,FIR-000994
ACC-01618,VEH-00920,used,FIR-002959
ACC-01276,VEH-01138,registered,FIR-000935
ACC-00462,VEH-00605,registered,FIR-001458
ACC-01649,VEH-01023,used,FIR-003431
ACC-02361,VEH-00842,registered,FIR-002249
ACC-04331,VEH-00701,registered,FIR-000551
ACC-01806,VEH-00242,registered,FIR-002467
ACC-00434,VEH-01177,registered,FIR-003055
ACC-03920,VEH-00232,registered,FIR-002928
ACC-01773,VEH-00942,used,FIR-000304
ACC-00796,VEH-01293,registered,FIR-002200
ACC-03781,VEH-00689,used,FIR-003638
ACC-01821,VEH-01115,registered,FIR-001377
ACC-00424,VEH-01052,used,FIR-000343
ACC-04383,VEH-00617,registered,FIR-003217
ACC-00619,VEH-00369,registered,FIR-002561
ACC-02070,VEH-00040,registered,FIR-001904
ACC-02923,VEH-00188,registered,FIR-000391
ACC-01026,VEH-01194,registered,FIR-002100
ACC-03383,VEH-01153,registered,FIR-000218
ACC-04266,VEH-01071,used,FIR-001329
ACC-03414,VEH-00065,registered,FIR-000512
ACC-04277,VEH-00987,registered,FIR-002005
ACC-04384,VEH-00330,registered,FIR-002881
ACC-01076,VEH-00476,used,FIR-002815
ACC-02502,VEH-00549,registered,FIR-000621
ACC-02948,VEH-00591,registered,FIR-000511
ACC-02212,VEH-00670,registered,FIR-002912
ACC-01949,VEH-00950,registered,FIR-000484
ACC-03599,VEH-00876,registered,FIR-000654
ACC-02621,VEH-00390,registered,FIR-001098
ACC-01367,VEH-00930,used,FIR-001449
ACC-00592,VEH-01277,used,FIR-000139
ACC-00135,VEH-01062,registered,FIR-001392
ACC-03142,VEH-01055,registered,FIR-002397
ACC-01976,VEH-01264,registered,FIR-001298
ACC-02198,VEH-00692,registered,FIR-002634
ACC-02989,VEH-01040,registered,FIR-003151
ACC-04146,VEH-01111,registered,FIR-001672
ACC-04293,VEH-01033,registered,FIR-003224
ACC-02152,VEH-00869,registered,FIR-001052
ACC-01267,VEH-00997,registered,FIR-001320
ACC-00527,VEH-00172,used,FIR-000592
ACC-00687,VEH-01205,registered,FIR-001559
ACC-04263,VEH-00332,used,FIR-000452
ACC-01384,VEH-00852,registered,FIR-002447
ACC-00578,VEH-00747,registered,FIR-000112
ACC-00721,VEH-00847,registered,FIR-001580
ACC-00063,VEH-00340,registered,FIR-002466
ACC-01653,VEH-00083,used,FIR-003483
ACC-01252,VEH-00416,registered,FIR-002026
ACC-04032,VEH-00132,registered,FIR-002067
ACC-00651,VEH-00827,registered,FIR-003027
ACC-00197,VEH-00237,used,FIR-001028
ACC-03575,VEH-00600,registered,FIR-001828
ACC-02657,VEH-00056,registered,FIR-000006
ACC-02839,VEH-00837,registered,FIR-001226
ACC-03966,VEH-01146,registered,FIR-001595
ACC-03592,VEH-00984,used,FIR-000274
ACC-02538,VEH-00620,registered,FIR-001131
ACC-03187,VEH-00514,registered,FIR-002918
ACC-03627,VEH-00772,registered,FIR-003351
ACC-03112,VEH-01078,used,FIR-003609
ACC-02382,VEH-00156,registered,FIR-002438
ACC-03939,VEH-00873,registered,FIR-000432
ACC-02875,VEH-00920,registered,FIR-003135
ACC-04289,VEH-01138,registered,FIR-001778
ACC-03544,VEH-00605,registered,FIR-000943
ACC-01498,VEH-01023,used,FIR-000792
ACC-01093,VEH-00842,used,FIR-003291
ACC-03288,VEH-00701,registered,FIR-003589
ACC-00600,VEH-00242,used,FIR-003177
ACC-02175,VEH-01177,registered,FIR-002280
ACC-04299,VEH-00232,registered,FIR-001268
ACC-04192,VEH-00942,registered,FIR-001460
ACC-03304,VEH-01293,registered,FIR-000200
ACC-00144,VEH-00689,registered,FIR-002655
ACC-03514,VEH-01115,registered,FIR-002789
ACC-02754,VEH-01052,used,FIR-003250
ACC-03594,VEH-00617,registered,FIR-000350
ACC-01703,VEH-00369,registered,FIR-000706
ACC-02770,VEH-00040,registered,FIR-003667
ACC-01716,VEH-00188,used,FIR-000783
ACC-02903,VEH-01194,registered,FIR-003300
ACC-01427,VEH-01153,registered,FIR-000457
ACC-04198,VEH-01071,registered,FIR-001440
ACC-00344,VEH-00065,registered,FIR-000468
