witness_id,fir_id,statement_date,statement_reliability
WIT-00896,FIR-002867,2024-04-19,HIGH
WIT-00927,FIR-002867,2024-04-26,LOW
WIT-01021,FIR-003017,2024-09-26,HIGH
WIT-01264,FIR-000849,2025-07-23,LOW
WIT-00182,FIR-000849,2025-07-16,HIGH
WIT-00659,FIR-001018,2022-07-27,HIGH
WIT-00748,FIR-002041,2023-07-08,HIGH
WIT-00668,FIR-001685,2024-07-26,LOW
WIT-00522,FIR-001685,2024-07-17,HIGH
WIT-00073,FIR-002051,2023-12-18,HIGH
WIT-00520,FIR-001827,2023-01-27,MEDIUM
WIT-00480,FIR-000037,2022-08-05,MEDIUM
WIT-00757,FIR-001370,2021-08-23,MEDIUM
WIT-00040,FIR-001370,2021-08-22,HIGH
WIT-00347,FIR-002841,2023-10-21,LOW
WIT-01167,FIR-002069,2024-09-08,HIGH
WIT-00394,FIR-003189,2024-11-10,HIGH
WIT-00986,FIR-000048,2022-12-10,LOW
WIT-00020,FIR-000048,2022-12-10,MEDIUM
WIT-01098,FIR-002005,2022-01-15,MEDIUM
WIT-00490,FIR-002371,2021-12-17,HIGH
WIT-00431,FIR-000271,2022-04-13,LOW
WIT-00282,FIR-003107,2024-12-20,HIGH
WIT-00402,FIR-000184,2023-08-13,MEDIUM
WIT-00292,FIR-002573,2023-11-06,HIGH
WIT-01280,FIR-003288,2025-09-18,HIGH
WIT-01283,FIR-003088,2023-11-03,HIGH
WIT-01277,FIR-003088,2023-11-08,HIGH
WIT-00607,FIR-001657,2023-06-08,MEDIUM
WIT-00025,FIR-003462,2025-11-19,HIGH
WIT-00897,FIR-002627,2021-12-29,HIGH
WIT-00824,FIR-001489,2023-11-20,HIGH
WIT-00774,FIR-000488,2021-02-23,MEDIUM
WIT-00333,FIR-000488,2021-02-26,HIGH
WIT-00342,FIR-003631,2025-10-23,MEDIUM
WIT-01141,FIR-000123,2021-02-07,LOW
WIT-01171,FIR-000123,2021-02-06,HIGH
WIT-00041,FIR-003354,2024-09-09,HIGH
WIT-00862,FIR-003354,2024-09-04,LOW
WIT-01360,FIR-001751,2021-08-16,MEDIUM
WIT-01462,FIR-001095,2025-11-02,HIGH
WIT-01302,FIR-000168,2022-12-05,LOW
WIT-01211,FIR-000168,2022-12-01,HIGH
WIT-01422,FIR-002032,2023-02-25,MEDIUM
WIT-01345,FIR-000147,2022-02-17,MEDIUM
WIT-00700,FIR-001864,2023-10-10,HIGH
WIT-00076,FIR-002162,2024-10-01,HIGH
WIT-00245,FIR-000840,2025-02-26,HIGH
WIT-00755,FIR-000840,2025-02-20,LOW
WIT-00507,FIR-003119,2025-09-10,HIGH
WIT-01158,FIR-003119,2025-09-11,MEDIUM
WIT-00956,FIR-002204,2022-02-11,MEDIUM
WIT-00029,FIR-002204,2022-02-09,HIGH
WIT-00214,FIR-002789,2022-10-11,HIGH
WIT-01269,FIR-002644,2022-12-30,LOW
WIT-00604,FIR-001235,2021-08-19,HIGH
WIT-00616,FIR-001808,2022-09-29,HIGH
WIT-00997,FIR-001808,2022-09-27,HIGH
WIT-00969,FIR-002175,2025-07-31,HIGH
WIT-00564,FIR-002994,2023-05-12,HIGH
WIT-00170,FIR-001102,2021-01-12,LOW
WIT-00486,FIR-002099,2025-12-16,MEDIUM
WIT-00661,FIR-000804,2023-08-15,HIGH
WIT-00198,FIR-000804,2023-08-18,HIGH
WIT-00973,FIR-003300,2021-06-02,HIGH
WIT-00326,FIR-000044,2022-10-07,HIGH
WIT-01311,FIR-000934,2024-01-13,HIGH
WIT-00123,FIR-001042,2023-07-09,HIGH
WIT-01065,FIR-002120,2022-03-21,HIGH
WIT-00662,FIR-003447,2024-12-25,MEDIUM
WIT-01186,FIR-003447,2024-12-22,HIGH
WIT-00901,FIR-003149,2022-07-16,HIGH
WIT-00937,FIR-003149,2022-07-21,HIGH
WIT-00762,FIR-001439,2022-11-20,HIGH
WIT-00964,FIR-001439,2022-11-29,HIGH
WIT-01191,FIR-001895,2024-05-05,MEDIUM
WIT-00846,FIR-001895,2024-05-11,MEDIUM
WIT-00006,FIR-000873,2021-07-03,MEDIUM
WIT-00833,FIR-000873,2021-07-03,HIGH
WIT-00260,FIR-001773,2022-01-21,MEDIUM
WIT-00139,FIR-003548,2025-11-30,HIGH
WIT-00276,FIR-001346,2021-03-05,HIGH
WIT-01218,FIR-001346,2021-02-27,MEDIUM
WIT-00835,FIR-002704,2021-03-06,MEDIUM
WIT-00266,FIR-001167,2023-10-13,HIGH
WIT-00417,FIR-002827,2023-07-20,HIGH
WIT-01299,FIR-002827,2023-07-26,LOW
WIT-00273,FIR-002779,2022-08-23,LOW
WIT-01324,FIR-002779,2022-08-21,HIGH
WIT-00821,FIR-000030,2022-03-25,MEDIUM
WIT-00695,FIR-003556,2021-06-08,HIGH
WIT-00718,FIR-003556,2021-06-10,HIGH
WIT-01003,FIR-001193,2024-11-28,MEDIUM
WIT-00608,FIR-003595,2023-09-13,LOW
WIT-00080,FIR-001075,2024-12-04,HIGH
WIT-00686,FIR-001075,2024-12-02,MEDIUM
WIT-00465,FIR-002541,2021-12-21,HIGH
WIT-00063,FIR-000530,2021-12-13,HIGH
WIT-00784,FIR-001963,2025-09-05,MEDIUM
WIT-01062,FIR-000757,2021-09-20,HIGH
WIT-01380,FIR-002106,2021-06-24,LOW
WIT-00005,FIR-002106,2021-06-18,MEDIUM
WIT-00351,FIR-000237,2025-11-08,MEDIUM
WIT-01468,FIR-002517,2025-08-22,HIGH
WIT-00933,FIR-000041,2022-10-02,HIGH
WIT-01294,FIR-000041,2022-09-24,HIGH
WIT-01196,FIR-000775,2022-06-18,LOW
WIT-00890,FIR-000483,2021-01-28,HIGH
WIT-01481,FIR-003551,2021-01-30,HIGH
WIT-00783,FIR-001851,2023-07-19,MEDIUM
WIT-00672,FIR-002270,2025-12-11,HIGH
WIT-00915,FIR-003560,2021-09-29,HIGH
WIT-00263,FIR-003356,2024-09-27,HIGH
WIT-01480,FIR-002073,2024-11-28,MEDIUM
WIT-00752,FIR-001003,2021-12-13,MEDIUM
WIT-00626,FIR-003244,2022-12-26,MEDIUM
WIT-00572,FIR-002717,2021-06-25,HIGH
WIT-01074,FIR-002717,2021-06-21,MEDIUM
WIT-01426,FIR-003219,2021-08-13,MEDIUM
WIT-01332,FIR-003219,2021-08-08,LOW
WIT-00496,FIR-001598,2025-12-21,HIGH
WIT-01424,FIR-003292,2025-12-02,HIGH
WIT-00931,FIR-001050,2023-11-09,HIGH
WIT-00306,FIR-001007,2022-02-08,MEDIUM
WIT-00177,FIR-003029,2025-06-09,LOW
WIT-00497,FIR-000339,2025-02-13,LOW
WIT-00053,FIR-000339,2025-02-11,MEDIUM
WIT-00518,FIR-001754,2021-09-14,HIGH
WIT-01054,FIR-002018,2022-07-07,HIGH
WIT-00027,FIR-003049,2021-08-16,HIGH
WIT-00181,FIR-003049,2021-08-11,HIGH
WIT-00738,FIR-002127,2022-09-30,LOW
WIT-01290,FIR-002127,2022-10-10,HIGH
WIT-01116,FIR-001334,2025-10-08,LOW
WIT-00971,FIR-003057,2021-12-07,MEDIUM
WIT-00633,FIR-003057,2021-12-08,MEDIUM
WIT-01138,FIR-002557,2022-11-26,LOW
WIT-00938,FIR-002059,2024-04-14,HIGH
WIT-00023,FIR-002059,2024-04-14,MEDIUM
WIT-01023,FIR-003395,2021-11-15,HIGH
WIT-00753,FIR-001094,2025-09-11,MEDIUM
WIT-01000,FIR-001070,2024-09-18,MEDIUM
WIT-01120,FIR-003689,2024-04-02,HIGH
WIT-01004,FIR-000171,2023-02-18,MEDIUM
WIT-00857,FIR-000171,2023-02-15,HIGH
WIT-00959,FIR-002257,2025-04-05,MEDIUM
WIT-01400,FIR-002302,2022-11-19,MEDIUM
WIT-01285,FIR-002700,2021-02-15,HIGH
WIT-00772,FIR-002700,2021-02-13,HIGH
WIT-00078,FIR-002346,2025-08-10,HIGH
WIT-00415,FIR-001293,2024-01-28,MEDIUM
WIT-00105,FIR-001293,2024-01-27,HIGH
WIT-01077,FIR-003042,2021-02-24,HIGH
WIT-00031,FIR-002407,2024-01-09,LOW
WIT-00724,FIR-000884,2021-12-20,MEDIUM
WIT-00455,FIR-000884,2021-12-27,HIGH
WIT-00149,FIR-000099,2025-02-14,HIGH
WIT-00511,FIR-000099,2025-02-17,HIGH
WIT-00179,FIR-000819,2024-04-20,HIGH
WIT-00275,FIR-000763,2021-12-26,HIGH
WIT-01251,FIR-002563,2023-04-08,HIGH
WIT-00056,FIR-000138,2021-09-23,LOW
WIT-01018,FIR-001889,2024-04-05,MEDIUM
WIT-00710,FIR-001889,2024-04-09,MEDIUM
WIT-00096,FIR-002566,2023-07-08,HIGH
WIT-00902,FIR-001523,2024-07-16,MEDIUM
WIT-00747,FIR-001785,2022-04-25,HIGH
WIT-01375,FIR-000021,2021-11-07,HIGH
WIT-00868,FIR-003461,2025-10-17,HIGH
WIT-00501,FIR-002922,2025-05-26,HIGH
WIT-01040,FIR-002922,2025-05-28,HIGH
WIT-00687,FIR-003379,2025-12-26,LOW
WIT-01214,FIR-003379,2025-12-29,HIGH
WIT-01303,FIR-001402,2022-03-30,HIGH
WIT-01449,FIR-000633,2023-12-31,HIGH
WIT-00229,FIR-001734,2021-04-17,HIGH
WIT-01097,FIR-002537,2021-10-27,HIGH
WIT-00863,FIR-002560,2023-01-23,LOW
WIT-01089,FIR-003200,2025-07-26,HIGH
WIT-00377,FIR-003200,2025-07-24,MEDIUM
WIT-00975,FIR-000222,2025-03-12,HIGH
WIT-00460,FIR-000509,2021-08-24,HIGH
WIT-00940,FIR-003045,2021-05-11,HIGH
WIT-00135,FIR-003045,2021-05-13,MEDIUM
WIT-01011,FIR-001482,2023-09-03,HIGH
WIT-00653,FIR-001482,2023-09-05,HIGH
WIT-00336,FIR-000652,2024-04-09,HIGH
WIT-01243,FIR-000652,2024-04-17,HIGH
WIT-00380,FIR-000847,2025-06-15,HIGH
WIT-01488,FIR-003414,2023-01-09,HIGH
WIT-00843,FIR-002659,2023-12-01,MEDIUM
WIT-01072,FIR-002659,2023-12-10,MEDIUM
WIT-00589,FIR-000155,2022-06-07,MEDIUM
WIT-01288,FIR-000534,2022-01-11,MEDIUM
WIT-01453,FIR-002487,2023-10-16,HIGH
WIT-00932,FIR-002450,2021-09-21,MEDIUM
WIT-00613,FIR-002697,2021-01-12,MEDIUM
WIT-01350,FIR-002550,2022-09-04,HIGH
WIT-00893,FIR-001648,2022-12-30,LOW
WIT-00164,FIR-001561,2025-04-23,MEDIUM
WIT-00899,FIR-001561,2025-04-19,MEDIUM
WIT-01206,FIR-000803,2023-08-24,HIGH
WIT-00545,FIR-000897,2022-08-07,HIGH
WIT-00299,FIR-000088,2024-09-05,MEDIUM
WIT-00984,FIR-002460,2022-03-09,LOW
WIT-01272,FIR-003370,2025-07-08,MEDIUM
WIT-01304,FIR-000677,2024-10-11,HIGH
WIT-01045,FIR-001008,2022-02-08,LOW
WIT-01295,FIR-001008,2022-02-08,MEDIUM
WIT-00499,FIR-001468,2023-06-24,HIGH
WIT-01025,FIR-003481,2021-12-28,MEDIUM
WIT-00967,FIR-001637,2022-08-01,LOW
WIT-01007,FIR-001445,2023-01-21,HIGH
WIT-00021,FIR-001445,2023-01-19,HIGH
WIT-01232,FIR-001085,2025-05-05,LOW
WIT-00425,FIR-000014,2021-07-23,LOW
WIT-00231,FIR-003633,2025-11-01,MEDIUM
WIT-01479,FIR-000121,2021-01-13,MEDIUM
WIT-01142,FIR-001803,2022-08-06,MEDIUM
WIT-01281,FIR-001803,2022-08-07,HIGH
WIT-00386,FIR-002447,2021-07-22,MEDIUM
WIT-01037,FIR-002633,2022-07-06,HIGH
WIT-00972,FIR-002430,2025-08-01,HIGH
WIT-01046,FIR-002430,2025-08-01,HIGH
WIT-01202,FIR-000481,2021-01-22,HIGH
WIT-01107,FIR-000481,2021-01-30,LOW
WIT-00114,FIR-003291,2025-10-28,LOW
WIT-01060,FIR-001447,2023-02-06,MEDIUM
WIT-01486,FIR-001128,2022-02-16,LOW
WIT-00189,FIR-003298,2021-03-20,HIGH
WIT-01123,FIR-003256,2023-10-25,HIGH
WIT-00553,FIR-003256,2023-11-02,MEDIUM
WIT-00514,FIR-003448,2025-01-01,MEDIUM
WIT-00207,FIR-000247,2021-04-11,HIGH
WIT-01344,FIR-003295,2025-12-14,HIGH
WIT-00390,FIR-000738,2025-12-25,LOW
WIT-01134,FIR-002797,2022-12-31,MEDIUM
WIT-01331,FIR-001897,2024-06-29,HIGH
WIT-00325,FIR-000854,2025-09-27,LOW
WIT-01225,FIR-000854,2025-10-05,HIGH
WIT-01425,FIR-000670,2024-09-15,MEDIUM
WIT-00259,FIR-000670,2024-09-13,MEDIUM
WIT-01069,FIR-000106,2025-05-31,MEDIUM
WIT-00795,FIR-000106,2025-05-30,LOW
WIT-00215,FIR-000482,2021-01-22,LOW
WIT-00360,FIR-000598,2023-04-26,LOW
WIT-01404,FIR-003701,2024-11-17,LOW
WIT-01382,FIR-002496,2024-05-11,LOW
WIT-00052,FIR-002496,2024-05-10,MEDIUM
WIT-01020,FIR-001464,2023-05-13,MEDIUM
WIT-00778,FIR-000881,2021-11-21,HIGH
WIT-00579,FIR-000383,2021-12-19,LOW
WIT-00925,FIR-000383,2021-12-20,MEDIUM
WIT-00618,FIR-002288,2022-01-09,MEDIUM
WIT-00733,FIR-002288,2022-01-06,MEDIUM
WIT-00951,FIR-001337,2025-12-04,HIGH
WIT-01183,FIR-001337,2025-12-08,LOW
WIT-01137,FIR-000018,2021-09-23,MEDIUM
WIT-00109,FIR-000091,2024-11-03,LOW
WIT-01300,FIR-000091,2024-11-08,HIGH
WIT-00246,FIR-001197,2025-01-26,HIGH
WIT-01271,FIR-000525,2021-11-13,MEDIUM
WIT-00257,FIR-000822,2024-05-22,HIGH
WIT-00660,FIR-000322,2024-05-29,HIGH
WIT-00629,FIR-000322,2024-05-22,MEDIUM
WIT-00649,FIR-002721,2021-07-29,HIGH
WIT-01166,FIR-002178,2025-09-30,MEDIUM
WIT-00891,FIR-000574,2022-10-31,MEDIUM
WIT-01459,FIR-003720,2025-12-19,MEDIUM
WIT-01477,FIR-003720,2025-12-10,HIGH
WIT-00274,FIR-000160,2022-08-25,LOW
WIT-00209,FIR-000160,2022-08-17,LOW
WIT-00505,FIR-003106,2024-11-08,HIGH
WIT-00304,FIR-002838,2023-10-23,HIGH
WIT-00408,FIR-003500,2023-01-12,HIGH
WIT-01433,FIR-001575,2025-07-22,MEDIUM
WIT-00359,FIR-001575,2025-07-25,MEDIUM
WIT-00751,FIR-002119,2022-02-10,HIGH
WIT-00746,FIR-002119,2022-02-06,LOW
WIT-00357,FIR-000518,2021-09-26,MEDIUM
WIT-00239,FIR-003309,2021-11-21,MEDIUM
WIT-00721,FIR-000228,2025-07-05,HIGH
WIT-00804,FIR-000228,2025-06-26,HIGH
WIT-00367,FIR-001233,2021-07-13,MEDIUM
WIT-00060,FIR-002165,2024-11-21,HIGH
WIT-01392,FIR-002165,2024-11-26,HIGH
WIT-01436,FIR-000510,2021-08-13,HIGH
WIT-00808,FIR-003203,2025-10-02,LOW
WIT-00923,FIR-002840,2023-10-12,HIGH
WIT-00355,FIR-000134,2021-07-12,HIGH
WIT-01071,FIR-002321,2023-12-17,MEDIUM
WIT-00814,FIR-000973,2025-09-29,HIGH
WIT-01180,FIR-000230,2025-07-14,HIGH
WIT-00684,FIR-000230,2025-07-12,HIGH
WIT-00433,FIR-001420,2022-07-14,MEDIUM
WIT-00241,FIR-001218,2025-11-17,HIGH
WIT-00533,FIR-002174,2025-06-01,MEDIUM
WIT-01217,FIR-001180,2024-04-26,MEDIUM
WIT-00082,FIR-002904,2025-01-20,LOW
WIT-01484,FIR-001837,2023-04-28,LOW
WIT-00758,FIR-001837,2023-04-25,MEDIUM
WIT-00976,FIR-000891,2022-04-12,LOW
WIT-00851,FIR-000891,2022-04-14,MEDIUM
WIT-00261,FIR-002115,2021-11-28,LOW
WIT-01384,FIR-001471,2023-08-03,LOW
WIT-00745,FIR-001817,2022-11-13,HIGH
WIT-00905,FIR-003099,2024-08-13,HIGH
WIT-00332,FIR-003378,2025-11-09,HIGH
WIT-00157,FIR-001989,2021-05-21,HIGH
WIT-01104,FIR-002458,2022-01-10,LOW
WIT-00327,FIR-001832,2023-02-02,LOW
WIT-00944,FIR-000838,2025-01-11,HIGH
WIT-00429,FIR-000838,2025-01-05,HIGH
WIT-00683,FIR-002404,2023-11-24,LOW
WIT-01043,FIR-003324,2022-10-25,MEDIUM
WIT-00934,FIR-003324,2022-10-25,HIGH
WIT-00346,FIR-002153,2024-02-24,MEDIUM
WIT-00352,FIR-003066,2022-08-15,HIGH
WIT-01372,FIR-000616,2023-08-21,LOW
WIT-00974,FIR-001110,2021-05-29,HIGH
WIT-00622,FIR-001110,2021-06-04,MEDIUM
WIT-01386,FIR-003404,2022-07-17,MEDIUM
WIT-00601,FIR-003404,2022-07-17,HIGH
WIT-00449,FIR-002936,2025-09-07,MEDIUM
WIT-00697,FIR-002936,2025-08-28,HIGH
WIT-00436,FIR-001350,2021-04-03,LOW
WIT-01319,FIR-002614,2021-04-19,HIGH
WIT-01017,FIR-002614,2021-04-17,MEDIUM
WIT-01115,FIR-002785,2022-09-24,MEDIUM
WIT-00014,FIR-001342,2021-01-08,HIGH
WIT-00813,FIR-000970,2025-07-12,HIGH
WIT-00370,FIR-000970,2025-07-10,HIGH
WIT-00247,FIR-002156,2024-05-14,LOW
WIT-00176,FIR-003400,2022-03-11,HIGH
WIT-00403,FIR-000430,2023-11-02,HIGH
WIT-00983,FIR-001535,2024-11-07,HIGH
WIT-00836,FIR-001535,2024-11-02,HIGH
WIT-00322,FIR-000347,2025-06-30,HIGH
WIT-00160,FIR-002195,2021-09-26,HIGH
WIT-00470,FIR-002195,2021-09-20,HIGH
WIT-01256,FIR-000643,2024-02-10,HIGH
WIT-01448,FIR-000643,2024-02-17,HIGH
WIT-00358,FIR-001991,2021-06-21,LOW
WIT-01427,FIR-000596,2023-04-07,MEDIUM
WIT-00050,FIR-002780,2022-09-02,HIGH
WIT-00427,FIR-000770,2022-03-28,LOW
WIT-00711,FIR-000770,2022-03-26,HIGH
WIT-01273,FIR-003133,2021-08-10,HIGH
WIT-00045,FIR-002111,2021-09-30,HIGH
WIT-00678,FIR-002111,2021-09-26,MEDIUM
WIT-00623,FIR-000566,2022-09-11,HIGH
WIT-00877,FIR-000566,2022-09-05,HIGH
WIT-00708,FIR-001789,2022-05-28,MEDIUM
WIT-00999,FIR-001789,2022-06-01,HIGH
WIT-01340,FIR-001125,2022-02-03,MEDIUM
WIT-01013,FIR-000539,2022-02-10,HIGH
WIT-00531,FIR-003480,2021-11-09,HIGH
WIT-00129,FIR-001455,2023-03-11,HIGH
WIT-00577,FIR-000404,2022-10-21,HIGH
WIT-00434,FIR-002067,2024-09-06,HIGH
WIT-00094,FIR-001407,2022-04-02,HIGH
WIT-00145,FIR-001407,2022-04-06,HIGH
WIT-00366,FIR-003646,2021-10-05,MEDIUM
WIT-00889,FIR-001485,2023-10-12,MEDIUM
WIT-00666,FIR-001496,2023-12-16,HIGH
WIT-01088,FIR-002649,2023-05-31,HIGH
WIT-00582,FIR-001913,2024-10-03,HIGH
WIT-01207,FIR-002809,2023-03-05,MEDIUM
WIT-00313,FIR-001716,2025-10-22,HIGH
WIT-00115,FIR-001716,2025-10-21,MEDIUM
WIT-00576,FIR-003171,2023-10-27,MEDIUM
WIT-00039,FIR-002163,2024-11-05,MEDIUM
WIT-00459,FIR-003209,2025-12-17,LOW
WIT-01019,FIR-002155,2024-04-13,HIGH
WIT-01289,FIR-002155,2024-04-07,MEDIUM
WIT-00968,FIR-002710,2021-04-01,HIGH
WIT-00059,FIR-002710,2021-04-09,HIGH
WIT-00840,FIR-002965,2021-09-13,MEDIUM
WIT-00422,FIR-000325,2024-07-05,HIGH
WIT-01050,FIR-001379,2021-10-15,HIGH
WIT-00559,FIR-001379,2021-10-20,MEDIUM
WIT-00311,FIR-001387,2021-11-24,HIGH
WIT-00801,FIR-002424,2025-02-01,MEDIUM
WIT-00103,FIR-002424,2025-02-08,HIGH
WIT-01398,FIR-000169,2023-01-23,LOW
WIT-00067,FIR-000169,2023-01-17,HIGH
WIT-01238,FIR-000999,2021-10-30,HIGH
WIT-00489,FIR-000220,2025-02-10,HIGH
WIT-00092,FIR-002103,2021-04-03,HIGH
WIT-00841,FIR-000508,2021-08-05,LOW
WIT-00855,FIR-002356,2021-01-21,MEDIUM
WIT-01334,FIR-003587,2023-03-09,LOW
WIT-00993,FIR-002982,2022-09-18,HIGH
WIT-00550,FIR-002977,2022-05-08,HIGH
WIT-00658,FIR-003403,2022-06-02,HIGH
WIT-01199,FIR-002542,2021-12-07,HIGH
WIT-00178,FIR-001345,2021-02-28,MEDIUM
WIT-01457,FIR-001243,2021-12-31,LOW
WIT-00440,FIR-001073,2024-11-25,MEDIUM
WIT-00305,FIR-001073,2024-11-19,HIGH
WIT-00675,FIR-003039,2026-01-05,HIGH
WIT-01087,FIR-003039,2026-01-03,HIGH
WIT-00474,FIR-002056,2024-03-07,MEDIUM
WIT-00492,FIR-001858,2023-09-26,MEDIUM
WIT-00957,FIR-001858,2023-09-21,MEDIUM
WIT-00432,FIR-001588,2025-10-19,HIGH
WIT-00037,FIR-001588,2025-10-22,MEDIUM
WIT-00539,FIR-000424,2023-09-07,MEDIUM
WIT-00594,FIR-000424,2023-09-09,HIGH
WIT-00404,FIR-002766,2022-06-01,HIGH
WIT-00876,FIR-003274,2024-11-10,HIGH
WIT-00108,FIR-003430,2024-01-02,MEDIUM
WIT-01458,FIR-000062,2023-07-22,MEDIUM
WIT-01396,FIR-003485,2022-03-29,HIGH
WIT-00250,FIR-003485,2022-03-21,HIGH
WIT-00244,FIR-002903,2024-12-27,MEDIUM
WIT-00253,FIR-002903,2024-12-28,MEDIUM
WIT-00807,FIR-003122,2025-11-16,MEDIUM
WIT-00645,FIR-001205,2025-05-23,HIGH
WIT-00237,FIR-002100,2025-12-16,LOW
WIT-00205,FIR-002271,2021-02-07,LOW
WIT-01066,FIR-002271,2021-01-31,HIGH
WIT-01241,FIR-001154,2023-03-16,MEDIUM
WIT-00255,FIR-002397,2023-08-24,HIGH
WIT-00588,FIR-002397,2023-09-01,HIGH
WIT-00173,FIR-003625,2025-08-01,HIGH
WIT-00811,FIR-000472,2025-08-07,HIGH
WIT-01456,FIR-002921,2025-05-31,LOW
WIT-00640,FIR-002921,2025-05-31,MEDIUM
WIT-01408,FIR-001333,2025-09-30,HIGH
WIT-00391,FIR-003020,2024-12-01,MEDIUM
WIT-01200,FIR-003020,2024-12-07,HIGH
WIT-01298,FIR-000125,2021-04-04,LOW
WIT-00102,FIR-002091,2025-08-18,HIGH
WIT-01001,FIR-002091,2025-08-16,HIGH
WIT-00630,FIR-002344,2025-07-06,HIGH
WIT-01151,FIR-002344,2025-06-29,MEDIUM
WIT-01245,FIR-000558,2022-07-03,MEDIUM
WIT-01475,FIR-000558,2022-07-08,MEDIUM
WIT-00521,FIR-002681,2025-03-23,MEDIUM
WIT-00086,FIR-001046,2023-09-12,HIGH
WIT-01010,FIR-001181,2024-05-22,MEDIUM
WIT-00823,FIR-001181,2024-05-16,HIGH
WIT-00776,FIR-001668,2023-11-08,HIGH
WIT-00467,FIR-002916,2025-05-05,LOW
WIT-00548,FIR-002916,2025-05-07,MEDIUM
WIT-00555,FIR-001190,2024-09-13,HIGH
WIT-00283,FIR-003428,2023-11-19,MEDIUM
WIT-01444,FIR-003498,2022-12-12,MEDIUM
WIT-01208,FIR-003498,2022-12-04,MEDIUM
WIT-00542,FIR-001362,2021-07-02,HIGH
WIT-01326,FIR-000110,2025-07-20,HIGH
WIT-00500,FIR-001818,2022-11-16,HIGH
WIT-00174,FIR-001692,2024-10-21,HIGH
WIT-00502,FIR-001692,2024-10-24,MEDIUM
WIT-01079,FIR-002440,2025-12-20,MEDIUM
WIT-00770,FIR-001480,2023-09-12,MEDIUM
WIT-00043,FIR-003496,2022-11-07,HIGH
WIT-00049,FIR-003211,2021-01-19,HIGH
WIT-00578,FIR-001444,2022-12-23,HIGH
WIT-00688,FIR-002464,2022-07-22,MEDIUM
WIT-00908,FIR-002859,2024-02-22,HIGH
WIT-00859,FIR-003277,2024-12-17,MEDIUM
WIT-01405,FIR-003169,2023-09-30,MEDIUM
WIT-00116,FIR-000862,2021-02-02,MEDIUM
WIT-00950,FIR-000862,2021-02-02,HIGH
WIT-01255,FIR-001509,2024-04-06,HIGH
WIT-00287,FIR-001509,2024-04-09,LOW
WIT-00598,FIR-001363,2021-06-30,MEDIUM
WIT-00010,FIR-002083,2025-04-27,LOW
WIT-01296,FIR-002093,2025-09-10,MEDIUM
WIT-01076,FIR-000319,2024-04-18,LOW
WIT-00243,FIR-000254,2021-07-25,HIGH
WIT-00704,FIR-002080,2025-03-03,HIGH
WIT-01354,FIR-002080,2025-02-28,HIGH
WIT-00286,FIR-003100,2024-08-09,HIGH
WIT-00240,FIR-003100,2024-08-13,MEDIUM
WIT-00570,FIR-003384,2021-04-21,LOW
WIT-00384,FIR-000550,2022-05-23,HIGH
WIT-00989,FIR-002720,2021-07-10,HIGH
WIT-00447,FIR-000625,2023-10-21,MEDIUM
WIT-00574,FIR-001830,2023-02-27,MEDIUM
WIT-00061,FIR-001830,2023-02-21,LOW
WIT-01282,FIR-001797,2022-07-17,HIGH
WIT-00602,FIR-003179,2024-03-23,HIGH
WIT-01402,FIR-001351,2021-04-01,HIGH
WIT-00051,FIR-001229,2021-05-12,MEDIUM
WIT-01349,FIR-003482,2021-12-27,LOW
WIT-00222,FIR-003482,2021-12-20,HIGH
WIT-00947,FIR-003145,2022-03-21,LOW
WIT-01233,FIR-003145,2022-03-18,HIGH
WIT-01002,FIR-001852,2023-07-08,HIGH
WIT-00337,FIR-002571,2023-10-28,HIGH
WIT-01198,FIR-002035,2023-04-25,HIGH
WIT-00928,FIR-002020,2022-08-15,HIGH
WIT-00872,FIR-002020,2022-08-06,MEDIUM
WIT-00599,FIR-001113,2021-08-05,MEDIUM
WIT-00820,FIR-001113,2021-07-30,LOW
WIT-01047,FIR-001525,2024-08-30,HIGH
WIT-01152,FIR-001525,2024-09-03,HIGH
WIT-00142,FIR-002353,2025-11-15,HIGH
WIT-00910,FIR-000737,2025-12-13,HIGH
WIT-01029,FIR-000737,2025-12-10,HIGH
WIT-00267,FIR-001516,2024-05-15,MEDIUM
WIT-00175,FIR-001163,2023-08-26,LOW
WIT-00679,FIR-001163,2023-09-03,HIGH
WIT-01342,FIR-002901,2024-12-08,MEDIUM
WIT-00469,FIR-002901,2024-12-14,LOW
WIT-01265,FIR-003533,2024-12-21,HIGH
WIT-00909,FIR-003533,2024-12-22,HIGH
WIT-00104,FIR-000517,2021-09-17,LOW
WIT-01460,FIR-000889,2022-03-26,MEDIUM
WIT-00097,FIR-002107,2021-07-30,HIGH
WIT-01193,FIR-001833,2023-03-24,MEDIUM
WIT-00650,FIR-000608,2023-06-21,HIGH
WIT-00280,FIR-001182,2024-05-11,HIGH
WIT-00034,FIR-003018,2024-10-07,MEDIUM
WIT-00709,FIR-003018,2024-10-06,HIGH
WIT-00978,FIR-003450,2025-02-27,HIGH
WIT-00551,FIR-003327,2022-12-05,HIGH
WIT-00038,FIR-003479,2021-11-21,HIGH
WIT-00171,FIR-003479,2021-11-26,HIGH
WIT-01175,FIR-003717,2025-11-27,LOW
WIT-01253,FIR-003717,2025-11-17,HIGH
WIT-01205,FIR-001977,2025-12-31,MEDIUM
WIT-00012,FIR-002442,2021-03-02,HIGH
WIT-00203,FIR-002442,2021-02-27,MEDIUM
WIT-00960,FIR-001925,2024-12-26,HIGH
WIT-00685,FIR-002522,2025-11-17,HIGH
WIT-00888,FIR-002522,2025-11-13,HIGH
WIT-01165,FIR-000158,2022-07-30,LOW
WIT-00137,FIR-000158,2022-07-29,MEDIUM
WIT-01157,FIR-000070,2023-12-06,MEDIUM
WIT-01358,FIR-002022,2022-09-23,LOW
WIT-00670,FIR-000255,2021-08-08,HIGH
WIT-00631,FIR-000255,2021-08-04,LOW
WIT-01435,FIR-002912,2025-03-30,HIGH
WIT-00516,FIR-001168,2023-10-11,MEDIUM
WIT-01128,FIR-001356,2021-04-12,HIGH
WIT-00543,FIR-001356,2021-04-21,HIGH
WIT-00590,FIR-001492,2023-11-02,HIGH
WIT-01197,FIR-001492,2023-11-11,MEDIUM
WIT-00955,FIR-002457,2021-12-09,MEDIUM
WIT-00159,FIR-001165,2023-09-27,MEDIUM
WIT-00166,FIR-001165,2023-09-25,MEDIUM
WIT-00981,FIR-002243,2024-07-19,MEDIUM
WIT-00387,FIR-001272,2023-03-07,MEDIUM
WIT-00461,FIR-001272,2023-03-10,HIGH
WIT-00664,FIR-002332,2024-09-27,HIGH
WIT-01423,FIR-002819,2023-05-07,MEDIUM
WIT-01482,FIR-003393,2021-10-25,HIGH
WIT-00362,FIR-003393,2021-10-26,MEDIUM
WIT-00421,FIR-001705,2025-05-02,HIGH
WIT-00395,FIR-001892,2024-04-21,HIGH
WIT-00413,FIR-001892,2024-04-21,MEDIUM
WIT-00227,FIR-001087,2025-06-23,HIGH
WIT-00019,FIR-002948,2025-11-12,HIGH
WIT-00563,FIR-000433,2024-01-11,MEDIUM
WIT-00837,FIR-001788,2022-04-15,LOW
WIT-01276,FIR-001747,2021-07-29,HIGH
WIT-00617,FIR-001747,2021-07-31,MEDIUM
WIT-00483,FIR-000544,2022-03-10,LOW
WIT-01122,FIR-000809,2023-11-29,HIGH
WIT-00318,FIR-002777,2022-08-24,HIGH
WIT-00769,FIR-002777,2022-08-28,LOW
WIT-01297,FIR-002309,2023-05-24,MEDIUM
WIT-00224,FIR-002309,2023-05-29,MEDIUM
WIT-00980,FIR-001397,2022-02-22,HIGH
WIT-00648,FIR-003229,2022-02-27,MEDIUM
WIT-01439,FIR-001728,2021-02-10,MEDIUM
WIT-01415,FIR-001728,2021-02-14,MEDIUM
WIT-00767,FIR-003608,2024-07-19,MEDIUM
WIT-00297,FIR-002002,2021-11-10,HIGH
WIT-00966,FIR-002002,2021-11-06,MEDIUM
WIT-00450,FIR-003660,2022-08-16,HIGH
WIT-01084,FIR-000631,2023-11-13,HIGH
WIT-00839,FIR-001352,2021-03-08,HIGH
WIT-00271,FIR-003313,2022-01-26,HIGH
WIT-01394,FIR-003313,2022-01-26,HIGH
WIT-00235,FIR-002401,2023-11-01,LOW
WIT-00740,FIR-000906,2022-11-14,MEDIUM
WIT-01159,FIR-000906,2022-11-18,MEDIUM
WIT-00165,FIR-001408,2022-04-22,MEDIUM
WIT-01270,FIR-001408,2022-04-25,MEDIUM
WIT-00220,FIR-003692,2024-06-24,HIGH
WIT-01085,FIR-000692,2025-02-01,MEDIUM
WIT-01223,FIR-000692,2025-02-02,HIGH
WIT-01412,FIR-003181,2024-06-02,MEDIUM
WIT-01409,FIR-001845,2023-07-03,MEDIUM
WIT-00756,FIR-001766,2021-12-07,HIGH
WIT-00856,FIR-003691,2024-05-26,HIGH
WIT-00225,FIR-003691,2024-05-28,MEDIUM
WIT-00448,FIR-001080,2025-02-20,MEDIUM
WIT-00468,FIR-003617,2025-01-02,MEDIUM
WIT-00765,FIR-003008,2024-02-20,HIGH
WIT-00262,FIR-003241,2022-11-25,HIGH
WIT-00512,FIR-000086,2024-07-12,MEDIUM
WIT-01174,FIR-000086,2024-07-09,HIGH
WIT-00587,FIR-001539,2024-10-25,HIGH
WIT-00376,FIR-001234,2021-07-29,MEDIUM
WIT-01318,FIR-003424,2023-09-25,HIGH
WIT-01073,FIR-003205,2025-10-23,MEDIUM
WIT-00055,FIR-000635,2023-12-10,MEDIUM
WIT-00414,FIR-000635,2023-12-10,HIGH
WIT-00815,FIR-003178,2024-02-25,MEDIUM
WIT-00488,FIR-000627,2023-10-16,MEDIUM
WIT-00627,FIR-000627,2023-10-22,MEDIUM
WIT-01061,FIR-002011,2022-04-10,MEDIUM
WIT-00537,FIR-000605,2023-06-20,HIGH
WIT-00794,FIR-002784,2022-09-19,LOW
WIT-00644,FIR-001978,2025-12-22,HIGH
WIT-00853,FIR-001978,2025-12-20,MEDIUM
WIT-00565,FIR-001628,2022-02-21,HIGH
WIT-00656,FIR-001477,2023-08-26,HIGH
WIT-00556,FIR-003297,2021-02-06,MEDIUM
WIT-00374,FIR-003297,2021-02-06,HIGH
WIT-00509,FIR-000258,2021-10-04,HIGH
WIT-01042,FIR-001160,2023-06-20,HIGH
WIT-01117,FIR-001507,2024-03-22,HIGH
WIT-01092,FIR-000464,2025-05-09,HIGH
WIT-00302,FIR-003710,2025-07-15,MEDIUM
WIT-01081,FIR-003710,2025-07-16,LOW
WIT-00310,FIR-003346,2023-12-31,MEDIUM
WIT-00211,FIR-000828,2024-08-31,MEDIUM
WIT-01447,FIR-001132,2022-05-05,MEDIUM
WIT-00726,FIR-000423,2023-08-26,HIGH
WIT-00791,FIR-002034,2023-04-03,HIGH
WIT-01377,FIR-002034,2023-04-04,MEDIUM
WIT-01364,FIR-002610,2026-01-05,MEDIUM
WIT-00443,FIR-002610,2026-01-07,HIGH
WIT-00169,FIR-000203,2024-06-29,MEDIUM
WIT-00462,FIR-000229,2025-08-02,LOW
WIT-00595,FIR-001389,2021-12-10,MEDIUM
WIT-01267,FIR-001159,2023-06-22,HIGH
WIT-01182,FIR-001494,2023-12-10,HIGH
WIT-00637,FIR-001378,2021-09-17,MEDIUM
WIT-00233,FIR-002277,2021-07-25,MEDIUM
WIT-01126,FIR-000986,2021-03-05,HIGH
WIT-00126,FIR-003238,2022-09-12,HIGH
WIT-01080,FIR-003238,2022-09-15,LOW
WIT-01316,FIR-001187,2024-09-01,MEDIUM
WIT-01385,FIR-003546,2025-10-11,HIGH
WIT-00610,FIR-001457,2023-04-28,MEDIUM
WIT-00071,FIR-001457,2023-04-19,HIGH
WIT-01471,FIR-003570,2022-03-25,MEDIUM
WIT-01055,FIR-003570,2022-03-20,LOW
WIT-00832,FIR-003273,2024-10-15,MEDIUM
WIT-00320,FIR-003273,2024-10-18,LOW
WIT-00473,FIR-001490,2023-12-08,HIGH
WIT-00361,FIR-001783,2022-03-18,MEDIUM
WIT-00314,FIR-000768,2022-03-03,HIGH
WIT-01347,FIR-000504,2021-06-23,HIGH
WIT-00941,FIR-000504,2021-06-30,HIGH
WIT-01309,FIR-001737,2021-05-13,MEDIUM
WIT-00146,FIR-002287,2021-12-16,LOW
WIT-00365,FIR-002287,2021-12-16,MEDIUM
WIT-00294,FIR-002718,2021-06-22,HIGH
WIT-00285,FIR-000880,2021-10-26,MEDIUM
WIT-01244,FIR-000834,2024-11-07,HIGH
WIT-00952,FIR-001528,2024-08-24,HIGH
WIT-01454,FIR-002696,2021-02-04,HIGH
WIT-00125,FIR-002696,2021-01-28,HIGH
WIT-00817,FIR-001982,2021-01-25,LOW
WIT-00004,FIR-001982,2021-01-28,HIGH
WIT-01112,FIR-002865,2024-04-21,MEDIUM
WIT-01038,FIR-002865,2024-04-19,LOW
WIT-00264,FIR-003131,2021-06-04,MEDIUM
WIT-01379,FIR-001699,2025-03-02,HIGH
WIT-00741,FIR-001699,2025-02-25,MEDIUM
WIT-00493,FIR-003218,2021-08-19,LOW
WIT-01163,FIR-003218,2021-08-16,MEDIUM
WIT-00671,FIR-002085,2025-05-06,HIGH
WIT-00673,FIR-003583,2023-01-04,HIGH
WIT-00098,FIR-003583,2023-01-04,HIGH
WIT-00702,FIR-002296,2022-08-09,MEDIUM
WIT-00924,FIR-002296,2022-08-03,HIGH
WIT-01127,FIR-003268,2024-07-15,HIGH
WIT-00854,FIR-003268,2024-07-07,HIGH
WIT-00106,FIR-002510,2025-02-11,HIGH
WIT-00943,FIR-001459,2023-04-17,HIGH
WIT-00619,FIR-003108,2025-01-08,MEDIUM
WIT-01160,FIR-000032,2022-04-29,HIGH
WIT-00569,FIR-001236,2021-08-24,HIGH
WIT-01093,FIR-003047,2021-07-08,MEDIUM
WIT-01082,FIR-002378,2022-06-08,LOW
WIT-00074,FIR-000376,2021-08-20,MEDIUM
WIT-00213,FIR-003282,2025-05-03,HIGH
WIT-00321,FIR-003282,2025-04-26,MEDIUM
WIT-01323,FIR-002060,2024-04-12,HIGH
WIT-00867,FIR-001710,2025-07-13,MEDIUM
WIT-00057,FIR-003110,2025-03-02,HIGH
WIT-00985,FIR-003110,2025-02-27,HIGH
WIT-01022,FIR-002940,2025-10-03,HIGH
WIT-00081,FIR-000209,2024-09-29,MEDIUM
WIT-01224,FIR-001204,2025-04-18,HIGH
WIT-00513,FIR-000823,2024-07-06,MEDIUM
WIT-01176,FIR-000326,2024-07-11,HIGH
WIT-01317,FIR-001941,2025-04-19,HIGH
WIT-00982,FIR-000364,2021-02-09,MEDIUM
WIT-01051,FIR-001518,2024-07-02,MEDIUM
WIT-00948,FIR-003351,2024-05-20,HIGH
WIT-00739,FIR-002788,2022-11-07,LOW
WIT-01195,FIR-001932,2025-01-13,HIGH
WIT-00913,FIR-001932,2025-01-07,MEDIUM
WIT-00922,FIR-002291,2022-04-08,HIGH
WIT-01192,FIR-001316,2024-12-20,LOW
WIT-01190,FIR-003138,2021-11-07,MEDIUM
WIT-00760,FIR-003138,2021-11-06,HIGH
WIT-01470,FIR-000650,2024-04-26,MEDIUM
WIT-01032,FIR-003527,2024-10-05,HIGH
WIT-01420,FIR-003527,2024-10-04,HIGH
WIT-00008,FIR-002564,2023-05-14,HIGH
WIT-00163,FIR-002564,2023-05-12,HIGH
WIT-01466,FIR-002942,2025-10-13,MEDIUM
WIT-00524,FIR-002372,2021-12-20,HIGH
WIT-00728,FIR-001872,2023-12-07,HIGH
WIT-00731,FIR-002389,2022-12-28,MEDIUM
WIT-00568,FIR-000949,2024-09-17,HIGH
WIT-00894,FIR-000914,2023-03-13,HIGH
WIT-00375,FIR-000914,2023-03-12,HIGH
WIT-01113,FIR-001602,2021-01-19,HIGH
WIT-00258,FIR-002278,2021-09-01,HIGH
WIT-00256,FIR-002278,2021-08-30,MEDIUM
WIT-01406,FIR-001572,2025-06-14,MEDIUM
WIT-00340,FIR-001572,2025-06-08,HIGH
WIT-00026,FIR-000190,2023-11-21,HIGH
WIT-00567,FIR-002524,2025-12-21,HIGH
WIT-01229,FIR-002793,2022-11-18,MEDIUM
WIT-00571,FIR-002793,2022-11-09,HIGH
WIT-00785,FIR-000994,2021-08-10,MEDIUM
WIT-01314,FIR-000281,2022-09-25,MEDIUM
WIT-00478,FIR-002738,2021-10-23,HIGH
WIT-00070,FIR-002786,2022-10-07,HIGH
WIT-01393,FIR-001722,2021-01-24,HIGH
WIT-01075,FIR-000148,2022-02-10,HIGH
WIT-00935,FIR-002145,2023-10-02,HIGH
WIT-00330,FIR-002145,2023-09-26,HIGH
WIT-00655,FIR-002359,2021-04-25,MEDIUM
WIT-00132,FIR-002121,2022-04-15,HIGH
WIT-00191,FIR-002074,2024-11-26,HIGH
WIT-00914,FIR-002238,2024-02-28,HIGH
WIT-00773,FIR-002238,2024-03-03,LOW
WIT-00323,FIR-001435,2022-11-01,LOW
WIT-00798,FIR-002647,2023-03-16,MEDIUM
WIT-01248,FIR-002647,2023-03-19,MEDIUM
WIT-01373,FIR-002783,2022-09-21,HIGH
WIT-00201,FIR-002783,2022-09-12,HIGH
WIT-00148,FIR-000101,2025-03-13,HIGH
WIT-00546,FIR-000361,2021-01-18,HIGH
WIT-01203,FIR-000361,2021-01-16,LOW
WIT-01275,FIR-000137,2021-09-17,HIGH
WIT-00308,FIR-001510,2024-04-10,HIGH
WIT-01247,FIR-003651,2022-01-02,MEDIUM
WIT-00219,FIR-003124,2025-12-27,HIGH
WIT-00428,FIR-002261,2025-08-19,HIGH
WIT-00939,FIR-000807,2023-10-29,HIGH
WIT-00356,FIR-003639,2021-04-11,MEDIUM
WIT-00290,FIR-000321,2024-05-26,MEDIUM
WIT-00463,FIR-000321,2024-05-19,MEDIUM
WIT-01336,FIR-000381,2021-12-06,LOW
WIT-00517,FIR-000381,2021-12-01,MEDIUM
WIT-00874,FIR-000443,2024-07-04,LOW
WIT-00341,FIR-001514,2024-05-12,MEDIUM
WIT-00696,FIR-001514,2024-05-11,MEDIUM
WIT-01136,FIR-000839,2025-03-01,MEDIUM
WIT-00946,FIR-000839,2025-03-09,HIGH
WIT-00632,FIR-000710,2025-06-09,MEDIUM
WIT-00970,FIR-000710,2025-06-07,LOW
WIT-00475,FIR-000180,2023-06-17,HIGH
WIT-00353,FIR-000663,2024-08-03,HIGH
WIT-01440,FIR-001663,2023-08-16,HIGH
WIT-01178,FIR-003315,2022-03-07,HIGH
WIT-00319,FIR-000199,2024-04-13,HIGH
WIT-00803,FIR-000136,2021-08-27,LOW
WIT-00393,FIR-002504,2024-10-27,HIGH
WIT-00581,FIR-003337,2023-08-24,HIGH
WIT-00861,FIR-000778,2022-07-05,HIGH
WIT-00044,FIR-002810,2023-03-14,MEDIUM
WIT-01172,FIR-003296,2021-01-26,MEDIUM
WIT-00669,FIR-003005,2023-12-18,MEDIUM
WIT-00827,FIR-003381,2021-01-11,MEDIUM
WIT-01301,FIR-002899,2024-11-20,LOW
WIT-00083,FIR-002899,2024-11-23,HIGH
WIT-00530,FIR-000890,2022-03-02,MEDIUM
WIT-01033,FIR-002338,2025-01-01,MEDIUM
WIT-01321,FIR-002338,2024-12-26,HIGH
WIT-00580,FIR-001776,2022-01-13,MEDIUM
WIT-01313,FIR-001776,2022-01-16,LOW
WIT-00504,FIR-000996,2021-08-25,LOW
WIT-00223,FIR-000996,2021-08-23,HIGH
WIT-00095,FIR-002048,2023-10-11,MEDIUM
WIT-00864,FIR-003604,2024-04-03,HIGH
WIT-01059,FIR-000175,2023-04-18,MEDIUM
WIT-01147,FIR-000758,2021-09-19,HIGH
WIT-01365,FIR-000010,2021-05-11,HIGH
WIT-00118,FIR-002727,2021-08-26,HIGH
WIT-01215,FIR-002727,2021-08-24,HIGH
WIT-00845,FIR-002741,2021-12-01,HIGH
WIT-00775,FIR-000968,2025-07-07,MEDIUM
WIT-01416,FIR-000968,2025-07-02,MEDIUM
WIT-00312,FIR-002226,2023-07-15,HIGH
WIT-00706,FIR-003214,2021-04-25,HIGH
WIT-01057,FIR-003214,2021-04-26,MEDIUM
WIT-00558,FIR-002607,2025-12-03,HIGH
WIT-00781,FIR-001834,2023-03-22,HIGH
WIT-00606,FIR-001834,2023-03-20,MEDIUM
WIT-00494,FIR-002125,2022-08-18,LOW
WIT-00477,FIR-000695,2025-02-25,MEDIUM
WIT-00651,FIR-000695,2025-03-01,HIGH
WIT-01086,FIR-002683,2025-05-14,HIGH
WIT-00202,FIR-002683,2025-05-07,LOW
WIT-00712,FIR-003257,2023-10-26,HIGH
WIT-00272,FIR-002293,2022-06-07,MEDIUM
WIT-00228,FIR-002181,2025-10-18,HIGH
WIT-00525,FIR-002519,2025-09-14,MEDIUM
WIT-00498,FIR-002519,2025-09-10,MEDIUM
WIT-00809,FIR-000866,2021-03-11,MEDIUM
WIT-00552,FIR-002164,2024-10-13,HIGH
WIT-00032,FIR-002164,2024-10-09,HIGH
WIT-01155,FIR-003495,2022-10-12,LOW
WIT-00077,FIR-001161,2023-07-29,MEDIUM
WIT-00818,FIR-001161,2023-08-04,LOW
WIT-01478,FIR-001843,2023-05-05,HIGH
WIT-00716,FIR-002129,2022-10-30,MEDIUM
WIT-00284,FIR-000407,2022-12-12,MEDIUM
WIT-01417,FIR-003084,2023-10-05,HIGH
WIT-00112,FIR-003097,2024-06-20,HIGH
WIT-00743,FIR-001689,2024-09-13,HIGH
WIT-00232,FIR-001855,2023-08-12,HIGH
WIT-00763,FIR-001771,2021-12-11,HIGH
WIT-00265,FIR-001656,2023-04-09,LOW
WIT-01095,FIR-001656,2023-04-06,MEDIUM
WIT-00593,FIR-003325,2022-10-19,HIGH
WIT-01118,FIR-003063,2022-06-24,HIGH
WIT-00994,FIR-003063,2022-06-20,HIGH
WIT-00995,FIR-001119,2021-10-14,MEDIUM
WIT-00007,FIR-000554,2022-06-26,LOW
WIT-01325,FIR-003028,2025-05-30,MEDIUM
WIT-01292,FIR-000033,2022-05-13,MEDIUM
WIT-01078,FIR-002227,2023-09-03,MEDIUM
WIT-01139,FIR-000953,2024-12-06,HIGH
WIT-01132,FIR-001225,2021-03-30,MEDIUM
WIT-01391,FIR-003401,2022-04-14,MEDIUM
WIT-01472,FIR-003220,2021-09-17,MEDIUM
WIT-01329,FIR-003220,2021-09-12,MEDIUM
WIT-01353,FIR-000380,2021-10-26,HIGH
WIT-00296,FIR-000761,2021-12-01,HIGH
WIT-01090,FIR-003402,2022-05-11,HIGH
WIT-00639,FIR-003402,2022-05-14,HIGH
WIT-00628,FIR-000764,2022-01-01,HIGH
WIT-00338,FIR-000764,2022-01-04,MEDIUM
WIT-00018,FIR-003043,2021-03-08,HIGH
WIT-00424,FIR-001658,2023-06-01,HIGH
WIT-01442,FIR-001782,2022-03-14,HIGH
WIT-00279,FIR-003522,2024-06-05,HIGH
WIT-00528,FIR-001970,2025-10-24,HIGH
WIT-01094,FIR-001140,2022-08-10,HIGH
WIT-00949,FIR-000610,2023-07-19,MEDIUM
WIT-00193,FIR-003421,2023-07-23,MEDIUM
WIT-00090,FIR-003377,2025-12-03,LOW
WIT-00786,FIR-003377,2025-11-28,HIGH
WIT-00204,FIR-001258,2022-07-16,MEDIUM
WIT-01307,FIR-001126,2022-02-03,HIGH
WIT-00234,FIR-003204,2025-09-29,HIGH
WIT-01381,FIR-001056,2024-02-16,HIGH
WIT-00369,FIR-003537,2025-04-14,HIGH
WIT-00641,FIR-002656,2023-10-19,HIGH
WIT-01445,FIR-002289,2022-02-21,HIGH
WIT-00154,FIR-002289,2022-02-19,MEDIUM
WIT-00792,FIR-000796,2023-04-22,HIGH
WIT-00348,FIR-002803,2023-02-02,HIGH
WIT-00058,FIR-000682,2024-11-30,HIGH
WIT-00870,FIR-002028,2022-12-18,MEDIUM
WIT-00371,FIR-002455,2021-12-01,HIGH
WIT-00111,FIR-001779,2022-02-23,LOW
WIT-00185,FIR-001665,2023-09-21,HIGH
WIT-00464,FIR-001665,2023-09-23,HIGH
WIT-00911,FIR-000982,2021-01-12,HIGH
WIT-01370,FIR-000982,2021-01-14,HIGH
WIT-01395,FIR-001812,2022-10-20,HIGH
WIT-01135,FIR-002433,2025-10-02,HIGH
WIT-00635,FIR-002668,2024-07-15,HIGH
WIT-00885,FIR-002668,2024-07-14,HIGH
WIT-00536,FIR-001341,2021-02-01,MEDIUM
WIT-01371,FIR-002123,2022-06-12,HIGH
WIT-00918,FIR-002123,2022-06-14,MEDIUM
WIT-00329,FIR-003147,2022-05-15,HIGH
WIT-00534,FIR-002798,2022-12-27,MEDIUM
WIT-01220,FIR-002839,2023-10-27,HIGH
WIT-00035,FIR-002839,2023-10-25,LOW
WIT-01389,FIR-002252,2025-01-04,MEDIUM
WIT-01014,FIR-001944,2025-04-22,HIGH
WIT-00761,FIR-001944,2025-04-23,LOW
WIT-01039,FIR-003405,2022-08-31,MEDIUM
WIT-00350,FIR-003405,2022-09-06,HIGH
WIT-00156,FIR-001239,2021-11-10,LOW
WIT-01441,FIR-001117,2021-09-10,MEDIUM
WIT-01161,FIR-002497,2024-06-21,MEDIUM
WIT-01008,FIR-002497,2024-06-22,MEDIUM
WIT-00281,FIR-003499,2022-12-28,HIGH
WIT-01362,FIR-003499,2023-01-05,HIGH
WIT-00331,FIR-003281,2025-03-11,MEDIUM
WIT-00152,FIR-001275,2023-04-23,HIGH
WIT-00735,FIR-001590,2025-10-27,HIGH
WIT-01330,FIR-001590,2025-11-02,HIGH
WIT-01067,FIR-002157,2024-06-05,MEDIUM
WIT-00136,FIR-003713,2025-10-07,HIGH
WIT-00919,FIR-002719,2021-06-16,LOW
WIT-00916,FIR-000362,2021-01-08,MEDIUM
WIT-01100,FIR-001254,2022-05-15,HIGH
WIT-01463,FIR-001054,2024-01-12,HIGH
WIT-01343,FIR-001054,2024-01-19,HIGH
WIT-00988,FIR-001573,2025-07-01,MEDIUM
WIT-01168,FIR-002498,2024-07-18,MEDIUM
WIT-00701,FIR-003128,2021-03-23,LOW
WIT-00842,FIR-002331,2024-09-20,MEDIUM
WIT-01333,FIR-002331,2024-09-27,HIGH
WIT-01231,FIR-002526,2021-01-20,MEDIUM
WIT-00510,FIR-002881,2024-08-05,MEDIUM
WIT-01278,FIR-001372,2021-08-07,MEDIUM
WIT-00162,FIR-001372,2021-08-08,MEDIUM
WIT-00388,FIR-001022,2022-10-01,HIGH
WIT-00379,FIR-001022,2022-10-03,LOW
WIT-01388,FIR-000377,2021-10-05,HIGH
WIT-00128,FIR-001340,2025-12-25,MEDIUM
WIT-01390,FIR-001340,2025-12-29,HIGH
WIT-01366,FIR-001353,2021-04-27,HIGH
WIT-00495,FIR-001791,2022-05-08,MEDIUM
WIT-00423,FIR-001791,2022-05-10,HIGH
WIT-00692,FIR-001653,2023-03-20,HIGH
WIT-00805,FIR-001274,2023-04-03,HIGH
WIT-01221,FIR-002678,2024-12-21,MEDIUM
WIT-00609,FIR-000591,2023-02-23,HIGH
WIT-01026,FIR-000591,2023-02-22,MEDIUM
WIT-01261,FIR-003567,2021-12-31,HIGH
WIT-00410,FIR-002520,2025-10-13,LOW
WIT-01044,FIR-001144,2022-10-04,MEDIUM
WIT-01149,FIR-000042,2022-09-06,LOW
WIT-01286,FIR-000042,2022-09-05,HIGH
WIT-00535,FIR-000626,2023-10-12,MEDIUM
WIT-00612,FIR-002567,2023-08-09,HIGH
WIT-01413,FIR-002567,2023-08-06,MEDIUM
WIT-01184,FIR-001552,2025-01-23,HIGH
WIT-00787,FIR-002390,2023-01-09,HIGH
WIT-00009,FIR-002390,2023-01-13,HIGH
WIT-00446,FIR-000046,2022-11-20,HIGH
WIT-00409,FIR-000046,2022-11-17,LOW
WIT-00554,FIR-002276,2021-06-27,HIGH
WIT-00737,FIR-002316,2023-10-15,MEDIUM
WIT-00788,FIR-001537,2024-10-20,HIGH
WIT-01209,FIR-001537,2024-10-19,MEDIUM
WIT-00962,FIR-001099,2025-12-24,LOW
WIT-00996,FIR-001099,2025-12-26,MEDIUM
WIT-00777,FIR-002414,2024-09-02,LOW
WIT-00124,FIR-001592,2025-12-04,MEDIUM
WIT-01148,FIR-001600,2025-12-09,MEDIUM
WIT-00398,FIR-001714,2025-09-17,MEDIUM
WIT-00457,FIR-002735,2021-10-13,HIGH
WIT-00991,FIR-002128,2022-09-30,LOW
WIT-01410,FIR-000262,2021-11-30,MEDIUM
WIT-00133,FIR-000499,2021-05-13,LOW
WIT-00397,FIR-000499,2021-05-18,MEDIUM
WIT-00703,FIR-002709,2021-05-05,MEDIUM
WIT-01429,FIR-002203,2022-01-20,MEDIUM
WIT-00138,FIR-000746,2021-03-05,MEDIUM
WIT-01131,FIR-000570,2022-09-20,LOW
WIT-00929,FIR-000570,2022-09-16,MEDIUM
WIT-00597,FIR-002362,2021-07-13,MEDIUM
WIT-00328,FIR-002362,2021-07-15,HIGH
WIT-01266,FIR-003532,2024-12-09,MEDIUM
WIT-01335,FIR-003125,2026-01-04,LOW
WIT-00385,FIR-002724,2021-08-28,LOW
WIT-01188,FIR-002663,2024-03-09,MEDIUM
WIT-01187,FIR-002582,2024-07-01,MEDIUM
WIT-00301,FIR-002582,2024-06-26,MEDIUM
WIT-00481,FIR-002645,2023-01-20,HIGH
WIT-00127,FIR-000559,2022-08-08,HIGH
WIT-00411,FIR-001091,2025-08-07,HIGH
WIT-00646,FIR-001091,2025-08-09,MEDIUM
WIT-01036,FIR-003175,2023-12-24,HIGH
WIT-00143,FIR-002295,2022-08-13,MEDIUM
WIT-00508,FIR-002010,2022-03-26,MEDIUM
WIT-00293,FIR-000563,2022-08-28,HIGH
WIT-00878,FIR-003080,2023-07-07,HIGH
WIT-01403,FIR-000215,2024-12-15,LOW
WIT-01102,FIR-000928,2023-10-28,MEDIUM
WIT-01109,FIR-001916,2024-10-17,HIGH
WIT-00046,FIR-001916,2024-10-10,HIGH
WIT-00200,FIR-000852,2025-08-13,MEDIUM
WIT-00354,FIR-000944,2024-07-05,LOW
WIT-01328,FIR-000944,2024-07-05,LOW
WIT-01430,FIR-003460,2025-10-19,HIGH
WIT-00900,FIR-003460,2025-10-12,HIGH
WIT-01058,FIR-002896,2024-11-16,HIGH
WIT-01239,FIR-002286,2021-12-31,MEDIUM
WIT-00400,FIR-001106,2021-03-14,HIGH
WIT-01452,FIR-000219,2025-02-22,HIGH
WIT-00416,FIR-001585,2025-09-17,HIGH
WIT-01096,FIR-001585,2025-09-17,MEDIUM
WIT-00295,FIR-002767,2022-05-26,HIGH
WIT-00547,FIR-002918,2025-04-20,HIGH
WIT-01485,FIR-002918,2025-04-19,MEDIUM
WIT-00780,FIR-000264,2021-12-14,MEDIUM
WIT-00691,FIR-000835,2024-12-30,HIGH
WIT-00196,FIR-002109,2021-09-04,HIGH
WIT-00869,FIR-001695,2024-12-08,HIGH
WIT-01320,FIR-002015,2022-06-22,HIGH
WIT-00184,FIR-002015,2022-06-23,MEDIUM
WIT-00442,FIR-003505,2023-06-29,MEDIUM
WIT-00930,FIR-002968,2021-10-24,HIGH
WIT-01103,FIR-002968,2021-10-25,LOW
WIT-01049,FIR-002134,2022-12-23,MEDIUM
WIT-00881,FIR-001339,2025-12-23,MEDIUM
WIT-00953,FIR-001339,2025-12-20,MEDIUM
WIT-00466,FIR-002031,2023-02-11,LOW
WIT-00368,FIR-002054,2024-01-19,MEDIUM
WIT-01279,FIR-002054,2024-01-13,MEDIUM
WIT-00298,FIR-001002,2021-12-04,HIGH
WIT-00017,FIR-000211,2024-10-21,HIGH
WIT-00674,FIR-001088,2025-06-15,MEDIUM
WIT-01411,FIR-001088,2025-06-12,MEDIUM
WIT-00682,FIR-003192,2024-12-14,HIGH
WIT-00147,FIR-003192,2024-12-12,LOW
WIT-00625,FIR-001343,2021-01-16,LOW
WIT-00161,FIR-002393,2023-04-21,HIGH
WIT-01419,FIR-002393,2023-04-16,MEDIUM
WIT-00291,FIR-001578,2025-08-12,HIGH
WIT-00529,FIR-002812,2023-04-06,MEDIUM
WIT-00998,FIR-003619,2025-01-27,HIGH
WIT-01322,FIR-002768,2022-06-25,MEDIUM
WIT-00714,FIR-001841,2023-05-09,MEDIUM
WIT-00452,FIR-002714,2021-05-15,HIGH
WIT-00886,FIR-001636,2022-06-25,LOW
WIT-00816,FIR-002670,2024-08-11,HIGH
WIT-00698,FIR-002670,2024-08-01,HIGH
WIT-00538,FIR-002729,2021-09-11,MEDIUM
WIT-00936,FIR-001524,2024-07-16,HIGH
WIT-01105,FIR-001524,2024-07-18,LOW
WIT-00848,FIR-001886,2024-03-09,MEDIUM
WIT-00072,FIR-002058,2024-04-06,HIGH
WIT-01250,FIR-001579,2025-08-19,MEDIUM
WIT-00681,FIR-002301,2022-11-06,MEDIUM
WIT-01407,FIR-002773,2022-08-04,LOW
WIT-00828,FIR-000009,2021-05-31,MEDIUM
WIT-01355,FIR-000009,2021-05-24,HIGH
WIT-00722,FIR-003215,2021-06-03,MEDIUM
WIT-01310,FIR-003557,2021-07-22,HIGH
WIT-00540,FIR-001382,2021-10-09,MEDIUM
WIT-01359,FIR-001382,2021-10-10,HIGH
WIT-00871,FIR-000275,2022-06-14,HIGH
WIT-00560,FIR-000275,2022-06-16,LOW
WIT-00484,FIR-000540,2022-02-20,MEDIUM
WIT-00079,FIR-001621,2021-11-24,MEDIUM
WIT-00526,FIR-001621,2021-11-16,HIGH
WIT-01293,FIR-003247,2023-03-16,HIGH
WIT-01024,FIR-001962,2025-09-27,MEDIUM
WIT-00155,FIR-002937,2025-09-22,MEDIUM
WIT-00088,FIR-001739,2021-05-18,HIGH
WIT-00834,FIR-001739,2021-05-09,MEDIUM
WIT-01348,FIR-003613,2024-10-11,MEDIUM
WIT-00519,FIR-002618,2021-08-26,HIGH
WIT-00028,FIR-001047,2023-11-02,HIGH
WIT-00212,FIR-002465,2022-08-16,MEDIUM
WIT-00562,FIR-001082,2025-03-21,HIGH
WIT-01249,FIR-003225,2021-12-07,HIGH
WIT-01487,FIR-001697,2025-01-16,HIGH
WIT-01213,FIR-001697,2025-01-22,MEDIUM
WIT-00013,FIR-000919,2023-06-20,HIGH
WIT-00865,FIR-000919,2023-06-17,HIGH
WIT-01464,FIR-000679,2024-10-20,HIGH
WIT-00101,FIR-000679,2024-10-24,HIGH
WIT-00289,FIR-003441,2024-10-01,MEDIUM
WIT-01432,FIR-000150,2022-04-02,MEDIUM
WIT-00183,FIR-000150,2022-03-30,LOW
WIT-01150,FIR-001506,2024-03-28,LOW
WIT-00705,FIR-001506,2024-03-31,HIGH
WIT-01210,FIR-001684,2024-06-22,MEDIUM
WIT-00736,FIR-001684,2024-06-26,MEDIUM
WIT-00591,FIR-000440,2024-04-29,HIGH
WIT-00100,FIR-003387,2021-07-25,MEDIUM
WIT-00829,FIR-001780,2022-02-12,HIGH
WIT-01378,FIR-001780,2022-02-10,HIGH
WIT-00793,FIR-003449,2025-01-16,HIGH
WIT-00042,FIR-000791,2023-03-02,MEDIUM
WIT-00216,FIR-001030,2023-01-15,MEDIUM
WIT-01438,FIR-001038,2023-05-31,MEDIUM
WIT-01262,FIR-001038,2023-05-31,MEDIUM
WIT-00699,FIR-000728,2025-10-25,HIGH
WIT-00583,FIR-000174,2023-03-09,HIGH
WIT-00236,FIR-000252,2021-06-15,LOW
WIT-00453,FIR-001196,2024-12-27,HIGH
WIT-00309,FIR-000619,2023-09-05,MEDIUM
WIT-00879,FIR-000360,2026-01-03,HIGH
WIT-01101,FIR-000360,2025-12-29,HIGH
WIT-00278,FIR-002806,2023-02-19,HIGH
WIT-01015,FIR-002090,2025-07-16,MEDIUM
WIT-01327,FIR-001767,2021-11-19,HIGH
WIT-01401,FIR-001815,2022-11-04,HIGH
WIT-00665,FIR-001815,2022-11-04,HIGH
WIT-00373,FIR-001025,2022-11-25,HIGH
WIT-01121,FIR-001025,2022-11-26,MEDIUM
WIT-00401,FIR-001868,2023-11-26,HIGH
WIT-01235,FIR-000409,2023-01-08,LOW
WIT-00472,FIR-001511,2024-04-10,LOW
WIT-00270,FIR-002976,2022-04-14,LOW
WIT-00249,FIR-002976,2022-04-13,HIGH
WIT-01259,FIR-000208,2024-08-16,HIGH
WIT-00130,FIR-001023,2022-10-24,MEDIUM
WIT-00099,FIR-001023,2022-10-21,HIGH
WIT-00884,FIR-001335,2025-10-23,HIGH
WIT-00242,FIR-001335,2025-10-23,HIGH
WIT-00226,FIR-000340,2025-03-04,MEDIUM
WIT-00345,FIR-002587,2024-09-24,MEDIUM
WIT-00192,FIR-003341,2023-10-12,HIGH
WIT-01162,FIR-003341,2023-10-11,HIGH
WIT-00652,FIR-003081,2023-07-21,HIGH
WIT-00880,FIR-003081,2023-07-24,MEDIUM
WIT-00151,FIR-002342,2025-04-10,HIGH
WIT-00759,FIR-003684,2023-11-15,HIGH
WIT-01130,FIR-003684,2023-11-15,HIGH
WIT-00122,FIR-001424,2022-08-08,MEDIUM
WIT-00471,FIR-001424,2022-08-05,MEDIUM
WIT-00068,FIR-002748,2022-02-04,HIGH
WIT-01230,FIR-002693,2025-11-18,HIGH
WIT-00849,FIR-000089,2024-10-02,HIGH
WIT-00372,FIR-001394,2022-01-25,LOW
WIT-00140,FIR-001675,2024-02-12,MEDIUM
WIT-00218,FIR-001533,2024-09-09,MEDIUM
WIT-00819,FIR-001533,2024-09-06,HIGH
WIT-00796,FIR-002570,2023-09-30,MEDIUM
WIT-01483,FIR-000415,2023-04-15,MEDIUM
WIT-01108,FIR-000965,2025-05-22,MEDIUM
WIT-01367,FIR-000917,2023-06-06,HIGH
WIT-00920,FIR-000917,2023-05-30,MEDIUM
WIT-00317,FIR-001297,2024-03-22,MEDIUM
WIT-00790,FIR-002242,2024-06-11,MEDIUM
WIT-00715,FIR-001309,2024-09-18,LOW
WIT-01070,FIR-000204,2024-06-12,MEDIUM
WIT-01450,FIR-003116,2025-08-17,HIGH
WIT-01387,FIR-000359,2025-12-14,HIGH
WIT-00965,FIR-003184,2024-08-11,HIGH
WIT-00150,FIR-003184,2024-08-05,MEDIUM
WIT-00979,FIR-001078,2025-01-09,MEDIUM
WIT-00437,FIR-001078,2025-01-17,HIGH
WIT-00107,FIR-000769,2022-03-23,MEDIUM
WIT-00085,FIR-000769,2022-03-22,MEDIUM
WIT-01306,FIR-002975,2022-03-13,LOW
WIT-01240,FIR-000762,2021-11-25,HIGH
WIT-00277,FIR-002305,2023-01-28,MEDIUM
WIT-00335,FIR-003714,2025-09-24,MEDIUM
WIT-00723,FIR-001949,2025-06-29,MEDIUM
WIT-01397,FIR-003422,2023-08-22,HIGH
WIT-00399,FIR-001683,2024-06-29,HIGH
WIT-01469,FIR-003144,2022-03-05,HIGH
WIT-00288,FIR-003600,2023-12-16,LOW
WIT-01414,FIR-003600,2023-12-21,MEDIUM
WIT-00451,FIR-002007,2022-02-28,HIGH
WIT-00315,FIR-002751,2022-02-05,HIGH
WIT-00172,FIR-002421,2024-11-26,HIGH
WIT-00866,FIR-002834,2023-09-17,HIGH
WIT-00208,FIR-000196,2024-02-11,MEDIUM
WIT-01465,FIR-000196,2024-02-14,LOW
WIT-00036,FIR-003011,2024-05-17,HIGH
WIT-00749,FIR-000528,2021-11-28,MEDIUM
WIT-01144,FIR-003718,2025-11-08,MEDIUM
WIT-00334,FIR-003559,2021-08-07,MEDIUM
WIT-01455,FIR-002245,2024-08-16,LOW
WIT-00303,FIR-000393,2022-05-18,HIGH
WIT-00638,FIR-000007,2021-04-12,HIGH
WIT-01312,FIR-003569,2022-02-11,MEDIUM
WIT-01099,FIR-000167,2022-12-09,MEDIUM
WIT-00016,FIR-002071,2024-11-03,LOW
WIT-00990,FIR-003321,2022-08-20,MEDIUM
WIT-00158,FIR-000318,2024-03-27,LOW
WIT-01009,FIR-000318,2024-03-24,HIGH
WIT-00887,FIR-002012,2022-04-15,LOW
WIT-01028,FIR-002012,2022-04-16,MEDIUM
WIT-01257,FIR-000178,2023-05-14,HIGH
WIT-00898,FIR-000157,2022-08-02,HIGH
WIT-01091,FIR-003232,2022-05-19,HIGH
WIT-00844,FIR-002894,2024-10-31,MEDIUM
WIT-01181,FIR-002894,2024-10-26,HIGH
WIT-01305,FIR-000520,2021-10-11,MEDIUM
WIT-00195,FIR-002471,2022-12-03,LOW
WIT-01179,FIR-002471,2022-12-09,HIGH
WIT-00248,FIR-000334,2024-12-02,LOW
WIT-00689,FIR-002166,2024-11-19,MEDIUM
WIT-00730,FIR-002166,2024-11-20,LOW
WIT-00075,FIR-003612,2024-09-21,HIGH
WIT-00766,FIR-001432,2022-10-16,LOW
WIT-01227,FIR-001432,2022-10-22,HIGH
WIT-00389,FIR-001881,2024-02-09,MEDIUM
WIT-01254,FIR-003388,2021-08-25,LOW
WIT-01185,FIR-003388,2021-08-22,LOW
WIT-01164,FIR-001211,2025-08-30,HIGH
WIT-00605,FIR-003206,2025-10-08,HIGH
WIT-01341,FIR-003206,2025-10-11,MEDIUM
WIT-00789,FIR-003055,2021-11-12,MEDIUM
WIT-00113,FIR-001483,2023-10-17,LOW
WIT-01145,FIR-002532,2021-08-01,HIGH
WIT-00768,FIR-002532,2021-07-29,HIGH
WIT-00190,FIR-002452,2021-10-13,HIGH
WIT-01110,FIR-002452,2021-10-13,HIGH
WIT-00194,FIR-003272,2024-09-07,MEDIUM
WIT-00954,FIR-003272,2024-09-11,HIGH
WIT-00725,FIR-001368,2021-08-02,MEDIUM
WIT-00603,FIR-003544,2025-09-21,HIGH
WIT-00378,FIR-003544,2025-09-19,MEDIUM
WIT-00141,FIR-001938,2025-04-06,LOW
WIT-00064,FIR-001938,2025-04-03,HIGH
WIT-00217,FIR-000078,2024-04-06,MEDIUM
WIT-00024,FIR-000739,2025-12-18,MEDIUM
WIT-01063,FIR-000739,2025-12-16,MEDIUM
WIT-00396,FIR-001440,2022-12-01,HIGH
WIT-00987,FIR-002525,2025-12-28,HIGH
WIT-00694,FIR-002525,2025-12-29,HIGH
WIT-01201,FIR-003418,2023-04-17,HIGH
WIT-00343,FIR-003418,2023-04-17,HIGH
WIT-00054,FIR-001759,2021-10-16,LOW
WIT-00001,FIR-000392,2022-04-09,HIGH
WIT-00647,FIR-003254,2023-10-04,HIGH
WIT-01489,FIR-001188,2024-08-11,MEDIUM
WIT-01056,FIR-001188,2024-08-09,HIGH
WIT-00458,FIR-000883,2021-12-23,MEDIUM
WIT-00206,FIR-000883,2021-12-28,MEDIUM
WIT-00003,FIR-002863,2024-03-10,MEDIUM
WIT-00822,FIR-002064,2024-06-18,MEDIUM
WIT-00852,FIR-000794,2023-04-04,HIGH
WIT-01114,FIR-003702,2024-12-19,HIGH
WIT-00269,FIR-003702,2024-12-12,HIGH
WIT-00764,FIR-001279,2023-06-06,HIGH
WIT-00444,FIR-000026,2022-02-04,HIGH
WIT-00441,FIR-003252,2023-08-17,HIGH
WIT-01451,FIR-001983,2021-02-27,MEDIUM
WIT-01234,FIR-003647,2021-10-15,MEDIUM
WIT-01284,FIR-001501,2024-02-20,HIGH
WIT-00643,FIR-001501,2024-02-23,MEDIUM
WIT-00252,FIR-000506,2021-08-04,HIGH
WIT-01421,FIR-000905,2022-11-22,MEDIUM
WIT-00087,FIR-000165,2022-11-22,MEDIUM
WIT-01252,FIR-003623,2025-05-19,HIGH
WIT-01154,FIR-003623,2025-05-18,HIGH
WIT-00144,FIR-000315,2024-02-29,HIGH
WIT-01337,FIR-000045,2022-11-23,HIGH
WIT-00838,FIR-000045,2022-11-30,MEDIUM
WIT-01129,FIR-002439,2025-12-18,HIGH
WIT-00720,FIR-000628,2023-11-21,HIGH
WIT-00642,FIR-003516,2023-12-26,HIGH
WIT-00830,FIR-000446,2024-07-28,MEDIUM
WIT-01369,FIR-001645,2022-11-07,HIGH
WIT-00487,FIR-003581,2022-11-28,MEDIUM
WIT-00091,FIR-002408,2024-03-01,MEDIUM
WIT-00693,FIR-001867,2023-10-18,HIGH
WIT-00238,FIR-001178,2024-03-13,MEDIUM
WIT-00364,FIR-001390,2021-12-25,HIGH
WIT-00382,FIR-000824,2024-07-02,HIGH
WIT-00167,FIR-000824,2024-07-05,HIGH
WIT-01431,FIR-001884,2024-02-05,MEDIUM
WIT-00168,FIR-000452,2024-10-29,HIGH
WIT-00251,FIR-000452,2024-10-27,HIGH
WIT-01194,FIR-001158,2023-05-11,MEDIUM
WIT-00882,FIR-001831,2023-02-07,MEDIUM
WIT-00942,FIR-000980,2025-12-13,MEDIUM
WIT-00566,FIR-003267,2024-06-04,LOW
WIT-00904,FIR-003142,2021-12-16,HIGH
WIT-00532,FIR-003102,2024-09-14,HIGH
WIT-00825,FIR-003626,2025-08-15,HIGH
WIT-00977,FIR-003626,2025-08-23,MEDIUM
WIT-00435,FIR-003624,2025-06-30,MEDIUM
WIT-00121,FIR-003624,2025-07-07,MEDIUM
WIT-01204,FIR-003040,2025-12-28,LOW
WIT-00614,FIR-003040,2025-12-24,LOW
WIT-00002,FIR-003508,2023-08-17,HIGH
WIT-00875,FIR-003508,2023-08-13,HIGH
WIT-00782,FIR-003487,2022-06-07,HIGH
WIT-00596,FIR-001156,2023-04-11,HIGH
WIT-01274,FIR-001156,2023-04-10,LOW
WIT-00860,FIR-001020,2022-08-19,MEDIUM
WIT-00636,FIR-000357,2025-11-20,LOW
WIT-00677,FIR-000736,2025-11-30,HIGH
WIT-00430,FIR-002958,2021-03-25,LOW
WIT-01315,FIR-001741,2021-06-06,HIGH
WIT-01119,FIR-003715,2025-10-16,MEDIUM
WIT-01068,FIR-003060,2022-03-12,HIGH
WIT-01428,FIR-001631,2022-04-07,MEDIUM
WIT-00131,FIR-001631,2022-04-03,HIGH
WIT-01437,FIR-003656,2022-04-02,MEDIUM
WIT-01034,FIR-003656,2022-04-01,MEDIUM
WIT-00482,FIR-000719,2025-08-17,MEDIUM
WIT-00066,FIR-000719,2025-08-20,HIGH
WIT-01352,FIR-000908,2022-12-10,MEDIUM
WIT-00729,FIR-000825,2024-07-20,LOW
WIT-00210,FIR-000825,2024-07-30,LOW
WIT-00383,FIR-001646,2022-11-02,MEDIUM
WIT-00230,FIR-000355,2025-10-15,HIGH
WIT-00363,FIR-001696,2024-12-14,MEDIUM
WIT-00676,FIR-001696,2024-12-13,LOW
WIT-01219,FIR-001458,2023-05-05,HIGH
WIT-00831,FIR-001392,2021-12-20,HIGH
WIT-01339,FIR-001392,2021-12-20,HIGH
WIT-00515,FIR-002891,2024-10-10,MEDIUM
WIT-00734,FIR-003523,2024-07-31,HIGH
WIT-00476,FIR-001715,2025-10-14,HIGH
WIT-00611,FIR-001715,2025-10-21,MEDIUM
WIT-00456,FIR-000597,2023-05-04,MEDIUM
WIT-00544,FIR-001027,2022-12-28,HIGH
WIT-00339,FIR-001859,2023-09-08,MEDIUM
WIT-01246,FIR-003024,2025-01-30,MEDIUM
WIT-00806,FIR-001359,2021-06-05,LOW
WIT-00575,FIR-001359,2021-05-27,HIGH
WIT-00799,FIR-001386,2021-12-08,HIGH
WIT-01212,FIR-000614,2023-08-26,MEDIUM
WIT-01169,FIR-001725,2021-02-21,HIGH
WIT-01048,FIR-003280,2025-02-03,MEDIUM
WIT-00093,FIR-000569,2022-09-16,MEDIUM
WIT-00491,FIR-000569,2022-09-11,LOW
WIT-01461,FIR-002928,2025-07-27,HIGH
WIT-00119,FIR-000992,2021-06-09,HIGH
WIT-00663,FIR-000992,2021-06-03,LOW
WIT-00324,FIR-001660,2023-06-12,HIGH
WIT-00810,FIR-002577,2024-01-04,LOW
WIT-00084,FIR-002577,2024-01-03,HIGH
WIT-01031,FIR-002892,2024-11-01,HIGH
WIT-00439,FIR-002892,2024-11-01,HIGH
WIT-01268,FIR-000236,2025-10-17,HIGH
WIT-00654,FIR-000236,2025-10-19,HIGH
WIT-01041,FIR-000590,2023-02-20,HIGH
WIT-00826,FIR-001863,2023-11-03,HIGH
WIT-01242,FIR-001863,2023-10-27,MEDIUM
WIT-00089,FIR-001287,2023-10-05,MEDIUM
WIT-00727,FIR-000462,2025-03-23,LOW
WIT-00541,FIR-000462,2025-03-19,HIGH
WIT-00503,FIR-003436,2024-06-07,MEDIUM
WIT-00561,FIR-002939,2025-09-19,MEDIUM
WIT-00912,FIR-001460,2023-04-27,HIGH
WIT-00485,FIR-003453,2025-05-28,MEDIUM
WIT-01030,FIR-002253,2024-12-12,HIGH
WIT-01363,FIR-001997,2021-09-26,MEDIUM
WIT-01083,FIR-003611,2024-09-11,HIGH
WIT-01216,FIR-001746,2021-07-06,LOW
WIT-00186,FIR-003182,2024-07-07,HIGH
WIT-01383,FIR-000012,2021-06-27,MEDIUM
WIT-00921,FIR-000012,2021-06-27,MEDIUM
WIT-00621,FIR-001308,2024-08-23,HIGH
WIT-01111,FIR-001308,2024-08-15,MEDIUM
WIT-00907,FIR-001894,2024-05-10,MEDIUM
WIT-00392,FIR-000312,2023-12-10,HIGH
WIT-01133,FIR-000291,2023-02-27,MEDIUM
WIT-00180,FIR-000291,2023-03-03,LOW
WIT-00707,FIR-000729,2025-10-14,LOW
WIT-00895,FIR-000341,2025-04-02,HIGH
WIT-00797,FIR-000341,2025-04-01,HIGH
WIT-00680,FIR-002141,2023-07-19,HIGH
WIT-01351,FIR-002141,2023-07-16,LOW
WIT-00062,FIR-000375,2021-08-10,HIGH
WIT-01173,FIR-001570,2025-06-15,HIGH
WIT-01027,FIR-002732,2021-09-16,HIGH
WIT-00268,FIR-002453,2021-10-07,HIGH
WIT-00667,FIR-000830,2024-09-23,MEDIUM
WIT-00117,FIR-000830,2024-09-23,HIGH
WIT-01125,FIR-002804,2023-02-24,HIGH
WIT-00903,FIR-002804,2023-03-02,LOW
WIT-01106,FIR-000987,2021-04-24,HIGH
WIT-00479,FIR-000987,2021-04-28,HIGH
WIT-01434,FIR-001495,2023-12-11,MEDIUM
WIT-01012,FIR-002855,2024-01-31,MEDIUM
WIT-00523,FIR-002878,2024-08-08,HIGH
WIT-00615,FIR-002878,2024-08-10,LOW
WIT-01177,FIR-000941,2024-05-27,HIGH
WIT-01474,FIR-000948,2024-08-20,MEDIUM
WIT-00858,FIR-000069,2023-11-25,HIGH
WIT-00557,FIR-002580,2024-04-10,HIGH
WIT-00506,FIR-002580,2024-04-13,HIGH
WIT-01006,FIR-003193,2024-12-04,MEDIUM
WIT-00717,FIR-003041,2021-01-13,HIGH
WIT-00585,FIR-003041,2021-01-08,HIGH
WIT-00030,FIR-002170,2025-02-27,MEDIUM
WIT-00221,FIR-001155,2023-04-05,HIGH
WIT-01146,FIR-002387,2022-11-12,HIGH
WIT-01308,FIR-001310,2024-09-25,HIGH
WIT-00750,FIR-001310,2024-09-17,MEDIUM
WIT-01356,FIR-000336,2024-12-24,LOW
WIT-01446,FIR-002996,2023-08-02,HIGH
WIT-00600,FIR-003314,2022-02-06,HIGH
WIT-01476,FIR-003635,2025-12-10,MEDIUM
WIT-00199,FIR-003497,2022-11-19,HIGH
WIT-01016,FIR-003053,2021-10-05,HIGH
WIT-00406,FIR-002383,2022-09-14,HIGH
WIT-01228,FIR-002383,2022-09-16,HIGH
WIT-00048,FIR-001216,2025-10-25,HIGH
WIT-01374,FIR-001216,2025-10-23,LOW
WIT-01263,FIR-000772,2022-04-29,HIGH
WIT-01467,FIR-003459,2025-09-26,HIGH
WIT-01418,FIR-000444,2024-06-11,HIGH
WIT-00992,FIR-000444,2024-06-06,HIGH
WIT-00188,FIR-003437,2024-07-02,HIGH
WIT-00573,FIR-000931,2023-12-30,MEDIUM
WIT-01291,FIR-000132,2021-06-30,HIGH
WIT-00744,FIR-000606,2023-07-05,HIGH
WIT-01258,FIR-001112,2021-06-21,HIGH
WIT-00732,FIR-000724,2025-09-09,HIGH
WIT-01053,FIR-001622,2021-11-15,HIGH
WIT-00961,FIR-001086,2025-05-04,LOW
WIT-01361,FIR-003096,2024-05-20,HIGH
WIT-00405,FIR-003504,2023-05-13,HIGH
WIT-01287,FIR-003711,2025-08-13,HIGH
WIT-01170,FIR-003531,2024-11-18,MEDIUM
WIT-01143,FIR-003531,2024-11-13,HIGH
WIT-00917,FIR-002675,2024-11-29,MEDIUM
WIT-00624,FIR-000453,2024-12-07,LOW
WIT-00634,FIR-000453,2024-12-04,MEDIUM
WIT-00847,FIR-002350,2025-10-20,HIGH
WIT-00316,FIR-002350,2025-10-24,MEDIUM
WIT-00426,FIR-003157,2022-11-26,HIGH
WIT-00906,FIR-000585,2023-01-30,HIGH
WIT-00047,FIR-000142,2021-11-09,HIGH
WIT-00812,FIR-000142,2021-11-11,HIGH
WIT-00883,FIR-001248,2022-02-13,HIGH
WIT-01064,FIR-000282,2022-09-09,HIGH
WIT-01124,FIR-000266,2022-01-25,LOW
WIT-00620,FIR-001323,2025-04-08,MEDIUM
WIT-00022,FIR-001323,2025-04-14,HIGH
WIT-01236,FIR-001249,2022-03-14,MEDIUM
WIT-00069,FIR-002230,2023-09-14,MEDIUM
WIT-00254,FIR-003666,2022-11-23,LOW
WIT-01189,FIR-000135,2021-08-28,MEDIUM
WIT-00197,FIR-001295,2024-03-03,HIGH
WIT-00011,FIR-003542,2025-08-24,HIGH
WIT-00802,FIR-003542,2025-08-18,MEDIUM
WIT-01368,FIR-000205,2024-08-08,HIGH
WIT-00873,FIR-002486,2023-10-14,HIGH
WIT-00134,FIR-000907,2022-12-30,MEDIUM
WIT-01226,FIR-000907,2023-01-02,HIGH
WIT-00438,FIR-000780,2022-08-29,MEDIUM
WIT-01156,FIR-000780,2022-08-29,HIGH
WIT-00549,FIR-001166,2023-09-21,MEDIUM
WIT-00926,FIR-001603,2021-03-04,LOW
WIT-01035,FIR-003443,2024-10-07,HIGH
WIT-00584,FIR-001016,2022-06-28,HIGH
WIT-00419,FIR-002911,2025-02-25,HIGH
WIT-00349,FIR-001707,2025-06-21,MEDIUM
WIT-00381,FIR-000832,2024-10-13,MEDIUM
WIT-01443,FIR-000976,2025-10-11,HIGH
WIT-00420,FIR-000027,2022-02-10,MEDIUM
WIT-00945,FIR-000027,2022-02-13,MEDIUM
WIT-01346,FIR-001294,2024-01-13,MEDIUM
WIT-00800,FIR-001975,2025-11-29,HIGH
WIT-00719,FIR-003366,2025-03-11,HIGH
WIT-00344,FIR-001240,2021-10-29,HIGH
WIT-01399,FIR-001240,2021-10-24,HIGH
WIT-00454,FIR-000793,2023-03-27,MEDIUM
WIT-00771,FIR-001907,2024-08-11,HIGH
WIT-01376,FIR-000217,2025-02-03,LOW
WIT-00779,FIR-002705,2021-03-28,HIGH
WIT-00418,FIR-002367,2021-10-28,LOW
WIT-00958,FIR-002213,2022-09-17,HIGH
WIT-00300,FIR-002213,2022-09-18,MEDIUM
WIT-01473,FIR-002680,2025-02-15,MEDIUM
WIT-00033,FIR-000490,2021-03-22,LOW
WIT-00187,FIR-000490,2021-03-23,MEDIUM
WIT-00307,FIR-001662,2023-07-26,MEDIUM
WIT-00110,FIR-003276,2024-11-29,MEDIUM
WIT-00065,FIR-000956,2024-12-13,MEDIUM
WIT-00445,FIR-001847,2023-06-18,HIGH
WIT-01005,FIR-001839,2023-04-30,LOW
WIT-01052,FIR-003137,2021-10-15,HIGH
WIT-00120,FIR-000601,2023-06-04,HIGH
WIT-00963,FIR-002835,2023-10-03,HIGH
WIT-00153,FIR-003663,2022-09-28,MEDIUM
WIT-00407,FIR-003670,2023-02-02,MEDIUM
WIT-00754,FIR-003670,2023-01-30,HIGH
WIT-01338,FIR-001105,2021-03-22,HIGH
WIT-01357,FIR-001806,2022-09-20,HIGH
WIT-00892,FIR-002955,2025-12-23,HIGH
WIT-00742,FIR-002955,2025-12-25,HIGH
WIT-00850,FIR-000456,2024-12-19,HIGH
WIT-00586,FIR-000754,2021-07-31,HIGH
WIT-00657,FIR-003294,2025-12-15,HIGH
WIT-00713,FIR-003294,2025-12-23,MEDIUM
WIT-01153,FIR-003234,2022-07-28,MEDIUM
WIT-01140,FIR-003111,2025-03-21,HIGH
WIT-00412,FIR-003151,2022-09-03,HIGH
WIT-00015,FIR-003151,2022-08-30,MEDIUM
WIT-00592,FIR-000918,2023-05-05,HIGH
WIT-01490,FIR-000870,2021-05-28,HIGH
WIT-00690,FIR-003680,2023-09-01,HIGH
WIT-01260,FIR-003003,2023-11-25,HIGH
WIT-00527,FIR-003003,2023-11-30,HIGH
WIT-01237,FIR-001928,2024-12-27,HIGH
WIT-01222,FIR-002877,2024-07-21,HIGH
WIT-00896,FIR-001840,2023-04-13,HIGH
WIT-00927,FIR-002209,2022-07-28,HIGH
WIT-01021,FIR-002209,2022-08-03,MEDIUM
WIT-01264,FIR-002868,2024-05-30,MEDIUM
WIT-00182,FIR-002868,2024-05-29,HIGH
WIT-00659,FIR-001560,2025-03-16,MEDIUM
WIT-00748,FIR-001560,2025-03-17,LOW
WIT-00668,FIR-002168,2024-12-28,MEDIUM
WIT-00522,FIR-000445,2024-07-21,HIGH
WIT-00073,FIR-000445,2024-07-17,HIGH
WIT-00520,FIR-001860,2023-09-11,LOW
WIT-00480,FIR-001860,2023-09-08,MEDIUM
WIT-00757,FIR-001551,2025-01-24,HIGH
WIT-00040,FIR-001551,2025-01-23,LOW
WIT-00347,FIR-002479,2023-05-18,MEDIUM
WIT-01167,FIR-002479,2023-05-16,MEDIUM
WIT-00394,FIR-001821,2023-01-05,MEDIUM
WIT-00986,FIR-001536,2024-10-18,LOW
WIT-00020,FIR-001536,2024-10-11,LOW
WIT-01098,FIR-000151,2022-04-24,LOW
WIT-00490,FIR-001453,2023-03-27,MEDIUM
WIT-00431,FIR-001453,2023-04-01,HIGH
WIT-00282,FIR-002476,2023-03-09,MEDIUM
WIT-00402,FIR-000387,2022-02-14,HIGH
WIT-00292,FIR-000387,2022-02-21,HIGH
WIT-01280,FIR-003318,2022-07-01,MEDIUM
WIT-01283,FIR-003468,2021-03-21,HIGH
WIT-01277,FIR-002306,2023-03-08,HIGH
WIT-00607,FIR-002306,2023-03-06,HIGH
WIT-00025,FIR-000979,2025-12-28,HIGH
WIT-00897,FIR-000979,2025-12-22,LOW
WIT-00824,FIR-000126,2021-03-19,HIGH
WIT-00774,FIR-000126,2021-03-21,HIGH
WIT-00333,FIR-000284,2022-10-07,HIGH
WIT-00342,FIR-000284,2022-10-08,HIGH
WIT-01141,FIR-000235,2025-11-01,HIGH
WIT-01171,FIR-001422,2022-08-12,MEDIUM
WIT-00041,FIR-001488,2023-11-27,HIGH
WIT-00862,FIR-002416,2024-09-17,MEDIUM
WIT-01360,FIR-002416,2024-09-10,HIGH
WIT-01462,FIR-000344,2025-04-03,LOW
WIT-01302,FIR-002581,2024-06-03,LOW
WIT-01211,FIR-002485,2023-09-20,HIGH
WIT-01422,FIR-002485,2023-09-19,HIGH
WIT-01345,FIR-002246,2024-09-22,HIGH
WIT-00700,FIR-003641,2021-06-10,HIGH
WIT-00076,FIR-001014,2022-06-01,HIGH
WIT-00245,FIR-001014,2022-06-03,LOW
WIT-00755,FIR-000302,2023-07-12,HIGH
WIT-00507,FIR-002000,2021-10-23,MEDIUM
WIT-01158,FIR-002412,2024-07-06,LOW
WIT-00956,FIR-000868,2021-04-17,HIGH
WIT-00029,FIR-001540,2024-11-12,LOW
WIT-00214,FIR-002771,2022-06-15,MEDIUM
WIT-01269,FIR-002047,2023-11-03,HIGH
WIT-00604,FIR-002047,2023-11-01,HIGH
WIT-00616,FIR-000115,2025-10-18,HIGH
WIT-00997,FIR-003620,2025-02-24,MEDIUM
WIT-00969,FIR-002467,2022-09-08,MEDIUM
WIT-00564,FIR-003065,2022-08-26,HIGH
WIT-00170,FIR-003350,2024-04-30,HIGH
WIT-00486,FIR-000177,2023-05-30,HIGH
WIT-00661,FIR-000177,2023-05-28,HIGH
WIT-00198,FIR-001580,2025-08-27,LOW
WIT-00973,FIR-001436,2022-11-29,HIGH
WIT-00326,FIR-001436,2022-12-01,HIGH
WIT-01311,FIR-001213,2025-10-01,HIGH
WIT-00123,FIR-001454,2023-03-24,HIGH
WIT-01065,FIR-000612,2023-08-01,HIGH
WIT-00662,FIR-001369,2021-09-05,HIGH
WIT-01186,FIR-002339,2025-01-06,HIGH
WIT-00901,FIR-002339,2025-01-05,HIGH
WIT-00937,FIR-002872,2024-06-28,MEDIUM
WIT-00762,FIR-002872,2024-07-05,HIGH
WIT-00964,FIR-003154,2022-10-03,HIGH
WIT-01191,FIR-003154,2022-10-11,HIGH
WIT-00846,FIR-001914,2024-09-15,HIGH
WIT-00006,FIR-003565,2021-12-06,HIGH
WIT-00833,FIR-002038,2023-05-31,HIGH
WIT-00260,FIR-001566,2025-05-21,HIGH
WIT-00139,FIR-002885,2024-10-07,HIGH
WIT-00276,FIR-000028,2022-03-01,MEDIUM
WIT-01218,FIR-002988,2023-01-06,HIGH
WIT-00835,FIR-001069,2024-09-15,LOW
WIT-00266,FIR-001606,2021-03-15,HIGH
WIT-00417,FIR-003340,2023-09-05,MEDIUM
WIT-01299,FIR-000051,2023-02-11,MEDIUM
WIT-00273,FIR-001921,2024-11-05,HIGH
WIT-01324,FIR-003681,2023-10-12,HIGH
WIT-00821,FIR-003681,2023-10-10,LOW
WIT-00695,FIR-001313,2024-11-26,LOW
WIT-00718,FIR-001313,2024-12-01,HIGH
WIT-01003,FIR-001743,2021-06-18,HIGH
WIT-00608,FIR-001743,2021-06-15,HIGH
WIT-00080,FIR-000603,2023-05-14,MEDIUM
WIT-00686,FIR-000747,2021-04-09,LOW
WIT-00465,FIR-001844,2023-06-06,MEDIUM
WIT-00063,FIR-001844,2023-05-31,HIGH
WIT-00784,FIR-000454,2024-11-13,HIGH
WIT-01062,FIR-000454,2024-11-09,HIGH
WIT-01380,FIR-002380,2022-08-04,HIGH
WIT-00005,FIR-002380,2022-08-09,MEDIUM
WIT-00351,FIR-000656,2024-05-13,HIGH
WIT-01468,FIR-002848,2023-12-08,MEDIUM
WIT-00933,FIR-002848,2023-12-11,HIGH
WIT-01294,FIR-000107,2025-06-11,MEDIUM
WIT-01196,FIR-003046,2021-06-28,HIGH
WIT-00890,FIR-003046,2021-06-26,MEDIUM
WIT-01481,FIR-001569,2025-07-02,LOW
WIT-00783,FIR-001569,2025-07-06,MEDIUM
WIT-00672,FIR-002646,2023-02-18,MEDIUM
WIT-00915,FIR-002646,2023-02-20,HIGH
WIT-00263,FIR-000497,2021-05-08,MEDIUM
WIT-01480,FIR-002299,2022-10-12,HIGH
WIT-00752,FIR-001787,2022-04-07,HIGH
WIT-00626,FIR-001787,2022-04-07,HIGH
WIT-00572,FIR-003083,2023-08-19,MEDIUM
WIT-01074,FIR-003083,2023-08-18,MEDIUM
WIT-01426,FIR-000082,2024-05-24,HIGH
WIT-01332,FIR-000082,2024-05-30,MEDIUM
WIT-00496,FIR-003336,2023-07-19,LOW
WIT-01424,FIR-000109,2025-08-03,MEDIUM
WIT-00931,FIR-002484,2023-09-10,HIGH
WIT-00306,FIR-000903,2022-10-16,HIGH
WIT-00177,FIR-000903,2022-10-15,HIGH
WIT-00497,FIR-001786,2022-04-21,HIGH
WIT-00053,FIR-003555,2021-05-29,HIGH
WIT-00518,FIR-003123,2025-11-23,HIGH
WIT-01054,FIR-000279,2022-08-08,MEDIUM
WIT-00027,FIR-000279,2022-08-09,MEDIUM
WIT-00181,FIR-002415,2024-08-04,MEDIUM
WIT-00738,FIR-001141,2022-09-17,LOW
WIT-01290,FIR-002876,2024-07-15,MEDIUM
WIT-01116,FIR-002876,2024-07-10,HIGH
WIT-00971,FIR-000015,2021-08-20,HIGH
WIT-00633,FIR-003240,2022-10-31,HIGH
WIT-01138,FIR-003240,2022-11-09,HIGH
WIT-00938,FIR-000276,2022-06-28,HIGH
WIT-00023,FIR-001915,2024-10-20,MEDIUM
WIT-01023,FIR-000201,2024-05-10,HIGH
WIT-00753,FIR-002489,2023-12-01,HIGH
WIT-01000,FIR-002489,2023-12-09,MEDIUM
WIT-01120,FIR-000805,2023-09-21,HIGH
WIT-01004,FIR-000557,2022-08-05,MEDIUM
WIT-00857,FIR-000557,2022-07-26,HIGH
WIT-00959,FIR-002551,2022-09-03,MEDIUM
WIT-01400,FIR-002551,2022-08-28,MEDIUM
WIT-01285,FIR-001664,2023-08-31,HIGH
WIT-00772,FIR-001664,2023-09-01,MEDIUM
WIT-00078,FIR-000689,2025-01-11,MEDIUM
WIT-00415,FIR-002161,2024-09-24,MEDIUM
WIT-00105,FIR-003602,2024-01-26,HIGH
WIT-01077,FIR-001412,2022-05-19,MEDIUM
WIT-00031,FIR-001412,2022-05-16,MEDIUM
WIT-00724,FIR-002146,2023-10-15,MEDIUM
WIT-00455,FIR-003304,2021-08-12,MEDIUM
WIT-00149,FIR-003304,2021-08-17,MEDIUM
WIT-00511,FIR-001905,2024-08-12,MEDIUM
WIT-00179,FIR-003264,2024-04-02,HIGH
WIT-00275,FIR-003264,2024-03-24,MEDIUM
WIT-01251,FIR-002952,2025-12-15,HIGH
WIT-00056,FIR-002952,2025-12-23,MEDIUM
WIT-01018,FIR-002860,2024-03-12,LOW
WIT-00710,FIR-002860,2024-03-08,LOW
WIT-00096,FIR-003463,2025-11-09,HIGH
WIT-00902,FIR-001137,2022-07-23,HIGH
WIT-00747,FIR-002555,2022-10-27,HIGH
WIT-01375,FIR-001902,2024-07-07,HIGH
WIT-00868,FIR-003357,2024-09-05,MEDIUM
WIT-00501,FIR-002544,2022-02-24,MEDIUM
WIT-01040,FIR-002544,2022-02-23,HIGH
WIT-00687,FIR-002075,2025-01-01,HIGH
WIT-01214,FIR-000531,2021-12-12,MEDIUM
WIT-01303,FIR-000531,2021-12-12,HIGH
WIT-01449,FIR-000412,2023-02-11,MEDIUM
WIT-00229,FIR-000431,2023-12-29,HIGH
WIT-01097,FIR-000431,2023-12-20,MEDIUM
WIT-00863,FIR-002307,2023-03-28,HIGH
WIT-01089,FIR-002307,2023-04-02,MEDIUM
WIT-00377,FIR-001376,2021-09-11,HIGH
WIT-00975,FIR-001376,2021-09-07,LOW
WIT-00460,FIR-001749,2021-08-16,HIGH
WIT-00940,FIR-001749,2021-08-19,LOW
WIT-00135,FIR-003483,2022-01-11,MEDIUM
WIT-01011,FIR-001644,2022-11-01,HIGH
WIT-00653,FIR-003031,2025-08-19,HIGH
WIT-00336,FIR-001778,2022-02-21,MEDIUM
WIT-01243,FIR-000116,2025-11-04,MEDIUM
WIT-00380,FIR-002575,2023-12-06,HIGH
WIT-01488,FIR-002575,2023-12-05,HIGH
WIT-00843,FIR-001842,2023-05-20,MEDIUM
WIT-01072,FIR-000829,2024-10-06,MEDIUM
WIT-00589,FIR-001303,2024-06-18,MEDIUM
WIT-01288,FIR-002436,2025-11-03,MEDIUM
WIT-01453,FIR-002436,2025-10-31,HIGH
WIT-00932,FIR-002943,2025-10-24,HIGH
WIT-00613,FIR-001599,2025-12-15,HIGH
WIT-01350,FIR-002592,2024-12-05,MEDIUM
WIT-00893,FIR-000460,2025-02-24,HIGH
WIT-00164,FIR-002429,2025-06-19,HIGH
WIT-00899,FIR-002429,2025-06-10,MEDIUM
WIT-01206,FIR-000686,2024-12-20,HIGH
WIT-00545,FIR-002540,2021-11-13,MEDIUM
WIT-00299,FIR-002540,2021-11-08,HIGH
WIT-00984,FIR-000152,2022-04-14,MEDIUM
WIT-01272,FIR-000152,2022-04-05,HIGH
WIT-01304,FIR-001451,2023-02-15,MEDIUM
WIT-01045,FIR-000493,2021-05-05,HIGH
WIT-01295,FIR-002847,2023-11-21,HIGH
WIT-00499,FIR-002623,2021-10-08,HIGH
WIT-01025,FIR-002459,2022-02-27,HIGH
WIT-00967,FIR-000984,2021-02-19,LOW
WIT-01007,FIR-000984,2021-02-13,MEDIUM
WIT-00021,FIR-003026,2025-03-11,MEDIUM
WIT-01232,FIR-001883,2024-02-20,HIGH
WIT-00425,FIR-001157,2023-05-15,LOW
WIT-00231,FIR-001157,2023-05-21,LOW
WIT-01479,FIR-003494,2022-10-25,HIGH
WIT-01142,FIR-000716,2025-07-12,HIGH
WIT-01281,FIR-000716,2025-07-13,MEDIUM
WIT-00386,FIR-001441,2022-12-22,HIGH
WIT-01037,FIR-001441,2022-12-18,HIGH
WIT-00972,FIR-002792,2022-11-07,MEDIUM
WIT-01046,FIR-002792,2022-11-03,MEDIUM
WIT-01202,FIR-000200,2024-04-07,MEDIUM
WIT-01107,FIR-000200,2024-04-15,HIGH
WIT-00114,FIR-003687,2024-01-18,HIGH
WIT-01060,FIR-003687,2024-01-15,MEDIUM
WIT-01486,FIR-001462,2023-05-20,HIGH
WIT-00189,FIR-001462,2023-05-19,MEDIUM
WIT-01123,FIR-000434,2024-01-20,MEDIUM
WIT-00553,FIR-000434,2024-01-18,MEDIUM
WIT-00514,FIR-002919,2025-04-28,MEDIUM
WIT-00207,FIR-002909,2025-02-25,HIGH
WIT-01344,FIR-001089,2025-07-07,HIGH
WIT-00390,FIR-002151,2024-01-01,HIGH
WIT-01134,FIR-003305,2021-09-21,MEDIUM
WIT-01331,FIR-001937,2025-03-30,HIGH
WIT-00325,FIR-002559,2023-01-02,HIGH
WIT-01225,FIR-002565,2023-06-24,LOW
WIT-01425,FIR-002218,2023-01-02,MEDIUM
WIT-00259,FIR-000495,2021-04-21,HIGH
WIT-01069,FIR-003610,2024-09-07,HIGH
WIT-00795,FIR-000536,2022-01-27,HIGH
WIT-00215,FIR-000536,2022-01-28,LOW
WIT-00360,FIR-000463,2025-04-18,MEDIUM
WIT-01404,FIR-002008,2022-02-22,MEDIUM
WIT-01382,FIR-003345,2023-12-18,LOW
WIT-00052,FIR-003345,2023-12-23,LOW
WIT-01020,FIR-001074,2024-11-14,MEDIUM
WIT-00778,FIR-002088,2025-06-22,HIGH
WIT-00579,FIR-003584,2022-12-10,LOW
WIT-00925,FIR-002755,2022-02-27,HIGH
WIT-00618,FIR-002045,2023-09-30,HIGH
WIT-00733,FIR-001848,2023-06-14,LOW
WIT-00951,FIR-000978,2025-11-26,HIGH
WIT-01183,FIR-001532,2024-09-15,HIGH
WIT-01137,FIR-001365,2021-07-02,HIGH
WIT-00109,FIR-002254,2025-01-25,MEDIUM
WIT-01300,FIR-003068,2022-10-01,HIGH
WIT-00246,FIR-003068,2022-09-29,HIGH
WIT-01271,FIR-000886,2022-01-10,MEDIUM
WIT-00257,FIR-000886,2022-01-09,HIGH
WIT-00660,FIR-002200,2021-12-06,HIGH
WIT-00629,FIR-000964,2025-04-09,MEDIUM
WIT-00649,FIR-000964,2025-04-06,MEDIUM
WIT-01166,FIR-003223,2021-10-14,LOW
WIT-00891,FIR-003223,2021-10-13,MEDIUM
WIT-01459,FIR-001584,2025-10-05,MEDIUM
WIT-01477,FIR-003705,2025-02-11,LOW
WIT-00274,FIR-001924,2024-11-29,MEDIUM
WIT-00209,FIR-003582,2022-11-20,HIGH
WIT-00505,FIR-000727,2025-10-30,LOW
WIT-00304,FIR-000727,2025-10-27,HIGH
WIT-00408,FIR-001437,2022-11-25,MEDIUM
WIT-01433,FIR-000593,2023-03-25,MEDIUM
WIT-00359,FIR-000593,2023-03-26,HIGH
WIT-00751,FIR-003166,2023-07-10,HIGH
WIT-00746,FIR-000329,2024-09-30,HIGH
WIT-00357,FIR-000820,2024-04-17,HIGH
WIT-00239,FIR-000820,2024-04-20,MEDIUM
WIT-00721,FIR-000253,2021-07-12,HIGH
WIT-00804,FIR-000253,2021-07-11,MEDIUM
WIT-00367,FIR-001557,2025-03-31,HIGH
WIT-00060,FIR-003668,2023-01-06,MEDIUM
WIT-01392,FIR-003668,2023-01-04,MEDIUM
WIT-01436,FIR-001745,2021-07-21,LOW
WIT-00808,FIR-002368,2021-10-16,HIGH
WIT-00923,FIR-002368,2021-10-17,HIGH
WIT-00355,FIR-000505,2021-07-30,LOW
WIT-01071,FIR-003071,2022-11-22,HIGH
WIT-00814,FIR-001563,2025-04-03,HIGH
WIT-01180,FIR-001563,2025-04-08,HIGH
WIT-00684,FIR-003618,2024-12-26,HIGH
WIT-00433,FIR-000459,2025-02-28,HIGH
WIT-00241,FIR-000459,2025-03-06,HIGH
WIT-00533,FIR-002365,2021-09-25,LOW
WIT-01217,FIR-000365,2021-03-20,MEDIUM
WIT-00082,FIR-002329,2024-09-01,LOW
WIT-01484,FIR-003167,2023-08-30,HIGH
WIT-00758,FIR-002357,2021-02-15,MEDIUM
WIT-00976,FIR-002419,2024-10-19,LOW
WIT-00851,FIR-000864,2021-02-15,MEDIUM
WIT-00261,FIR-003348,2024-02-06,MEDIUM
WIT-01384,FIR-003515,2023-12-19,MEDIUM
WIT-00745,FIR-000154,2022-05-11,HIGH
WIT-00905,FIR-000872,2021-06-16,LOW
WIT-00332,FIR-000872,2021-06-10,MEDIUM
WIT-00157,FIR-000313,2024-01-26,MEDIUM
WIT-01104,FIR-001005,2022-01-24,HIGH
WIT-00327,FIR-002274,2021-05-03,LOW
WIT-00944,FIR-001960,2025-09-08,MEDIUM
WIT-00429,FIR-001960,2025-09-07,MEDIUM
WIT-00683,FIR-002281,2021-09-09,HIGH
WIT-01043,FIR-000888,2022-03-05,MEDIUM
WIT-00934,FIR-000163,2022-10-22,HIGH
WIT-00346,FIR-000163,2022-10-25,HIGH
WIT-00352,FIR-001315,2024-12-20,MEDIUM
WIT-01372,FIR-001315,2024-12-17,MEDIUM
WIT-00974,FIR-001612,2021-07-01,MEDIUM
WIT-00622,FIR-001612,2021-07-02,HIGH
WIT-01386,FIR-002173,2025-05-24,HIGH
WIT-00601,FIR-002173,2025-05-19,HIGH
WIT-00449,FIR-002807,2023-02-09,LOW
WIT-00697,FIR-002112,2021-10-22,MEDIUM
WIT-00436,FIR-002112,2021-10-19,MEDIUM
WIT-01319,FIR-001956,2025-07-23,HIGH
WIT-01017,FIR-002403,2023-11-14,MEDIUM
WIT-01115,FIR-000951,2024-10-23,MEDIUM
WIT-00014,FIR-003082,2023-08-26,MEDIUM
WIT-00813,FIR-003472,2021-07-15,MEDIUM
WIT-00370,FIR-001358,2021-05-20,HIGH
WIT-00247,FIR-001358,2021-05-20,MEDIUM
WIT-00176,FIR-003547,2025-11-26,LOW
WIT-00403,FIR-001735,2021-05-03,HIGH
WIT-00983,FIR-000704,2025-04-19,MEDIUM
WIT-00836,FIR-003433,2024-02-25,LOW
WIT-00322,FIR-002637,2022-09-14,HIGH
WIT-00160,FIR-002637,2022-09-06,HIGH
WIT-00470,FIR-001134,2022-05-16,HIGH
WIT-01256,FIR-001134,2022-05-15,HIGH
WIT-01448,FIR-002249,2024-10-30,HIGH
WIT-00358,FIR-002377,2022-06-01,HIGH
WIT-01427,FIR-001039,2023-07-02,HIGH
WIT-00050,FIR-001967,2025-10-05,HIGH
WIT-00427,FIR-002066,2024-07-28,HIGH
WIT-00711,FIR-003269,2024-08-17,MEDIUM
WIT-01273,FIR-000466,2025-06-06,LOW
WIT-00045,FIR-003078,2023-05-01,HIGH
WIT-00678,FIR-003526,2024-09-24,HIGH
WIT-00623,FIR-003526,2024-09-28,LOW
WIT-00877,FIR-000646,2024-03-08,MEDIUM
WIT-00708,FIR-001652,2023-02-13,HIGH
WIT-00999,FIR-003150,2022-08-20,MEDIUM
WIT-01340,FIR-003383,2021-03-28,HIGH
WIT-01013,FIR-003655,2022-03-28,HIGH
WIT-00531,FIR-000501,2021-07-08,MEDIUM
WIT-00129,FIR-003347,2024-01-21,HIGH
WIT-00577,FIR-000946,2024-07-26,HIGH
WIT-00434,FIR-003562,2021-10-23,HIGH
WIT-00094,FIR-000523,2021-10-20,MEDIUM
WIT-00145,FIR-002884,2024-08-25,HIGH
WIT-00366,FIR-003284,2025-06-23,HIGH
WIT-00889,FIR-002759,2022-03-10,HIGH
WIT-00666,FIR-002759,2022-03-14,HIGH
WIT-01088,FIR-001805,2022-09-04,LOW
WIT-00582,FIR-001885,2024-03-24,MEDIUM
WIT-01207,FIR-002092,2025-08-25,HIGH
WIT-00313,FIR-002092,2025-08-29,MEDIUM
WIT-00115,FIR-001768,2021-11-13,LOW
WIT-00576,FIR-001375,2021-09-05,MEDIUM
WIT-00039,FIR-000034,2022-05-29,HIGH
WIT-00459,FIR-000034,2022-06-02,MEDIUM
WIT-01019,FIR-001001,2021-11-08,MEDIUM
WIT-01289,FIR-001135,2022-06-29,LOW
WIT-00968,FIR-001800,2022-07-15,HIGH
WIT-00059,FIR-001800,2022-07-13,HIGH
WIT-00840,FIR-001530,2024-09-12,LOW
WIT-00422,FIR-003506,2023-07-18,LOW
WIT-01050,FIR-001296,2024-02-23,LOW
WIT-00559,FIR-003183,2024-07-26,HIGH
WIT-00311,FIR-003183,2024-07-30,HIGH
WIT-00801,FIR-001976,2025-11-15,MEDIUM
WIT-00103,FIR-003058,2022-01-07,LOW
WIT-01398,FIR-003326,2022-11-08,HIGH
WIT-00067,FIR-000324,2024-06-29,MEDIUM
WIT-01238,FIR-001879,2024-01-22,MEDIUM
WIT-00489,FIR-001879,2024-01-21,HIGH
WIT-00092,FIR-001232,2021-06-06,LOW
WIT-00841,FIR-001232,2021-06-07,HIGH
WIT-00855,FIR-002960,2021-06-03,HIGH
WIT-01334,FIR-000304,2023-09-04,HIGH
WIT-00993,FIR-000304,2023-09-08,HIGH
WIT-00550,FIR-000515,2021-09-13,HIGH
WIT-00658,FIR-000515,2021-09-09,HIGH
WIT-01199,FIR-003270,2024-09-02,HIGH
WIT-00178,FIR-002554,2022-10-06,MEDIUM
WIT-01457,FIR-001237,2021-09-29,HIGH
WIT-00440,FIR-001237,2021-09-25,MEDIUM
WIT-00305,FIR-003658,2022-06-21,HIGH
WIT-00675,FIR-000846,2025-05-13,MEDIUM
WIT-01087,FIR-001433,2022-10-24,HIGH
WIT-00474,FIR-001015,2022-06-11,HIGH
WIT-00492,FIR-003502,2023-04-07,HIGH
WIT-00957,FIR-000314,2024-01-15,MEDIUM
WIT-00432,FIR-003159,2022-12-18,HIGH
WIT-00037,FIR-001354,2021-04-09,HIGH
WIT-00539,FIR-002304,2022-12-30,LOW
WIT-00594,FIR-002431,2025-08-27,HIGH
WIT-00404,FIR-000130,2021-05-11,LOW
WIT-00876,FIR-000577,2022-11-08,LOW
WIT-00108,FIR-001882,2024-03-01,MEDIUM
WIT-01458,FIR-000647,2024-03-26,MEDIUM
WIT-01396,FIR-000206,2024-07-08,HIGH
WIT-00250,FIR-003343,2023-12-01,HIGH
WIT-00244,FIR-002688,2025-09-11,HIGH
WIT-00253,FIR-003442,2024-09-22,HIGH
WIT-00807,FIR-003442,2024-09-25,MEDIUM
WIT-00645,FIR-000771,2022-04-21,MEDIUM
WIT-00237,FIR-001559,2025-03-09,HIGH
WIT-00205,FIR-001529,2024-09-01,MEDIUM
WIT-01066,FIR-003591,2023-08-04,LOW
WIT-01241,FIR-003372,2025-08-20,HIGH
WIT-00255,FIR-001711,2025-08-17,LOW
WIT-00588,FIR-002333,2024-10-17,MEDIUM
WIT-00173,FIR-001051,2023-12-31,HIGH
WIT-00811,FIR-001051,2023-12-30,MEDIUM
WIT-01456,FIR-000808,2023-11-01,LOW
WIT-00640,FIR-000818,2024-03-04,MEDIUM
WIT-01408,FIR-002915,2025-03-14,HIGH
WIT-00391,FIR-002915,2025-03-12,MEDIUM
WIT-01200,FIR-001667,2023-10-15,MEDIUM
WIT-01298,FIR-001667,2023-10-12,MEDIUM
WIT-00102,FIR-003697,2024-09-21,LOW
WIT-01001,FIR-003697,2024-09-23,MEDIUM
WIT-00630,FIR-001547,2024-12-28,HIGH
WIT-01151,FIR-001887,2024-03-31,HIGH
WIT-01245,FIR-001887,2024-04-03,MEDIUM
WIT-01475,FIR-000020,2021-10-13,HIGH
WIT-00521,FIR-002954,2025-12-19,MEDIUM
WIT-00086,FIR-002398,2023-08-04,HIGH
WIT-01010,FIR-002398,2023-08-10,HIGH
WIT-00823,FIR-001292,2023-12-15,HIGH
WIT-00776,FIR-001292,2023-12-12,HIGH
WIT-00467,FIR-001330,2025-08-07,LOW
WIT-00548,FIR-000068,2023-10-20,MEDIUM
WIT-00555,FIR-000068,2023-10-21,MEDIUM
WIT-00283,FIR-001638,2022-08-03,HIGH
WIT-01444,FIR-001638,2022-08-04,HIGH
WIT-01208,FIR-001116,2021-08-04,HIGH
WIT-00542,FIR-003669,2022-12-28,HIGH
WIT-01326,FIR-002682,2025-04-08,MEDIUM
WIT-00500,FIR-001090,2025-07-30,MEDIUM
WIT-00174,FIR-000435,2024-02-21,HIGH
WIT-00502,FIR-000248,2021-04-09,HIGH
WIT-01079,FIR-000248,2021-04-08,HIGH
WIT-00770,FIR-000277,2022-07-17,LOW
WIT-00043,FIR-000065,2023-10-03,HIGH
WIT-00049,FIR-002546,2022-04-23,MEDIUM
WIT-00578,FIR-002987,2022-11-14,HIGH
WIT-00688,FIR-001994,2021-07-25,MEDIUM
WIT-00908,FIR-001942,2025-04-10,MEDIUM
WIT-00859,FIR-001067,2024-08-11,LOW
WIT-01405,FIR-001067,2024-08-15,MEDIUM
WIT-00116,FIR-003135,2021-09-14,MEDIUM
WIT-00950,FIR-003135,2021-09-13,HIGH
WIT-01255,FIR-001429,2022-09-11,HIGH
WIT-00287,FIR-002495,2024-04-13,LOW
WIT-00598,FIR-002495,2024-04-12,HIGH
WIT-00010,FIR-003476,2021-09-10,HIGH
WIT-01296,FIR-003476,2021-09-09,HIGH
WIT-01076,FIR-000470,2025-07-07,HIGH
WIT-00243,FIR-000006,2021-03-29,MEDIUM
WIT-00704,FIR-000438,2024-03-30,MEDIUM
WIT-01354,FIR-000438,2024-03-21,HIGH
WIT-00286,FIR-002149,2023-11-18,MEDIUM
